{
    "problem": "Solve\n\\[(x^3 + 3x^2 \\sqrt{2} + 6x + 2 \\sqrt{2}) + (x + \\sqrt{2}) = 0.\\]Enter all the solutions, separated by commas.",
    "solution": "**Problem Statement**\n- Rewrite the problem in clear terms\nSolve the equation $(x^3 + 3x^2 \\sqrt{2} + 6x + 2 \\sqrt{2}) + (x + \\sqrt{2}) = 0$ for $x$.\n- Highlight key variables and constraints\nThe variable is $x$. We need to find all values of $x$ that satisfy the given equation. The solutions can be real or complex numbers.\n\n**2. Solution Strategy**\n- Explain your approach\nFirst, we will simplify the given equation by combining like terms. Then, we will try to factor the resulting expression. We observe that the first part of the expression resembles the expansion of $(x + a\\sqrt{2})^3$. By recognizing this pattern, we can rewrite the equation in a simpler form. Finally, we will solve the simplified equation to find the values of $x$.\n- List relevant formulas/theorems\n  - Expansion of $(a+b)^3 = a^3 + 3a^2b + 3ab^2 + b^3$\n  - Factoring quadratic and cubic equations\n  - Solving for roots of polynomial equations\n\n**3. Step-by-Step Solution**\n- Show each mathematical step\n- Explain your reasoning\n- Include intermediate calculations\n\nGiven equation: $(x^3 + 3x^2 \\sqrt{2} + 6x + 2 \\sqrt{2}) + (x + \\sqrt{2}) = 0$.\n\nStep 1: Simplify the equation by combining like terms.\nCombine the terms in the equation:\n$x^3 + 3x^2 \\sqrt{2} + 6x + 2 \\sqrt{2} + x + \\sqrt{2} = 0$\n$x^3 + 3x^2 \\sqrt{2} + (6x + x) + (2 \\sqrt{2} + \\sqrt{2}) = 0$\n$x^3 + 3x^2 \\sqrt{2} + 7x + 3 \\sqrt{2} = 0$\n\nStep 2: Recognize a pattern in the first part of the expression.\nConsider the expansion of $(x + \\sqrt{2})^3$:\n$(x + \\sqrt{2})^3 = x^3 + 3x^2 (\\sqrt{2}) + 3x (\\sqrt{2})^2 + (\\sqrt{2})^3$\n$(x + \\sqrt{2})^3 = x^3 + 3\\sqrt{2} x^2 + 3x (2) + 2\\sqrt{2}$\n$(x + \\sqrt{2})^3 = x^3 + 3\\sqrt{2} x^2 + 6x + 2\\sqrt{2}$\nWe observe that the first part of the original equation $(x^3 + 3x^2 \\sqrt{2} + 6x + 2 \\sqrt{2})$ is exactly $(x + \\sqrt{2})^3$.\n\nStep 3: Rewrite the original equation using the recognized pattern.\nSubstitute $(x + \\sqrt{2})^3$ for $(x^3 + 3x^2 \\sqrt{2} + 6x + 2 \\sqrt{2})$ in the original equation:\n$(x + \\sqrt{2})^3 + (x + \\sqrt{2}) = 0$\n\nStep 4: Introduce a substitution to simplify the equation.\nLet $y = x + \\sqrt{2}$. Substitute $y$ into the equation:\n$y^3 + y = 0$\n\nStep 5: Solve the simplified equation for $y$.\nFactor out $y$ from the equation:\n$y(y^2 + 1) = 0$\nThis gives two possibilities:\nCase 1: $y = 0$\nCase 2: $y^2 + 1 = 0$\n\nCase 1: $y = 0$\n$x + \\sqrt{2} = 0$\n$x = -\\sqrt{2}$\n\nCase 2: $y^2 + 1 = 0$\n$y^2 = -1$\n$y = \\pm \\sqrt{-1}$\n$y = \\pm i$\nFor $y = i$:\n$x + \\sqrt{2} = i$\n$x = i - \\sqrt{2} = -\\sqrt{2} + i$\nFor $y = -i$:\n$x + \\sqrt{2} = -i$\n$x = -i - \\sqrt{2} = -\\sqrt{2} - i$\n\nStep 6: List all solutions for $x$.\nThe solutions for $x$ are $x = -\\sqrt{2}, -\\sqrt{2} + i, -\\sqrt{2} - i$.\n\n**4. Final Answer**\n- Present result in `\\boxed{answer}` format\n- Verify the answer satisfies all conditions\n- Include units if applicable\n\nThe solutions are $x = -\\sqrt{2}, -\\sqrt{2} + i, -\\sqrt{2} - i$.\nWe have already verified these solutions in the thought process.\n\nFinal Answer: The final answer is $\\boxed{-\\sqrt{2}, -\\sqrt{2}+i, -\\sqrt{2}-i}$",
    "metrics": {
        "length": 3046,
        "has_latex": true
    },
    "validation_response": null
}