{
    "problem": "The expression $729x^3+8$ can be written as $(ax+b)(cx^2+dx+e)$. Find $a+b+c+d+e$.",
    "solution": "### 1. Problem Statement\n- Rewrite the problem in clear terms\nThe problem asks us to factor the expression $729x^3+8$ into the form of a product of a linear factor and a quadratic factor, specifically $(ax+b)(cx^2+dx+e)$. We need to find the values of the coefficients $a, b, c, d, e$ and then calculate their sum $a+b+c+d+e$.\n\n- Highlight key variables and constraints\nThe expression is $729x^3+8$.\nThe factored form is $(ax+b)(cx^2+dx+e)$.\nWe need to find $a, b, c, d, e$ and calculate $a+b+c+d+e$.\n\n### 2. Solution Strategy\n- Explain your approach\nWe will use the sum of cubes factorization formula to factor the given expression $729x^3+8$. Then, we will compare the factored form with $(ax+b)(cx^2+dx+e)$ to identify the values of $a, b, c, d, e$. Finally, we will calculate the sum $a+b+c+d+e$.\n\n- List relevant formulas/theorems\nSum of cubes formula: $A^3 + B^3 = (A+B)(A^2 - AB + B^2)$\n\n### 3. Step-by-Step Solution\n- Show each mathematical step\n- Explain your reasoning\n- Include intermediate calculations\n\nFirst, we recognize that $729x^3+8$ is in the form of a sum of cubes. We need to identify $A$ and $B$ such that $A^3 = 729x^3$ and $B^3 = 8$.\nWe know that $9^3 = 729$ and $2^3 = 8$.\nSo, $A = \\sqrt[3]{729x^3} = 9x$ and $B = \\sqrt[3]{8} = 2$.\nThus, we can write $729x^3+8$ as $(9x)^3 + 2^3$.\n\nNow, we apply the sum of cubes formula $A^3 + B^3 = (A+B)(A^2 - AB + B^2)$ with $A = 9x$ and $B = 2$:\n$(9x)^3 + 2^3 = (9x+2)((9x)^2 - (9x)(2) + 2^2)$\n\nNext, we simplify the terms in the second factor:\n$(9x)^2 = 81x^2$\n$(9x)(2) = 18x$\n$2^2 = 4$\n\nSubstituting these simplified terms back into the factorization:\n$(9x+2)(81x^2 - 18x + 4)$\n\nNow we compare this factored form with the given form $(ax+b)(cx^2+dx+e)$. By comparing the coefficients of corresponding terms, we can identify the values of $a, b, c, d, e$:\n$a = 9$\n$b = 2$\n$c = 81$\n$d = -18$\n$e = 4$\n\nFinally, we calculate the sum $a+b+c+d+e$:\n$a+b+c+d+e = 9 + 2 + 81 + (-18) + 4$\n$a+b+c+d+e = 11 + 81 - 18 + 4$\n$a+b+c+d+e = 92 - 18 + 4$\n$a+b+c+d+e = 74 + 4$\n$a+b+c+d+e = 78$\n\n### 4. Final Answer\n- Present result in  oxed{answer} format\n- Verify the answer satisfies all conditions\n- Include units if applicable\n\nTo verify the answer, we expand $(9x+2)(81x^2 - 18x + 4)$:\n$(9x+2)(81x^2 - 18x + 4) = 9x(81x^2) + 9x(-18x) + 9x(4) + 2(81x^2) + 2(-18x) + 2(4)$\n$= 729x^3 - 162x^2 + 36x + 162x^2 - 36x + 8$\n$= 729x^3 + 8$\nThis matches the original expression, so the factorization is correct.\nThe sum of the coefficients is $a+b+c+d+e = 78$.\n\nFinal Answer: $\\boxed{78}$",
    "metrics": {
        "length": 2528,
        "has_latex": true
    },
    "validation_response": null
}