{
    "problem": "Find all the solutions to\n\\[\\sqrt[3]{15x - 1} + \\sqrt[3]{13x + 1} = 4 \\sqrt[3]{x}.\\]Enter all the solutions, separated by commas.",
    "solution": "**1. Problem Statement**\n\nFind all solutions to the equation:\n\\[\\sqrt[3]{15x - 1} + \\sqrt[3]{13x + 1} = 4 \\sqrt[3]{x}.\\]\nThe variable is $x$, and we are looking for all real values of $x$ that satisfy this equation.\n\n**2. Solution Strategy**\n\nWe will first check if $x=0$ is a solution. If $x \\neq 0$, we can divide both sides by $\\sqrt[3]{x}$ and simplify the equation. Let $y = \\frac{1}{x}$. Then the equation will be in terms of $y$. We will solve for $y$ and then convert back to $x$. We will use the algebraic identity $a^3 + b^3 = (a+b)(a^2 - ab + b^2) = (a+b)((a+b)^2 - 3ab)$.\n\n**3. Step-by-Step Solution**\n\n**Step 1: Check if $x=0$ is a solution.**\nSubstitute $x=0$ into the original equation:\n\\[\\sqrt[3]{15(0) - 1} + \\sqrt[3]{13(0) + 1} = \\sqrt[3]{-1} + \\sqrt[3]{1} = -1 + 1 = 0\\]\n\\[4 \\sqrt[3]{0} = 0\\]\nSince $0 = 0$, $x=0$ is a solution.\n\n**Step 2: Assume $x \\neq 0$ and divide by $\\sqrt[3]{x}$.**\nDivide both sides of the equation by $\\sqrt[3]{x}$:\n\\[\\frac{\\sqrt[3]{15x - 1}}{\\sqrt[3]{x}} + \\frac{\\sqrt[3]{13x + 1}}{\\sqrt[3]{x}} = \\frac{4 \\sqrt[3]{x}}{\\sqrt[3]{x}}\\]\n\\[\\sqrt[3]{\\frac{15x - 1}{x}} + \\sqrt[3]{\\frac{13x + 1}{x}} = 4\\]\n\\[\\sqrt[3]{15 - \\frac{1}{x}} + \\sqrt[3]{13 + \\frac{1}{x}} = 4\\]\n\n**Step 3: Substitute $y = \\frac{1}{x}$.**\nLet $y = \\frac{1}{x}$. The equation becomes:\n\\[\\sqrt[3]{15 - y} + \\sqrt[3]{13 + y} = 4\\]\n\n**Step 4: Cube both sides and simplify.**\nLet $a = \\sqrt[3]{15 - y}$ and $b = \\sqrt[3]{13 + y}$. Then $a + b = 4$.\nCubing both sides of the equation $a+b=4$:\n$(a+b)^3 = 4^3$\n$a^3 + b^3 + 3ab(a+b) = 64$\n\nWe know $a^3 = 15 - y$ and $b^3 = 13 + y$.\n$a^3 + b^3 = (15 - y) + (13 + y) = 28$.\nSubstitute $a+b=4$ and $a^3 + b^3 = 28$ into the expanded cube equation:\n$28 + 3ab(4) = 64$\n$28 + 12ab = 64$\n$12ab = 64 - 28 = 36$\n$ab = \\frac{36}{12} = 3$\n\n**Step 5: Solve for $a$ and $b$.**\nWe have $a+b=4$ and $ab=3$.\nFrom $a+b=4$, $b = 4 - a$.\nSubstitute into $ab=3$: $a(4 - a) = 3$\n$4a - a^2 = 3$\n$a^2 - 4a + 3 = 0$\n$(a - 1)(a - 3) = 0$\nSo $a = 1$ or $a = 3$.\nIf $a = 1$, then $b = 4 - 1 = 3$.\nIf $a = 3$, then $b = 4 - 3 = 1$.\nThus, we have two pairs for $(a, b)$: $(1, 3)$ and $(3, 1)$.\n\n**Step 6: Solve for $y$ and then $x$.**\nCase 1: $a = 1$.\n$a = \\sqrt[3]{15 - y} = 1$\n$15 - y = 1^3 = 1$\n$y = 15 - 1 = 14$\n$x = \\frac{1}{y} = \\frac{1}{14}$.\n\nCase 2: $a = 3$.\n$a = \\sqrt[3]{15 - y} = 3$\n$15 - y = 3^3 = 27$\n$y = 15 - 27 = -12$\n$x = \\frac{1}{y} = \\frac{1}{-12} = -\\frac{1}{12}$.\n\n**Step 7: Verify the solutions.**\nWe already verified $x=0$.\nFor $x = \\frac{1}{14}$:\n$\\sqrt[3]{15(\\frac{1}{14}) - 1} + \\sqrt[3]{13(\\frac{1}{14}) + 1} = \\sqrt[3]{\\frac{15 - 14}{14}} + \\sqrt[3]{\\frac{13 + 14}{14}} = \\sqrt[3]{\\frac{1}{14}} + \\sqrt[3]{\\frac{27}{14}} = \\frac{1}{\\sqrt[3]{14}} + \\frac{3}{\\sqrt[3]{14}} = \\frac{4}{\\sqrt[3]{14}}$\n$4 \\sqrt[3]{\\frac{1}{14}} = \\frac{4}{\\sqrt[3]{14}}$.\nSo $x = \\frac{1}{14}$ is a solution.\n\nFor $x = -\\frac{1}{12}$:\n$\\sqrt[3]{15(-\\frac{1}{12}) - 1} + \\sqrt[3]{13(-\\frac{1}{12}) + 1} = \\sqrt[3]{-\\frac{5}{4} - 1} + \\sqrt[3]{-\\frac{13}{12} + 1} = \\sqrt[3]{-\\frac{9}{4}} + \\sqrt[3]{-\\frac{1}{12}} = -\\sqrt[3]{\\frac{9}{4}} - \\sqrt[3]{\\frac{1}{12}}$\n$4 \\sqrt[3]{-\\frac{1}{12}} = -4 \\sqrt[3]{\\frac{1}{12}}$\nWe need to check if $-\\sqrt[3]{\\frac{9}{4}} - \\sqrt[3]{\\frac{1}{12}} = -4 \\sqrt[3]{\\frac{1}{12}}$.\n$\\sqrt[3]{\\frac{9}{4}} + \\sqrt[3]{\\frac{1}{12}} = 4 \\sqrt[3]{\\frac{1}{12}}$\n$\\sqrt[3]{\\frac{9}{4}} = 3 \\sqrt[3]{\\frac{1}{12}} = \\sqrt[3]{3^3 \\cdot \\frac{1}{12}} = \\sqrt[3]{\\frac{27}{12}} = \\sqrt[3]{\\frac{9}{4}}$.\nSo $x = -\\frac{1}{12}$ is a solution.\n\n**4. Final Answer**\n\nThe solutions are $0, \\frac{1}{14}, -\\frac{1}{12}$.\n\nFinal Answer: The final answer is $\\boxed{0, 1/14, -1/12}$",
    "metrics": {
        "length": 3636,
        "has_latex": true
    },
    "validation_response": null
}