{
    "problem": "Let $f(x)=2x+1$. Find the sum of all $x$ that satisfy the equation $f^{-1}(x)=f(x^{-1})$.",
    "solution": "### Problem Statement\nGiven the function $f(x)=2x+1$, we are asked to find the sum of all values of $x$ that satisfy the equation $f^{-1}(x)=f(x^{-1})$.\n\nKey variables:\n- Function $f(x) = 2x+1$\n- Equation $f^{-1}(x)=f(x^{-1})$\n- Variable $x$ for which we need to solve the equation\n- Required sum of all solutions for $x$\n\n### Solution Strategy\n1. Find the inverse function $f^{-1}(x)$.\n2. Find the expression for $f(x^{-1})$.\n3. Set $f^{-1}(x)$ equal to $f(x^{-1})$ and solve for $x$.\n4. Sum all the values of $x$ obtained in step 3.\n\nRelevant formulas:\n- To find the inverse function $f^{-1}(x)$ of $y=f(x)$, we solve for $x$ in terms of $y$ and then swap $x$ and $y$.\n- $x^{-1} = \\frac{1}{x}$\n\n### Step-by-Step Solution\n1. **Find the inverse function $f^{-1}(x)$:**\n   Let $y = f(x) = 2x+1$. To find the inverse, we solve for $x$ in terms of $y$:\n   $y = 2x+1$\n   $y - 1 = 2x$\n   $x = \\frac{y-1}{2}$\n   So, $f^{-1}(y) = \\frac{y-1}{2}$. Replacing $y$ with $x$, we get $f^{-1}(x) = \\frac{x-1}{2}$.\n\n2. **Find the expression for $f(x^{-1})$:**\n   We substitute $x^{-1}$ into the function $f(x) = 2x+1$:\n   $f(x^{-1}) = 2(x^{-1}) + 1 = 2\\left(\\frac{1}{x}\\right) + 1 = \\frac{2}{x} + 1 = \\frac{2+x}{x}$.\n\n3. **Set $f^{-1}(x) = f(x^{-1})$ and solve for $x$:**\n   We set the expressions we found in steps 1 and 2 equal to each other:\n   $f^{-1}(x) = f(x^{-1})$\n   $\\frac{x-1}{2} = \\frac{2+x}{x}$\n   To solve for $x$, we multiply both sides by $2x$ to eliminate the denominators, assuming $x \\neq 0$:\n   $x(x-1) = 2(2+x)$\n   $x^2 - x = 4 + 2x$\n   Move all terms to one side to form a quadratic equation:\n   $x^2 - x - 2x - 4 = 0$\n   $x^2 - 3x - 4 = 0$\n   Now we solve this quadratic equation. We can factor it:\n   $(x-4)(x+1) = 0$\n   This gives us two possible solutions for $x$:\n   $x-4 = 0 \\implies x = 4$\n   $x+1 = 0 \\implies x = -1$\n\n4. **Sum all the values of $x$:**\n   The solutions are $x = 4$ and $x = -1$. The sum of these solutions is:\n   Sum $= 4 + (-1) = 3$.\n\n5. **Verify the solutions:**\n   For $x=4$:\n   $f^{-1}(4) = \\frac{4-1}{2} = \\frac{3}{2}$\n   $f(4^{-1}) = f(\\frac{1}{4}) = 2(\\frac{1}{4}) + 1 = \\frac{1}{2} + 1 = \\frac{3}{2}$\n   $f^{-1}(4) = f(4^{-1})$, so $x=4$ is a solution.\n\n   For $x=-1$:\n   $f^{-1}(-1) = \\frac{-1-1}{2} = \\frac{-2}{2} = -1$\n   $f((-1)^{-1}) = f(-1) = 2(-1) + 1 = -2 + 1 = -1$\n   $f^{-1}(-1) = f((-1)^{-1})$, so $x=-1$ is a solution.\n\nBoth solutions are valid and we have found all possible solutions for the quadratic equation.\n\n### Final Answer\nThe sum of all $x$ that satisfy the equation $f^{-1}(x)=f(x^{-1})$ is $\\boxed{3}$.",
    "metrics": {
        "length": 2564,
        "has_latex": true
    },
    "validation_response": null
}