{
    "problem": "Let $a_1, a_2, \\ldots$ be a sequence with the following properties.\n\n(i) $a_1 = 1$, and\n\n(ii) $a_{2n}=n\\cdot a_n$ for any positive integer $n$.\n\nWhat is the value of $a_{2^{100}}$?",
    "solution": "### Problem:\n1. **Problem Statement**\nThe problem defines a sequence $a_1, a_2, \\ldots$ with two given properties:\n(i) The first term is $a_1 = 1$.\n(ii) For any positive integer $n$, the term $a_{2n}$ is given by the formula $a_{2n} = n \\cdot a_n$.\nWe are asked to find the value of the term $a_{2^{100}}$.\n\nKey variables:\n- Sequence $a_1, a_2, \\ldots$\n- Initial condition: $a_1 = 1$\n- Recurrence relation: $a_{2n} = n \\cdot a_n$\n- Target value: $a_{2^{100}}$\n\n### 2. **Solution Strategy**\nWe will use the recurrence relation $a_{2n} = n \\cdot a_n$ repeatedly to find a pattern for terms of the form $a_{2^k}$.\nLet's calculate the first few terms of the sequence with indices that are powers of 2 to identify a pattern. We will then generalize this pattern to find $a_{2^{100}}$.\nWe can set $n = 2^{k-1}$ in the recurrence relation to get a relation between $a_{2^k}$ and $a_{2^{k-1}}$.\n\n### 3. **Step-by-Step Solution**\nWe are given $a_1 = 1$.\nFor $n=1$, $a_{2 \\cdot 1} = 1 \\cdot a_1 = 1 \\cdot 1 = 1$. So $a_2 = 1$.\nFor $n=2$, $a_{2 \\cdot 2} = 2 \\cdot a_2 = 2 \\cdot 1 = 2$. So $a_4 = 2$.\nFor $n=4$, $a_{2 \\cdot 4} = 4 \\cdot a_4 = 4 \\cdot 2 = 8$. So $a_8 = 8$.\nFor $n=8$, $a_{2 \\cdot 8} = 8 \\cdot a_8 = 8 \\cdot 8 = 64$. So $a_{16} = 64$.\n\nLet's consider the terms $a_{2^k}$.\nFor $k=0$, $a_{2^0} = a_1 = 1$.\nFor $k=1$, $a_{2^1} = a_2 = 1$.\nFor $k=2$, $a_{2^2} = a_4 = 2$.\nFor $k=3$, $a_{2^3} = a_8 = 8$.\nFor $k=4$, $a_{2^4} = a_{16} = 64$.\n\nUsing the recurrence relation $a_{2n} = n \\cdot a_n$, let $n = 2^{k-1}$. Then $a_{2 \\cdot 2^{k-1}} = 2^{k-1} \\cdot a_{2^{k-1}}$.\nSo, $a_{2^k} = 2^{k-1} \\cdot a_{2^{k-1}}$.\n\nLet $b_k = a_{2^k}$. Then the recurrence relation becomes $b_k = 2^{k-1} \\cdot b_{k-1}$.\nWe know $b_0 = a_{2^0} = a_1 = 1$.\n$b_1 = 2^{1-1} \\cdot b_0 = 2^0 \\cdot b_0 = 1 \\cdot 1 = 1$.\n$b_2 = 2^{2-1} \\cdot b_1 = 2^1 \\cdot b_1 = 2 \\cdot 1 = 2$.\n$b_3 = 2^{3-1} \\cdot b_2 = 2^2 \\cdot b_2 = 4 \\cdot 2 = 8$.\n$b_4 = 2^{4-1} \\cdot b_3 = 2^3 \\cdot b_3 = 8 \\cdot 8 = 64$.\n\nWe can expand the recurrence relation:\n$b_k = 2^{k-1} \\cdot b_{k-1} = 2^{k-1} \\cdot (2^{k-2} \\cdot b_{k-2}) = 2^{k-1} \\cdot 2^{k-2} \\cdot (2^{k-3} \\cdot b_{k-3}) = \\cdots = 2^{k-1} \\cdot 2^{k-2} \\cdot \\ldots \\cdot 2^1 \\cdot 2^0 \\cdot b_0$ if we go down to $b_0$. But we should stop at $b_1$ as we started from $k=1$ index for the power of 2 in the base.\n$b_k = 2^{k-1} \\cdot 2^{k-2} \\cdot \\ldots \\cdot 2^1 \\cdot b_1$\n$b_k = 2^{(k-1) + (k-2) + \\ldots + 1} \\cdot b_1$\nThe sum of the exponents is the sum of the arithmetic series $1+2+\\ldots+(k-1) = \\frac{(k-1)((k-1)+1)}{2} = \\frac{(k-1)k}{2} = \\frac{k(k-1)}{2}$.\nSince $b_1 = 1$, we have $b_k = 2^{\\frac{k(k-1)}{2}}$.\nWe want to find $a_{2^{100}}$, which is $b_{100}$.\n$a_{2^{100}} = b_{100} = 2^{\\frac{100(100-1)}{2}} = 2^{\\frac{100 \\cdot 99}{2}} = 2^{50 \\cdot 99} = 2^{4950}$.\n\n### 4. **Final Answer**\nFinal Answer: The final answer is $\\boxed{2^{4950}}$",
    "metrics": {
        "length": 2880,
        "has_latex": true
    },
    "validation_response": null
}