{
    "problem": "A function $f:\\mathbb{Z} \\to \\mathbb{Z}$ satisfies\n\\begin{align*}\nf(x+4)-f(x) &= 8x+20, \\\\\nf(x^2-1) &= (f(x)-x)^2+x^2-2\n\\end{align*}for all integers $x.$  Enter the ordered pair $(f(0),f(1)).$",
    "solution": "## Solution:\n\n**1. Problem Statement**\n\nGiven a function $f:\\mathbb{Z} \\to \\mathbb{Z}$ that satisfies the following two conditions for all integers $x$:\n\\begin{enumerate}\n    \\item $f(x+4)-f(x) = 8x+20$\n    \\item $f(x^2-1) = (f(x)-x)^2+x^2-2$\n\\end{enumerate}\nWe need to find the ordered pair $(f(0),f(1)).$\n\n**Key Variables and Constraints:**\n- $f$ is a function from integers to integers.\n- Two equations must be satisfied for all integers $x$.\n- We need to find the values of $f(0)$ and $f(1)$.\n\n**2. Solution Strategy**\n\nFirst, we analyze the first condition $f(x+4)-f(x) = 8x+20$. This is a linear difference equation. We assume a polynomial form for $f(x)$ based on the linear term on the right-hand side. We expect $f(x)$ to be a quadratic polynomial.\nLet $f(x) = ax^2+bx+c$. We will substitute this form into the first equation to find the coefficients $a$ and $b$.\nThen, we substitute the form of $f(x)$ into the second equation to determine the coefficient $c$.\nFinally, we calculate $f(0)$ and $f(1)$ using the determined function $f(x)$.\n\n**3. Step-by-Step Solution**\n\n**Step 1: Assume a quadratic form for $f(x)$ and use the first condition.**\nLet $f(x) = ax^2+bx+c$.\nThen $f(x+4) = a(x+4)^2+b(x+4)+c = a(x^2+8x+16)+b(x+4)+c = ax^2+8ax+16a+bx+4b+c$.\n$f(x+4)-f(x) = (ax^2+8ax+16a+bx+4b+c) - (ax^2+bx+c) = 8ax+16a+4b$.\nWe are given $f(x+4)-f(x) = 8x+20$.\nComparing coefficients of $x$: $8a = 8 \\implies a=1$.\nComparing constant terms: $16a+4b = 20 \\implies 16(1)+4b = 20 \\implies 4b = 4 \\implies b=1$.\nSo, $f(x) = x^2+x+c$ for some constant $c$.\n\n**Step 2: Use the second condition to find $c$.**\nSubstitute $f(x) = x^2+x+c$ into the second condition $f(x^2-1) = (f(x)-x)^2+x^2-2$.\nLeft side: $f(x^2-1) = (x^2-1)^2+(x^2-1)+c = x^4-2x^2+1+x^2-1+c = x^4-x^2+c$.\nRight side: $(f(x)-x)^2+x^2-2 = (x^2+x+c-x)^2+x^2-2 = (x^2+c)^2+x^2-2 = (x^4+2cx^2+c^2)+x^2-2 = x^4+(2c+1)x^2+c^2-2$.\nEquating both sides: $x^4-x^2+c = x^4+(2c+1)x^2+c^2-2$.\nFor this equality to hold for all integers $x$, the coefficients of corresponding powers of $x$ must be equal.\nComparing coefficients of $x^2$: $-1 = 2c+1 \\implies 2c = -2 \\implies c = -1$.\nComparing constant terms: $c = c^2-2 \\implies -1 = (-1)^2-2 = 1-2 = -1$.\nThe value $c=-1$ satisfies both coefficient comparisons.\nThus, $f(x) = x^2+x-1$.\n\n**Step 3: Calculate $f(0)$ and $f(1)$.**\n$f(0) = 0^2+0-1 = -1$.\n$f(1) = 1^2+1-1 = 1$.\nThe ordered pair is $(f(0), f(1)) = (-1, 1)$.\n\n**Step 4: Verify the solution.**\nWe have $f(x) = x^2+x-1$.\nCondition 1: $f(x+4)-f(x) = ((x+4)^2+(x+4)-1) - (x^2+x-1) = (x^2+9x+19)-(x^2+x-1) = 8x+20$. Verified.\nCondition 2: $f(x^2-1) = (x^2-1)^2+(x^2-1)-1 = x^4-2x^2+1+x^2-1-1 = x^4-x^2-1$.\n$(f(x)-x)^2+x^2-2 = (x^2+x-1-x)^2+x^2-2 = (x^2-1)^2+x^2-2 = x^4-2x^2+1+x^2-2 = x^4-x^2-1$. Verified.\n\n**4. Final Answer**\n\nFinal Answer: The final answer is $\\boxed{(-1,1)}$",
    "metrics": {
        "length": 2836,
        "has_latex": true
    },
    "validation_response": null
}