{
    "problem": "What is the greatest integer value of $x$ such that $\\frac{x^2 + 2x + 5}{x-3}$ is an integer?",
    "solution": "### Problem Statement\nFind the greatest integer value of $x$ for which the expression $\\frac{x^2 + 2x + 5}{x-3}$ results in an integer.\n\nKey variables:\n- $x$: integer variable we need to find the greatest value of.\n- $\\frac{x^2 + 2x + 5}{x-3}$: expression that must be an integer.\n\nConstraint:\n- $x$ must be an integer.\n- $\\frac{x^2 + 2x + 5}{x-3}$ must be an integer.\n\n### Solution Strategy\nWe will use polynomial long division or algebraic manipulation to rewrite the given expression in a more convenient form. This will allow us to identify the condition for the expression to be an integer. We will then find the values of $x$ that satisfy this condition and determine the greatest among them.\n\nRelevant formula:\n- Polynomial Long Division\n- Divisibility rule: For $\\frac{a}{b}$ to be an integer, $b$ must be a divisor of $a$.\n\n### Step-by-Step Solution\n1. **Perform polynomial division or algebraic manipulation:**\n   Divide the polynomial $x^2 + 2x + 5$ by $x-3$.\n   Using polynomial long division (as shown in the thought process) or algebraic manipulation:\n   We want to express $x^2 + 2x + 5$ in terms of $(x-3)$.\n   $x^2 + 2x + 5 = x(x-3) + 3x + 2x + 5 = x(x-3) + 5x + 5 = x(x-3) + 5(x-3) + 15 + 5 = x(x-3) + 5(x-3) + 20 = (x-3)(x+5) + 20$.\n\n2. **Rewrite the expression:**\n   Substitute the rewritten polynomial back into the fraction:\n   $\\frac{x^2 + 2x + 5}{x-3} = \\frac{(x-3)(x+5) + 20}{x-3} = \\frac{(x-3)(x+5)}{x-3} + \\frac{20}{x-3} = x+5 + \\frac{20}{x-3}$.\n\n3. **Determine the condition for the expression to be an integer:**\n   For the expression $x+5 + \\frac{20}{x-3}$ to be an integer, since $x$ is an integer, $x+5$ is also an integer. Therefore, $\\frac{20}{x-3}$ must be an integer.\n\n4. **Find the divisors of 20:**\n   For $\\frac{20}{x-3}$ to be an integer, $x-3$ must be a divisor of 20.\n   The divisors of 20 are: $\\pm 1, \\pm 2, \\pm 4, \\pm 5, \\pm 10, \\pm 20$.\n\n5. **Find the values of $x$ for each divisor:**\n   We set $x-3$ equal to each divisor and solve for $x$:\n   - $x-3 = 20 \\implies x = 23$\n   - $x-3 = 10 \\implies x = 13$\n   - $x-3 = 5 \\implies x = 8$\n   - $x-3 = 4 \\implies x = 7$\n   - $x-3 = 2 \\implies x = 5$\n   - $x-3 = 1 \\implies x = 4$\n   - $x-3 = -1 \\implies x = 2$\n   - $x-3 = -2 \\implies x = 1$\n   - $x-3 = -4 \\implies x = -1$\n   - $x-3 = -5 \\implies x = -2$\n   - $x-3 = -10 \\implies x = -7$\n   - $x-3 = -20 \\implies x = -17$\n\n6. **Identify the greatest integer value of $x$:**\n   Among the values of $x$ we found: $23, 13, 8, 7, 5, 4, 2, 1, -1, -2, -7, -17$, the greatest integer value is $23$.\n\n7. **Verify the answer:**\n   For $x=23$, $\\frac{x^2 + 2x + 5}{x-3} = \\frac{23^2 + 2(23) + 5}{23-3} = \\frac{529 + 46 + 5}{20} = \\frac{580}{20} = 29$.\n   Since 29 is an integer, the condition is satisfied.\n\n### Final Answer\nThe greatest integer value of $x$ is $\\boxed{23}$",
    "metrics": {
        "length": 2808,
        "has_latex": true
    },
    "validation_response": null
}