{
    "problem": "Let $p(x)$ be a polynomial of degree 6 such that\n\\[p(2^n) = \\frac{1}{2^n}\\]for $n = 0,$ 1, 2, $\\dots,$ 6.  Find $p(0).$",
    "solution": "## Problem Solution\n\n**1. Problem Statement**\n\nLet $p(x)$ be a polynomial of degree 6.\nGiven that $p(2^n) = \\frac{1}{2^n}$ for $n = 0, 1, 2, 3, 4, 5, 6$.\nWe need to find the value of $p(0)$.\n\nKey variables and constraints:\n- $p(x)$: Polynomial\n- Degree of $p(x)$: 6\n- Condition: $p(2^n) = \\frac{1}{2^n}$ for $n = 0, 1, 2, 3, 4, 5, 6$\n- Objective: Find $p(0)$\n\n**2. Solution Strategy**\n\nWe will define a new polynomial $g(x) = x p(x)$.\nUsing the given conditions for $p(x)$, we will find the values of $g(2^n)$.\nThen, we will construct a polynomial $q(x) = g(x) - 1$ which has roots at $x = 2^n$ for $n = 0, 1, \\dots, 6$.\nFrom the roots of $q(x)$, we can express $q(x)$ in factored form.\nUsing the relation $g(x) = q(x) + 1 = x p(x)$, we can express $p(x)$ in terms of $q(x)$.\nFinally, we can find $p(0)$ by analyzing the expression for $p(x)$ or by using L'Hopital's rule if needed.\n\nRelevant formulas/theorems:\n- Polynomial definition and properties\n- Factor theorem\n- L'Hopital's Rule (if necessary)\n- Geometric series sum\n\n**3. Step-by-Step Solution**\n\nLet $g(x) = x p(x)$. Since $p(x)$ is a polynomial of degree 6, $g(x)$ is a polynomial of degree 7.\nGiven $p(2^n) = \\frac{1}{2^n}$, we have $g(2^n) = 2^n p(2^n) = 2^n \\cdot \\frac{1}{2^n} = 1$ for $n = 0, 1, 2, 3, 4, 5, 6$.\n\nLet $q(x) = g(x) - 1 = x p(x) - 1$.\nThen $q(2^n) = g(2^n) - 1 = 1 - 1 = 0$ for $n = 0, 1, 2, 3, 4, 5, 6$.\nThus, $2^0, 2^1, 2^2, 2^3, 2^4, 2^5, 2^6$ are roots of $q(x)$.\nSince $q(x)$ is a polynomial of degree 7, we can write it in factored form as:\n\\[q(x) = C (x - 2^0)(x - 2^1)(x - 2^2)(x - 2^3)(x - 2^4)(x - 2^5)(x - 2^6)\\]\n\\[q(x) = C (x - 1)(x - 2)(x - 4)(x - 8)(x - 16)(x - 32)(x - 64)\\]\nwhere $C$ is a constant.\n\nWe have $x p(x) - 1 = C (x - 1)(x - 2)(x - 4)(x - 8)(x - 16)(x - 32)(x - 64)$.\nSo, $x p(x) = 1 + C (x - 1)(x - 2)(x - 4)(x - 8)(x - 16)(x - 32)(x - 64)$.\nFor $p(x)$ to be a polynomial, the right side must be divisible by $x$.\nLet $R(x) = 1 + C (x - 1)(x - 2)(x - 4)(x - 8)(x - 16)(x - 32)(x - 64)$.\nFor $R(x)$ to be divisible by $x$, we must have $R(0) = 0$.\n$R(0) = 1 + C (0 - 1)(0 - 2)(0 - 4)(0 - 8)(0 - 16)(0 - 32)(0 - 64) = 1 + C (-1)(-2)(-4)(-8)(-16)(-32)(-64) = 1 + C (-1)^7 (1 \\cdot 2 \\cdot 4 \\cdot 8 \\cdot 16 \\cdot 32 \\cdot 64) = 1 - C (2^0 \\cdot 2^1 \\cdot 2^2 \\cdot 2^3 \\cdot 2^4 \\cdot 2^5 \\cdot 2^6) = 1 - C (2^{0+1+2+3+4+5+6}) = 1 - C (2^{21})$.\nFor $R(0) = 0$, we must have $1 - C (2^{21}) = 0$, so $C (2^{21}) = 1$, and $C = \\frac{1}{2^{21}}$.\n\nTherefore, $x p(x) = 1 + \\frac{1}{2^{21}} (x - 1)(x - 2)(x - 4)(x - 8)(x - 16)(x - 32)(x - 64)$.\nWe want to find $p(0)$. We can write $p(x) = \\frac{1}{x} \\left[ 1 + \\frac{1}{2^{21}} (x - 1)(x - 2)(x - 4)(x - 8)(x - 16)(x - 32)(x - 64) \\right]$.\nTo find $p(0)$, we need to take the limit as $x \\to 0$.\nUsing L'Hopital's Rule or by recognizing the definition of the derivative.\nLet $f(x) = 1 + \\frac{1}{2^{21}} (x - 1)(x - 2)(x - 4)(x - 8)(x - 16)(x - 32)(x - 64)$.\nThen $p(0) = \\lim_{x \\to 0} \\frac{f(x)}{x} = f'(0)$.\n\nLet $h(x) = (x - 1)(x - 2)(x - 4)(x - 8)(x - 16)(x - 32)(x - 64) = \\prod_{n=0}^6 (x - 2^n)$.\n$h'(x) = \\sum_{j=0}^6 \\prod_{k=0, k \\neq j}^6 (x - 2^k)$.\n$h'(0) = \\sum_{j=0}^6 \\prod_{k=0, k \\neq j}^6 (0 - 2^k) = \\sum_{j=0}^6 \\prod_{k=0, k \\neq j}^6 (-2^k) = \\sum_{j=0}^6 (-1)^6 \\prod_{k=0, k \\neq j}^6 (2^k) = \\sum_{j=0}^6 2^{\\sum_{k=0, k \\neq j}^6 k}$.\n$\\sum_{k=0, k \\neq j}^6 k = (\\sum_{k=0}^6 k) - j = \\frac{6 \\cdot 7}{2} - j = 21 - j$.\n$h'(0) = \\sum_{j=0}^6 2^{21 - j} = 2^{21} + 2^{20} + 2^{19} + 2^{18} + 2^{17} + 2^{16} + 2^{15} = 2^{15} (2^6 + 2^5 + 2^4 + 2^3 + 2^2 + 2^1 + 2^0) = 2^{15} \\sum_{i=0}^6 2^i = 2^{15} \\frac{2^7 - 1}{2 - 1} = 2^{15} (2^7 - 1) = 2^{15} (128 - 1) = 127 \\cdot 2^{15}$.\n$f'(x) = \\frac{1}{2^{21}} h'(x)$.\n$p(0) = f'(0) = \\frac{1}{2^{21}} h'(0) = \\frac{1}{2^{21}} (127 \\cdot 2^{15}) = \\frac{127 \\cdot 2^{15}}{2^{21}} = \\frac{127}{2^{21-15}} = \\frac{127}{2^6} = \\frac{127}{64}$.\n\n**4. Final Answer**\n\nFinal Answer: The final answer is $\\boxed{\\frac{127}{64}}$",
    "metrics": {
        "length": 3958,
        "has_latex": true
    },
    "validation_response": null
}