{
    "problem": "If $0 \\le p \\le 1$ and $0 \\le q \\le 1$, define $F(p, q)$ by\n\\[\n  F(p, q) = -2pq + 3p(1-q) + 3(1-p)q - 4(1-p)(1-q).\n\\]Define $G(p)$ to be the maximum of $F(p, q)$ over all $q$ (in the interval $0 \\le q \\le 1$).  What is the value of $p$ (in the interval $0 \\le p \\le 1$) that minimizes $G(p)$?",
    "solution": "### Problem Statement\nGiven the function $F(p, q) = -2pq + 3p(1-q) + 3(1-p)q - 4(1-p)(1-q)$ for $0 \\le p \\le 1$ and $0 \\le q \\le 1$.\nDefine $G(p) = \\max_{0 \\le q \\le 1} F(p, q)$.\nWe need to find the value of $p$ in the interval $[0, 1]$ that minimizes $G(p)$.\n\n### Solution Strategy\nFirst, simplify the expression for $F(p, q)$.\nThen, for a fixed $p$, find the maximum of $F(p, q)$ with respect to $q$ in the interval $[0, 1]$ to obtain $G(p)$.\nFinally, minimize $G(p)$ with respect to $p$ in the interval $[0, 1]$.\nSince $F(p, q)$ is linear in $q$, the maximum will occur at either $q=0$ or $q=1$.\nSo we need to evaluate $F(p, 0)$ and $F(p, 1)$, and set $G(p) = \\max(F(p, 0), F(p, 1))$.\nThen we analyze $G(p)$ to find its minimum value for $p \\in [0, 1]$.\n\n### Step-by-Step Solution\n1. **Simplify $F(p, q)$:**\n   \\begin{align*} F(p, q) &= -2pq + 3p(1-q) + 3(1-p)q - 4(1-p)(1-q) \\\\ &= -2pq + 3p - 3pq + 3q - 3pq - 4(1 - p - q + pq) \\\\ &= -2pq + 3p - 3pq + 3q - 3pq - 4 + 4p + 4q - 4pq \\\\ &= (-2 - 3 - 3 - 4)pq + (3 + 4)p + (3 + 4)q - 4 \\\\ &= -12pq + 7p + 7q - 4\\end{align*}\n   We can rewrite $F(p, q)$ as a linear function of $q$:\n   \\[ F(p, q) = q(-12p + 7) + (7p - 4) \\]\n\n2. **Find $G(p) = \\max_{0 \\le q \\le 1} F(p, q)$:**\n   Since $F(p, q)$ is linear in $q$, the maximum value in the interval $[0, 1]$ must occur at one of the endpoints $q=0$ or $q=1$.\n   Evaluate $F(p, 0)$ and $F(p, 1)$:\n   \\[ F(p, 0) = -12p(0) + 7p + 7(0) - 4 = 7p - 4 \\]\n   \\[ F(p, 1) = -12p(1) + 7p + 7(1) - 4 = -12p + 7p + 7 - 4 = -5p + 3 \\]\n   Thus, $G(p) = \\max(F(p, 0), F(p, 1)) = \\max(7p - 4, -5p + 3)$.\n\n3. **Minimize $G(p)$ for $0 \\le p \\le 1$:**\n   We need to find the minimum of $G(p) = \\max(7p - 4, -5p + 3)$.\n   To find where the maximum switches from one function to the other, we set $7p - 4 = -5p + 3$:\n   \\[ 7p - 4 = -5p + 3 \\]\n   \\[ 12p = 7 \\]\n   \\[ p = \\frac{7}{12} \\]\n   For $p < \\frac{7}{12}$, $-5p + 3 > 7p - 4$, so $G(p) = -5p + 3$ (decreasing function).\n   For $p > \\frac{7}{12}$, $7p - 4 > -5p + 3$, so $G(p) = 7p - 4$ (increasing function).\n   Therefore, the minimum of $G(p)$ occurs at $p = \\frac{7}{12}$.\n   Since $0 \\le \\frac{7}{12} \\le 1$, this value is in the allowed range.\n\n4. **Calculate the minimum value of $G(p)$ and the corresponding $p$:**\n   At $p = \\frac{7}{12}$,\n   \\[ G\\left(\\frac{7}{12}\\right) = 7\\left(\\frac{7}{12}\\right) - 4 = \\frac{49}{12} - \\frac{48}{12} = \\frac{1}{12} \\]\n   \\[ G\\left(\\frac{7}{12}\\right) = -5\\left(\\frac{7}{12}\\right) + 3 = -\\frac{35}{12} + \\frac{36}{12} = \\frac{1}{12} \\]\n   So the minimum value of $G(p)$ is $\\frac{1}{12}$ and it is achieved at $p = \\frac{7}{12}$.\n\n### Final Answer\nFinal Answer: The final answer is $\\boxed{\\frac{7}{12}}$",
    "metrics": {
        "length": 2680,
        "has_latex": true
    },
    "validation_response": null
}