{
    "problem": "How many ordered pairs of integers $(a,b)$ satisfy all of the following inequalities? \\[ \\begin{aligned} a^2 + b^2 &< 16 \\\\ a^2 + b^2 &< 8a \\\\ a^2 + b^2 &< 8b \\end{aligned}\\]",
    "solution": "## Solution\n\n1. **Problem Statement**\n\nWe are asked to find the number of ordered pairs of integers $(a,b)$ that satisfy the following three inequalities simultaneously:\n\\[ \\begin{aligned} a^2 + b^2 &< 16 \\\\ a^2 + b^2 &< 8a \\\\ a^2 + b^2 &< 8b \\end{aligned}\\]\nThe key variables are integers $a$ and $b$. The constraints are given by the three inequalities.\n\n2. **Solution Strategy**\n\nWe will analyze each inequality geometrically and find the region of intersection. Then we will count the number of integer pairs $(a,b)$ within this intersection region.\nThe inequalities represent the interiors of circles.\n- Inequality 1: $a^2 + b^2 < 16$ is the interior of a circle centered at $(0,0)$ with radius $4$.\n- Inequality 2: $a^2 + b^2 < 8a \\implies (a-4)^2 + b^2 < 16$ is the interior of a circle centered at $(4,0)$ with radius $4$.\n- Inequality 3: $a^2 + b^2 < 8b \\implies a^2 + (b-4)^2 < 16$ is the interior of a circle centered at $(0,4)$ with radius $4$.\n\nWe need to find the integer points in the intersection of these three circular regions.\nFrom inequalities 2 and 3, we must have $8a > 0$ and $8b > 0$, so $a > 0$ and $b > 0$. Thus, we only need to consider positive integers for $a$ and $b$.\nFrom inequality 1, $a^2 < 16$ and $b^2 < 16$, so $|a| < 4$ and $|b| < 4$. Since $a>0$ and $b>0$, we have $1 \\le a \\le 3$ and $1 \\le b \\le 3$. We can check integer values of $a$ from 1 to 3 and find the possible integer values of $b$ for each $a$.\n\n3. **Step-by-Step Solution**\n\nWe consider integer values for $a$ starting from $a=1$.\nCase 1: $a=1$.\nThe inequalities become:\n\\[ \\begin{aligned} 1 + b^2 &< 16 \\implies b^2 < 15 \\\\ 1 + b^2 &< 8 \\implies b^2 < 7 \\\\ 1 + b^2 &< 8b \\implies b^2 - 8b + 1 < 0 \\end{aligned}\\]\nFrom $b^2 < 7$, we have $-\\sqrt{7} < b < \\sqrt{7}$, so for integers $b \\in \\{-2, -1, 0, 1, 2\\}$.\nFor $b^2 - 8b + 1 < 0$, the roots of $b^2 - 8b + 1 = 0$ are $b = \\frac{8 \\pm \\sqrt{64-4}}{2} = 4 \\pm \\sqrt{15}$. Approximately $4 - \\sqrt{15} \\approx 0.13$ and $4 + \\sqrt{15} \\approx 7.87$. So $0.13 < b < 7.87$.\nCombining $b \\in \\{-2, -1, 0, 1, 2\\}$ with $0.13 < b < 7.87$ and $b>0$, we have $b \\in \\{1, 2\\}$.\nSo for $a=1$, we have pairs $(1,1), (1,2)$.\n\nCase 2: $a=2$.\nThe inequalities become:\n\\[ \\begin{aligned} 4 + b^2 &< 16 \\implies b^2 < 12 \\\\ 4 + b^2 &< 16 \\implies b^2 < 12 \\\\ 4 + b^2 &< 8b \\implies b^2 - 8b + 4 < 0 \\end{aligned}\\]\nFrom $b^2 < 12$, we have $-\\sqrt{12} < b < \\sqrt{12}$, so for integers $b \\in \\{-3, -2, -1, 0, 1, 2, 3\\}$.\nFor $b^2 - 8b + 4 < 0$, the roots of $b^2 - 8b + 4 = 0$ are $b = \\frac{8 \\pm \\sqrt{64-16}}{2} = 4 \\pm \\sqrt{12} = 4 \\pm 2\\sqrt{3}$. Approximately $4 - 2\\sqrt{3} \\approx 0.54$ and $4 + 2\\sqrt{3} \\approx 7.46$. So $0.54 < b < 7.46$.\nCombining $b \\in \\{-3, -2, -1, 0, 1, 2, 3\\}$ with $0.54 < b < 7.46$ and $b>0$, we have $b \\in \\{1, 2, 3\\}$.\nSo for $a=2$, we have pairs $(2,1), (2,2), (2,3)$.\n\nCase 3: $a=3$.\nThe inequalities become:\n\\[ \\begin{aligned} 9 + b^2 &< 16 \\implies b^2 < 7 \\\\ 9 + b^2 &< 24 \\implies b^2 < 15 \\\\ 9 + b^2 &< 8b \\implies b^2 - 8b + 9 < 0 \\end{aligned}\\]\nFrom $b^2 < 7$, we have $-\\sqrt{7} < b < \\sqrt{7}$, so for integers $b \\in \\{-2, -1, 0, 1, 2\\}$.\nFor $b^2 - 8b + 9 < 0$, the roots of $b^2 - 8b + 9 = 0$ are $b = \\frac{8 \\pm \\sqrt{64-36}}{2} = 4 \\pm \\sqrt{7}$. Approximately $4 - \\sqrt{7} \\approx 1.35$ and $4 + \\sqrt{7} \\approx 6.65$. So $1.35 < b < 6.65$.\nCombining $b \\in \\{-2, -1, 0, 1, 2\\}$ with $1.35 < b < 6.65$ and $b>0$, we have $b \\in \\{2\\}$.\nSo for $a=3$, we have pair $(3,2)$.\n\nCase 4: $a \\ge 4$.\nFrom $a^2 + b^2 < 8a$, we have $a^2 - 8a + b^2 < 0$. Completing square $(a-4)^2 + b^2 < 16$.\nIf $a=4$, $(4-4)^2 + b^2 < 16 \\implies b^2 < 16$.\nIf $a=4$, $a^2 + b^2 < 16 \\implies 16 + b^2 < 16 \\implies b^2 < 0$. No real solution for $b$.\nThus, $a$ cannot be $\\ge 4$. Similarly $b$ cannot be $\\ge 4$.\n\nThe integer pairs are: $(1,1), (1,2), (2,1), (2,2), (2,3), (3,2)$.\nThere are $2 + 3 + 1 = 6$ pairs.\n\n4. **Final Answer**\n\nFinal Answer: The final answer is $\\boxed{6}$",
    "metrics": {
        "length": 3960,
        "has_latex": true
    },
    "validation_response": null
}