{
    "problem": "Find the largest constant $C$ so that\n\\[x^2 + y^2 + 1 \\ge C(x + y)\\]for all real numbers $x$ and $y.$",
    "solution": "**Problem Statement**\n\nFind the largest constant $C$ such that the inequality $x^2 + y^2 + 1 \\ge C(x + y)$ holds for all real numbers $x$ and $y.$\nHere, $x$ and $y$ are real variables, and $C$ is a constant we need to determine the largest possible value for.\n\n**Solution Strategy**\n\nWe want to find the maximum value of $C$ for which the inequality $x^2 + y^2 + 1 \\ge C(x + y)$ is always true.\nWe can rearrange the inequality and complete the square to analyze the condition for $C$.\nAlternatively, we can consider the function $f(x, y) = x^2 + y^2 + 1 - C(x + y)$ and find its minimum value. For the inequality to hold for all $x, y$, the minimum value of $f(x, y)$ must be non-negative.\n\n**Step-by-Step Solution**\n\n1. **Rearrange the inequality:**\n   We rewrite the inequality as:\n   \\[x^2 - Cx + y^2 - Cy + 1 \\ge 0\\]\n\n2. **Complete the square for $x$ and $y$ terms:**\n   For the $x$ terms, $x^2 - Cx = \\left(x - \\frac{C}{2}\\right)^2 - \\left(\\frac{C}{2}\\right)^2$.\n   For the $y$ terms, $y^2 - Cy = \\left(y - \\frac{C}{2}\\right)^2 - \\left(\\frac{C}{2}\\right)^2$.\n   Substitute these back into the inequality:\n   \\[\\left(x - \\frac{C}{2}\\right)^2 - \\left(\\frac{C}{2}\\right)^2 + \\left(y - \\frac{C}{2}\\right)^2 - \\left(\\frac{C}{2}\\right)^2 + 1 \\ge 0\\]\n   \\[\\left(x - \\frac{C}{2}\\right)^2 + \\left(y - \\frac{C}{2}\\right)^2 + 1 - 2\\left(\\frac{C}{2}\\right)^2 \\ge 0\\]\n   \\[\\left(x - \\frac{C}{2}\\right)^2 + \\left(y - \\frac{C}{2}\\right)^2 + 1 - \\frac{C^2}{2} \\ge 0\\]\n   \\[\\left(x - \\frac{C}{2}\\right)^2 + \\left(y - \\frac{C}{2}\\right)^2 \\ge \\frac{C^2}{2} - 1\\]\n\n3. **Condition for inequality to hold for all $x, y$:**\n   The left side of the inequality, $\\left(x - \\frac{C}{2}\\right)^2 + \\left(y - \\frac{C}{2}\\right)^2$, is always non-negative for any real $x$ and $y$ as it is a sum of squares.\n   For the inequality to hold for all real numbers $x$ and $y$, the right side must be less than or equal to the minimum value of the left side. The minimum value of the left side is 0, which is achieved when $x = \\frac{C}{2}$ and $y = \\frac{C}{2}$.\n   Therefore, we need $\\frac{C^2}{2} - 1 \\le 0$.\n\n4. **Solve for $C$:**\n   \\[\\frac{C^2}{2} - 1 \\le 0\\]\n   \\[\\frac{C^2}{2} \\le 1\\]\n   \\[C^2 \\le 2\\]\n   \\[-\\sqrt{2} \\le C \\le \\sqrt{2}\\]\n\n5. **Determine the largest constant $C$:**\n   The largest value of $C$ that satisfies the condition is $C = \\sqrt{2}$.\n\n6. **Verification:**\n   For $C = \\sqrt{2}$, the inequality becomes:\n   \\[\\left(x - \\frac{\\sqrt{2}}{2}\\right)^2 + \\left(y - \\frac{\\sqrt{2}}{2}\\right)^2 \\ge \\frac{(\\sqrt{2})^2}{2} - 1 = \\frac{2}{2} - 1 = 1 - 1 = 0\\]\n   \\[\\left(x - \\frac{\\sqrt{2}}{2}\\right)^2 + \\left(y - \\frac{\\sqrt{2}}{2}\\right)^2 \\ge 0\\]\n   This inequality is always true for all real numbers $x$ and $y$.\n   Thus, $C = \\sqrt{2}$ is a valid constant.\n   If $C > \\sqrt{2}$, then $\\frac{C^2}{2} - 1 > 0$. Let $R = \\frac{C^2}{2} - 1 > 0$. Then we need $\\left(x - \\frac{C}{2}\\right)^2 + \\left(y - \\frac{C}{2}\\right)^2 \\ge R$. If we choose $x = \\frac{C}{2}$ and $y = \\frac{C}{2}$, the left side is 0, which is not greater than or equal to $R > 0$. So the inequality does not hold for all $x, y$ if $C > \\sqrt{2}$.\n\n**Final Answer**\n\nFinal Answer: The final answer is $\\boxed{\\sqrt{2}}$",
    "metrics": {
        "length": 3186,
        "has_latex": true
    },
    "validation_response": null
}