{
    "problem": "Factor $x^2+4x+4-81x^4$ into two quadratic polynomials with integer coefficients.  Submit your answer in the form $(ax^2+bx+c)(dx^2+ex+f)$, with $a<d$.",
    "solution": "**1. Problem Statement**\n\nFactor the polynomial $x^2+4x+4-81x^4$ into two quadratic polynomials with integer coefficients. The final answer should be in the format $(ax^2+bx+c)(dx^2+ex+f)$, where $a,b,c,d,e,f$ are integers and $a<d$.\n\nKey variables and constraints:\n- Polynomial to factor: $P(x) = x^2+4x+4-81x^4$\n- Factorization into two quadratic polynomials.\n- Integer coefficients for the quadratic polynomials.\n- Format of answer: $(ax^2+bx+c)(dx^2+ex+f)$\n- Constraint: $a<d$.\n\n**2. Solution Strategy**\n\nWe will use the difference of squares factorization formula, $A^2 - B^2 = (A-B)(A+B)$.\nFirst, we rewrite the given polynomial by recognizing a perfect square trinomial.\n$x^2+4x+4 = (x+2)^2$.\nThe polynomial becomes $(x+2)^2 - 81x^4$.\nWe can express $81x^4$ as $(9x^2)^2$.\nSo the polynomial is in the form $A^2 - B^2$, where $A = (x+2)$ and $B = 9x^2$.\nApplying the difference of squares formula, we will get two factors. We will then rearrange these factors into the quadratic polynomial form $ax^2+bx+c$ and ensure the condition $a<d$ is met. Finally, we will verify the factorization by expanding the product.\n\n**3. Step-by-Step Solution**\n\n**Step 1: Rewrite the polynomial**\nGiven polynomial is $P(x) = x^2+4x+4-81x^4$.\nRecognize that $x^2+4x+4 = (x+2)^2$.\nSo, $P(x) = (x+2)^2 - 81x^4$.\n\n**Step 2: Apply the difference of squares formula**\nWe can write $81x^4 = (9x^2)^2$.\nThus, $P(x) = (x+2)^2 - (9x^2)^2$.\nUsing the difference of squares formula $A^2 - B^2 = (A-B)(A+B)$, where $A = (x+2)$ and $B = 9x^2$.\n$P(x) = ((x+2) - 9x^2)((x+2) + 9x^2)$\n$P(x) = (x+2 - 9x^2)(x+2 + 9x^2)$\n\n**Step 3: Rearrange terms into quadratic form**\nRearrange the terms in each factor to have the standard quadratic form $ax^2+bx+c$.\nFirst factor: $(x+2 - 9x^2) = -9x^2 + x + 2$\nSecond factor: $(x+2 + 9x^2) = 9x^2 + x + 2$\nSo, $P(x) = (-9x^2 + x + 2)(9x^2 + x + 2)$.\n\n**Step 4: Check the condition $a<d$**\nIn the form $(ax^2+bx+c)(dx^2+ex+f)$, we have:\nFirst quadratic: $a = -9, b = 1, c = 2$\nSecond quadratic: $d = 9, e = 1, f = 2$\nWe need to check if $a < d$. Here, $a = -9$ and $d = 9$. Since $-9 < 9$, the condition $a<d$ is satisfied.\n\n**Step 5: Verify the factorization**\nExpand the product $(-9x^2 + x + 2)(9x^2 + x + 2)$:\n$(-9x^2 + x + 2)(9x^2 + x + 2) = (-9x^2)(9x^2) + (-9x^2)(x) + (-9x^2)(2) + (x)(9x^2) + (x)(x) + (x)(2) + (2)(9x^2) + (2)(x) + (2)(2)$\n$= -81x^4 - 9x^3 - 18x^2 + 9x^3 + x^2 + 2x + 18x^2 + 2x + 4$\nCombine like terms:\n$= -81x^4 + (-9x^3 + 9x^3) + (-18x^2 + x^2 + 18x^2) + (2x + 2x) + 4$\n$= -81x^4 + 0x^3 + x^2 + 4x + 4$\n$= -81x^4 + x^2 + 4x + 4$\n$= x^2+4x+4-81x^4$\nThis matches the original polynomial.\n\n**4. Final Answer**\n\n**Problem Statement**\nFactor $x^2+4x+4-81x^4$ into two quadratic polynomials with integer coefficients.  Submit your answer in the form $(ax^2+bx+c)(dx^2+ex+f)$, with $a<d$.\n\n**Solution Strategy**\nWe use the difference of squares formula $A^2 - B^2 = (A-B)(A+B)$ after recognizing $x^2+4x+4$ as $(x+2)^2$ and $81x^4$ as $(9x^2)^2$.\n\n**Step-by-Step Solution**\n1. Rewrite the polynomial: $x^2+4x+4-81x^4 = (x+2)^2 - (9x^2)^2$\n2. Apply difference of squares: $(x+2)^2 - (9x^2)^2 = ((x+2) - 9x^2)((x+2) + 9x^2)$\n3. Rearrange terms: $((x+2) - 9x^2)((x+2) + 9x^2) = (-9x^2 + x + 2)(9x^2 + x + 2)$\n4. Check $a<d$: For $(-9x^2 + x + 2)(9x^2 + x + 2)$, $a=-9$ and $d=9$, so $a<d$ is satisfied.\n5. Verify by expansion: $(-9x^2 + x + 2)(9x^2 + x + 2) = x^2+4x+4-81x^4$.\n\n**Final Answer:**\n\\boxed{(-9x^2+x+2)(9x^2+x+2)}",
    "metrics": {
        "length": 3450,
        "has_latex": true
    },
    "validation_response": null
}