{
    "problem": "Solve\n\\[\\frac{1}{x + 9} + \\frac{1}{x + 7} = \\frac{1}{x + 10} + \\frac{1}{x + 6}.\\]",
    "solution": "### 1. Problem Statement\nSolve the equation\n\\[\\frac{1}{x + 9} + \\frac{1}{x + 7} = \\frac{1}{x + 10} + \\frac{1}{x + 6}.\\]\nThe variable is $x$. We need to find the value(s) of $x$ that satisfy this equation. We must ensure that the denominators are not zero, which means $x \\neq -9, x \\neq -7, x \\neq -10, x \\neq -6$.\n\n### 2. Solution Strategy\nWe will first combine the fractions on each side of the equation by finding a common denominator for each side. Then, we will simplify the equation and solve for $x$. We will check for any potential values of $x$ that make the denominators zero and exclude them from our solution set.\n\n### 3. Step-by-Step Solution\n**Step 1: Combine fractions on the left side.**\nThe common denominator for the left side is $(x+9)(x+7)$. Combining the fractions, we get:\n\\[ \\frac{1}{x + 9} + \\frac{1}{x + 7} = \\frac{(x+7) + (x+9)}{(x+9)(x+7)} = \\frac{2x + 16}{(x+9)(x+7)} \\]\n\n**Step 2: Combine fractions on the right side.**\nThe common denominator for the right side is $(x+10)(x+6)$. Combining the fractions, we get:\n\\[ \\frac{1}{x + 10} + \\frac{1}{x + 6} = \\frac{(x+6) + (x+10)}{(x+10)(x+6)} = \\frac{2x + 16}{(x+10)(x+6)} \\]\n\n**Step 3: Set the combined fractions equal to each other.**\nNow we equate the simplified left side and right side:\n\\[ \\frac{2x + 16}{(x+9)(x+7)} = \\frac{2x + 16}{(x+10)(x+6)} \\]\n\n**Step 4: Solve the equation.**\nWe have an equation of the form $\\frac{A}{B} = \\frac{A}{C}$, where $A = 2x + 16$, $B = (x+9)(x+7)$, and $C = (x+10)(x+6)$.\nThis equation is satisfied if either $A = 0$ or $B = C$.\n\nCase 1: $A = 0$\n$2x + 16 = 0$\n$2x = -16$\n$x = -8$\n\nCase 2: $B = C$\n$(x+9)(x+7) = (x+10)(x+6)$\nExpand both sides:\n$x^2 + 7x + 9x + 63 = x^2 + 6x + 10x + 60$\n$x^2 + 16x + 63 = x^2 + 16x + 60$\nSubtract $x^2 + 16x$ from both sides:\n$63 = 60$\nThis is a contradiction, $63 \\neq 60$. So there is no solution from Case 2.\n\nTherefore, the only potential solution is $x = -8$.\n\n**Step 5: Verify the solution.**\nWe need to check if $x = -8$ is a valid solution and does not make any denominator zero.\nFor $x = -8$:\n$x + 9 = -8 + 9 = 1 \\neq 0$\n$x + 7 = -8 + 7 = -1 \\neq 0$\n$x + 10 = -8 + 10 = 2 \\neq 0$\n$x + 6 = -8 + 6 = -2 \\neq 0$\nSo $x = -8$ is a valid value as it does not make any denominator zero.\nNow substitute $x = -8$ into the original equation:\nLeft side: $\\frac{1}{-8 + 9} + \\frac{1}{-8 + 7} = \\frac{1}{1} + \\frac{1}{-1} = 1 - 1 = 0$\nRight side: $\\frac{1}{-8 + 10} + \\frac{1}{-8 + 6} = \\frac{1}{2} + \\frac{1}{-2} = \\frac{1}{2} - \\frac{1}{2} = 0$\nSince the left side equals the right side, $x = -8$ is a solution.\n\n### 4. Final Answer\nThe solution to the equation is $\\boxed{x = -8}$",
    "metrics": {
        "length": 2624,
        "has_latex": true
    },
    "validation_response": null
}