{
    "problem": "Find the solutions to $z^4 = -4.$  Enter the solutions, separated by commas.",
    "solution": "### Problem:\nFind the solutions to $z^4 = -4.$  Enter the solutions, separated by commas.\n\n### Original Solution:\nLet $z = x + yi,$ where $x$ and $y$ are real.  Then\n\\[(x + yi)^4 = x^4 + 4ix^3 y - 6x^2 y^2 - 4ixy^3 + y^4 = -4.\\]Equating real and imaginary parts, we get\n\\begin{align*}\nx^4 - 6x^2 y^2 + y^4 &= -4, \\\\\n4x^3 y - 4xy^3 &= 0.\n\\end{align*}From the equation $4x^3 y - 4xy^3 = 0,$ $4xy(x^2 - y^2) = 0.$  If $x = 0,$ then $y^4 = -4,$ which has no solutions.  If $y = 0,$ then $x^4 = -4,$ which has no solutions.  Otherwise, $x^2 = y^2.$\n\nThen the first equation becomes $-4x^4 = -4,$ so $x^4 = 1.$  Hence, $x = 1$ or $x = -1.$  In either case, $x^2 = 1,$ so $y^2 = 1,$ and $y = \\pm 1.$  Therefore, the solutions are $\\boxed{1 + i, 1 - i, -1 + i, -1 - i}.$\n\n### Improved Solution:\n### Solution using Algebraic Method:\n1. **Let $z = x + yi$.**\nAssume the solution is in the form $z = x + yi$, where $x$ and $y$ are real numbers.\n\n2. **Expand $(x+yi)^4$.**\nUsing the binomial theorem or by repeated multiplication, we expand $(x + yi)^4$:\n$(x + yi)^4 = x^4 + 4x^3(yi) + 6x^2(yi)^2 + 4x(yi)^3 + (yi)^4 = x^4 + 4ix^3 y - 6x^2 y^2 - 4ixy^3 + y^4$.\nGrouping the real and imaginary parts, we get:\n$(x + yi)^4 = (x^4 - 6x^2 y^2 + y^4) + i(4x^3 y - 4xy^3)$.\n\n3. **Equate real and imaginary parts to $-4$.**\nWe are given $z^4 = -4 = -4 + 0i$. Equating the real and imaginary parts of $(x + yi)^4$ and $-4$, we obtain the following system of equations:\n\\begin{align*} \\label{eq:1} x^4 - 6x^2 y^2 + y^4 &= -4 \\quad &(1) \\\\ 4x^3 y - 4xy^3 &= 0 \\quad &(2) \\end{align*}\n\n4. **Solve equation (2).**\nFactor equation (2): $4xy(x^2 - y^2) = 0$.\nThis equation is satisfied if $x = 0$, $y = 0$, or $x^2 - y^2 = 0$ (i.e., $x^2 = y^2$).\n\n5. **Case analysis based on equation (2).**\n   Case 1: $x = 0$. Substitute $x = 0$ into equation (1): $0^4 - 6(0)^2 y^2 + y^4 = -4 \\Rightarrow y^4 = -4$. There is no real solution for $y$ in this case because $y^4 \\ge 0$ for real $y$.\n   Case 2: $y = 0$. Substitute $y = 0$ into equation (1): $x^4 - 6x^2 (0)^2 + 0^4 = -4 \\Rightarrow x^4 = -4$. There is no real solution for $x$ in this case because $x^4 \\ge 0$ for real $x$.\n   Case 3: $x^2 = y^2$. Substitute $y^2 = x^2$ into equation (1): $x^4 - 6x^2 (x^2) + (x^2)^2 = -4 \\Rightarrow x^4 - 6x^4 + x^4 = -4 \\Rightarrow -4x^4 = -4 \\Rightarrow x^4 = 1$.\n\n6. **Solve for $x$ and then $y$ in Case 3.**\nFrom $x^4 = 1$, we have $x^2 = 1$ (since $x$ is real), so $x = \\pm 1$.\nSince $y^2 = x^2$, we have $y^2 = 1$, so $y = \\pm 1$.\n\n7. **List all possible solutions $z = x + yi$.**\nThe possible combinations of $(x, y)$ are $(1, 1), (1, -1), (-1, 1), (-1, -1)$.\nThus, the solutions are:\n    \\begin{itemize}\n        \\item $z = 1 + i$\n        \\item $z = 1 - i$\n        \\item $z = -1 + i$\n        \\item $z = -1 - i$\n    \\end{itemize}\n\n8. **Verify the solutions (optional but recommended).**\nFor $z = 1+i$, $z^2 = (1+i)^2 = 1 + 2i - 1 = 2i$, $z^4 = (z^2)^2 = (2i)^2 = 4i^2 = -4$.\nSimilarly, we can verify that $(1-i)^4 = -4$, $(-1+i)^4 = -4$, and $(-1-i)^4 = -4$.\n\n9. **Final Answer.**\nThe solutions are $1 + i, 1 - i, -1 + i, -1 - i$.\n\nFinal Answer: $\\boxed{1+i, 1-i, -1+i, -1-i}$",
    "metrics": {
        "length": 2611,
        "has_latex": false
    },
    "validation_response": null
}