{
    "problem": "What is the value of $a$ for which $\\frac{1}{\\text{log}_2a} + \\frac{1}{\\text{log}_3a} + \\frac{1}{\\text{log}_4a} = 1$?",
    "solution": "### 1. Problem Statement\nFind the value of $a$ that satisfies the equation:\n$$ \\frac{1}{\\text{log}_2a} + \\frac{1}{\\text{log}_3a} + \\frac{1}{\\text{log}_4a} = 1 $$\nwhere $a$ is the unknown variable. We need to find the value of $a$ that makes this equation true. For the logarithms to be defined, we must have $a > 0$ and $a \\neq 1$. Also, for the terms to be defined, $\\text{log}_2a \\neq 0$, $\\text{log}_3a \\neq 0$, and $\\text{log}_4a \\neq 0$, which again implies $a \\neq 1$.\n\n### 2. Solution Strategy\nWe will use the change of base formula for logarithms. Specifically, we will use the property that $\\frac{1}{\\text{log}_ba} = \\text{log}_ab$. Applying this property to each term in the given equation will simplify it. Then, we will use the logarithm property $\\text{log}_xM + \\text{log}_xN = \\text{log}_x(MN)$ to combine the logarithmic terms. Finally, we will convert the logarithmic equation into an exponential equation to solve for $a$.\n\nRelevant formulas:\n- Change of base formula: $\\frac{1}{\\text{log}_ba} = \\text{log}_ab$\n- Logarithm addition property: $\\text{log}_xM + \\text{log}_xN = \\text{log}_x(MN)$\n- Definition of logarithm: if $\\text{log}_bx = y$, then $b^y = x$\n\n### 3. Step-by-Step Solution\n**Step 1: Apply the change of base formula to each term.**\nWe use the property $\\frac{1}{\\text{log}_ba} = \\text{log}_ab$ for each term in the equation:\n$$ \\frac{1}{\\text{log}_2a} = \\text{log}_a2 $$\n$$ \\frac{1}{\\text{log}_3a} = \\text{log}_a3 $$\n$$ \\frac{1}{\\text{log}_4a} = \\text{log}_a4 $$\nSubstituting these back into the original equation, we get:\n$$ \\text{log}_a2 + \\text{log}_a3 + \\text{log}_a4 = 1 $$\n\n**Step 2: Combine the logarithmic terms using the logarithm addition property.**\nUsing the property $\\text{log}_xM + \\text{log}_xN = \\text{log}_x(MN)$, we combine the terms on the left side of the equation:\n$$ \\text{log}_a(2 \\times 3) + \\text{log}_a4 = 1 $$\n$$ \\text{log}_a(6) + \\text{log}_a4 = 1 $$\n$$ \\text{log}_a(6 \\times 4) = 1 $$\n$$ \\text{log}_a(24) = 1 $$\n\n**Step 3: Convert the logarithmic equation to an exponential equation.**\nUsing the definition of logarithm, if $\\text{log}_bx = y$, then $b^y = x$. In our case, $b = a$, $x = 24$, and $y = 1$.\n$$ a^1 = 24 $$\n$$ a = 24 $$\n\n**Step 4: Verify the solution.**\nWe need to check if $a = 24$ satisfies the original equation and the domain conditions.\nFor $a = 24$, $a > 0$ and $a \\neq 1$, so the logarithms are defined.\nSubstitute $a = 24$ into the original equation:\n$$ \\frac{1}{\\text{log}_224} + \\frac{1}{\\text{log}_324} + \\frac{1}{\\text{log}_424} $$\nUsing the change of base formula $\\frac{1}{\\text{log}_ba} = \\text{log}_ab$:\n$$ \\text{log}_{24}2 + \\text{log}_{24}3 + \\text{log}_{24}4 $$\nUsing the logarithm addition property:\n$$ \\text{log}_{24}(2 \\times 3 \\times 4) = \\text{log}_{24}(24) = 1 $$\nThe left side of the equation equals 1, which is the right side. Therefore, $a = 24$ is the correct solution.\n\n### 4. Final Answer\nThe value of $a$ for which $\\frac{1}{\\text{log}_2a} + \\frac{1}{\\text{log}_3a} + \\frac{1}{\\text{log}_4a} = 1$ is $\\boxed{24}$.",
    "metrics": {
        "length": 3024,
        "has_latex": true
    },
    "validation_response": null
}