{
    "problem": "Find the minimum value of\n\\[2 \\cos \\theta + \\frac{1}{\\sin \\theta} + \\sqrt{2} \\tan \\theta\\]for $0 < \\theta < \\frac{\\pi}{2}.$",
    "solution": "### Problem Statement\nFind the minimum value of the expression\n\\[2 \\cos \\theta + \\frac{1}{\\sin \\theta} + \\sqrt{2} \\tan \\theta\\]\nwhere $\\theta$ is in the interval $0 < \\theta < \\frac{\\pi}{2}.$\nKey variables: $\\theta$.\nConstraint: $0 < \\theta < \\frac{\\pi}{2}.$\n\n### Solution Strategy\nWe will use the AM-GM inequality to find the minimum value.\nThe AM-GM inequality states that for non-negative numbers $a_1, a_2, \\dots, a_n$,\n\\[\\frac{a_1 + a_2 + \\dots + a_n}{n} \\ge \\sqrt[n]{a_1 a_2 \\dots a_n}.\\]\nEquality holds when $a_1 = a_2 = \\dots = a_n.$\nIn our case, we have three terms: $a_1 = 2 \\cos \\theta$, $a_2 = \\frac{1}{\\sin \\theta}$, $a_3 = \\sqrt{2} \\tan \\theta.$\nFor $0 < \\theta < \\frac{\\pi}{2}$, $\\cos \\theta > 0$, $\\sin \\theta > 0$, $\\tan \\theta > 0$. So all three terms are positive.\n\nWe apply AM-GM inequality to these three terms.\n\\[\\frac{2 \\cos \\theta + \\frac{1}{\\sin \\theta} + \\sqrt{2} \\tan \\theta}{3} \\ge \\sqrt[3]{(2 \\cos \\theta) \\cdot \\left(\\frac{1}{\\sin \\theta}\\right) \\cdot (\\sqrt{2} \\tan \\theta)}.\\]\nLet's simplify the product inside the cube root:\n\\[(2 \\cos \\theta) \\cdot \\left(\\frac{1}{\\sin \\theta}\\right) \\cdot (\\sqrt{2} \\tan \\theta) = 2 \\cos \\theta \\cdot \\frac{1}{\\sin \\theta} \\cdot \\sqrt{2} \\frac{\\sin \\theta}{\\cos \\theta} = 2 \\sqrt{2}.\\]\nSo,\n\\[\\frac{2 \\cos \\theta + \\frac{1}{\\sin \\theta} + \\sqrt{2} \\tan \\theta}{3} \\ge \\sqrt[3]{2 \\sqrt{2}} = \\sqrt[3]{2^{3/2}} = 2^{1/2} = \\sqrt{2}.\\]\n\\[2 \\cos \\theta + \\frac{1}{\\sin \\theta} + \\sqrt{2} \\tan \\theta \\ge 3 \\sqrt{2}.\\]\nThe minimum value is $3 \\sqrt{2}$, and it is achieved when $2 \\cos \\theta = \\frac{1}{\\sin \\theta} = \\sqrt{2} \\tan \\theta.$\nFrom $2 \\cos \\theta = \\frac{1}{\\sin \\theta}$, we have $2 \\sin \\theta \\cos \\theta = 1$, so $\\sin(2\\theta) = 1$.\nFor $0 < \\theta < \\frac{\\pi}{2}$, $0 < 2\\theta < \\pi$. So $\\sin(2\\theta) = 1$ implies $2\\theta = \\frac{\\pi}{2}$, which means $\\theta = \\frac{\\pi}{4}.$\nLet's check if the other equality condition is also satisfied at $\\theta = \\frac{\\pi}{4}.$\n$2 \\cos \\theta = 2 \\cos \\frac{\\pi}{4} = 2 \\cdot \\frac{\\sqrt{2}}{2} = \\sqrt{2}.$\n$\\sqrt{2} \\tan \\theta = \\sqrt{2} \\tan \\frac{\\pi}{4} = \\sqrt{2} \\cdot 1 = \\sqrt{2}.$\nSo $2 \\cos \\theta = \\sqrt{2} \\tan \\theta$ is satisfied at $\\theta = \\frac{\\pi}{4}.$\nAlso $\\frac{1}{\\sin \\theta} = \\frac{1}{\\sin \\frac{\\pi}{4}} = \\frac{1}{\\frac{\\sqrt{2}}{2}} = \\frac{2}{\\sqrt{2}} = \\sqrt{2}.$\nSo all three terms are equal when $\\theta = \\frac{\\pi}{4}.$\n\n### Step-by-Step Solution\n1. **Apply AM-GM Inequality:**\n   For $a = 2 \\cos \\theta$, $b = \\frac{1}{\\sin \\theta}$, $c = \\sqrt{2} \\tan \\theta$, we apply AM-GM inequality:\n   \\[\\frac{2 \\cos \\theta + \\frac{1}{\\sin \\theta} + \\sqrt{2} \\tan \\theta}{3} \\ge \\sqrt[3]{(2 \\cos \\theta) \\cdot \\frac{1}{\\sin \\theta} \\cdot \\sqrt{2} \\tan \\theta}.\\]\n\n2. **Simplify the Product:**\n   Calculate the product inside the cube root:\n   \\[(2 \\cos \\theta) \\cdot \\frac{1}{\\sin \\theta} \\cdot (\\sqrt{2} \\tan \\theta) = 2 \\cos \\theta \\cdot \\frac{1}{\\sin \\theta} \\cdot \\sqrt{2} \\frac{\\sin \\theta}{\\cos \\theta} = 2 \\sqrt{2}.\\]\n\n3. **Apply Cube Root:**\n   \\[\\sqrt[3]{2 \\sqrt{2}} = \\sqrt[3]{2^{3/2}} = 2^{1/2} = \\sqrt{2}.\\]\n\n4. **Inequality Result:**\n   So, we have\n   \\[\\frac{2 \\cos \\theta + \\frac{1}{\\sin \\theta} + \\sqrt{2} \\tan \\theta}{3} \\ge \\sqrt{2}.\\]\n   \\[2 \\cos \\theta + \\frac{1}{\\sin \\theta} + \\sqrt{2} \\tan \\theta \\ge 3 \\sqrt{2}.\\]\n\n5. **Check Equality Condition:**\n   Equality holds when $2 \\cos \\theta = \\frac{1}{\\sin \\theta} = \\sqrt{2} \\tan \\theta.$\n   From $2 \\cos \\theta = \\frac{1}{\\sin \\theta}$, we get $2 \\sin \\theta \\cos \\theta = 1$, $\\sin(2\\theta) = 1$.\n   For $0 < \\theta < \\frac{\\pi}{2}$, we have $0 < 2\\theta < \\pi$. So $2\\theta = \\frac{\\pi}{2}$, $\\theta = \\frac{\\pi}{4}.$\n   At $\\theta = \\frac{\\pi}{4}$:\n   $2 \\cos \\frac{\\pi}{4} = 2 \\frac{\\sqrt{2}}{2} = \\sqrt{2}.$\n   $\\frac{1}{\\sin \\frac{\\pi}{4}} = \\frac{1}{\\frac{\\sqrt{2}}{2}} = \\frac{2}{\\sqrt{2}} = \\sqrt{2}.$\n   $\\sqrt{2} \\tan \\frac{\\pi}{4} = \\sqrt{2} \\cdot 1 = \\sqrt{2}.$\n   All three terms are equal to $\\sqrt{2}$ at $\\theta = \\frac{\\pi}{4}.$\n\n6. **Minimum Value:**\n   The minimum value is $3 \\sqrt{2}.$\n\n### Final Answer\nThe minimum value of $2 \\cos \\theta + \\frac{1}{\\sin \\theta} + \\sqrt{2} \\tan \\theta$ for $0 < \\theta < \\frac{\\pi}{2}$ is $\\boxed{3\\sqrt{2}}$.",
    "metrics": {
        "length": 4196,
        "has_latex": true
    },
    "validation_response": null
}