{
    "problem": "Find all the solutions to\n\\[\\sqrt{x} + 2 \\sqrt{x^2 + 7x} + \\sqrt{x + 7} = 35 - 2x.\\]Enter all the solutions, separated by commas.",
    "solution": "**Problem Statement**\n\nRewrite the problem in clear terms:\nFind all real values of $x$ that satisfy the equation $\\sqrt{x} + 2 \\sqrt{x^2 + 7x} + \\sqrt{x + 7} = 35 - 2x$.\n\nKey variables and constraints:\nVariable: $x$\nConstraints: $x \\geq 0$ for the square roots to be defined for real numbers, and the equation to hold.\n\n**Solution Strategy**\n\n1. **Determine the Domain:** Ensure that all square roots are defined. This requires $x \\geq 0$, $x+7 \\geq 0$, and $x^2+7x \\geq 0$. The most restrictive condition is $x \\geq 0$.\n2. **Simplify the Equation:** Use substitution to simplify the equation. Let $u = \\sqrt{x}$ and $v = \\sqrt{x+7}$. Notice that $uv = \\sqrt{x(x+7)} = \\sqrt{x^2+7x}$.\n3. **Solve the Transformed Equation:** Substitute $u$ and $v$ into the equation and use the relation between $u$ and $v$, which is $v^2 - u^2 = 7$.\n4. **Solve for $u$ (or $x$):** Solve the resulting equation for $u$. Since $u = \\sqrt{x}$, we must have $u \\geq 0$.\n5. **Verify the Solution(s):** Substitute the obtained value(s) of $x$ back into the original equation to check for validity.\n\n**Step-by-Step Solution**\n\n1. **Domain:** For the equation to be defined for real numbers, we require $x \\geq 0$, $x+7 \\geq 0$, and $x^2+7x \\geq 0$. All of these are satisfied if $x \\geq 0$.\n\n2. **Substitution:** Let $u = \\sqrt{x}$ and $v = \\sqrt{x+7}$. Then $u \\geq 0$ and $v > 0$.\nThe equation becomes $u + 2 \\sqrt{x(x+7)} + v = 35 - 2x$.\nSubstituting $u = \\sqrt{x}$ and $v = \\sqrt{x+7}$, we have $\\sqrt{x(x+7)} = \\sqrt{x} \\sqrt{x+7} = uv$.\nThe equation in terms of $u$ and $v$ is $u + 2uv + v = 35 - 2u^2$.\n\n3. **Solve the Transformed Equation:** Rearrange the equation: $2u^2 + u + v + 2uv - 35 = 0$.\nIsolate terms with $v$: $v(1 + 2u) = 35 - 2u^2 - u$.\n$v = \\frac{35 - 2u^2 - u}{1 + 2u}$.\nSince $v = \\sqrt{x+7} = \\sqrt{u^2 + 7}$, we have $\\sqrt{u^2 + 7} = \\frac{35 - 2u^2 - u}{1 + 2u}$.\nSquare both sides: $u^2 + 7 = \\left( \\frac{35 - 2u^2 - u}{1 + 2u} \\right)^2$.\n$(u^2 + 7) (1 + 2u)^2 = (35 - 2u^2 - u)^2$.\n$(u^2 + 7) (1 + 4u + 4u^2) = (35 - (2u^2 + u))^2$.\n$u^2(1 + 4u + 4u^2) + 7(1 + 4u + 4u^2) = 35^2 - 2 \\cdot 35 (2u^2 + u) + (2u^2 + u)^2$.\n$u^2 + 4u^3 + 4u^4 + 7 + 28u + 28u^2 = 1225 - 70 (2u^2 + u) + (4u^4 + 4u^3 + u^2)$.\n$4u^4 + 4u^3 + 29u^2 + 28u + 7 = 1225 - 140u^2 - 70u + 4u^4 + 4u^3 + u^2$.\n$29u^2 + 28u + 7 = 1225 - 140u^2 - 70u + u^2$.\n$29u^2 - u^2 + 28u + 70u + 7 - 1225 = 0$.\n$28u^2 + 98u - 1218 = 0$. Divide by 14: $2u^2 + 7u - 87 = 0$.\nWait, previous calculation divided by 2 then 7, so divided by 14 is wrong.\n$168u^2 + 98u - 1218 = 0$. Divide by 14: $12u^2 + 7u - 87 = 0$.\n$u = \\frac{-7 \\pm \\sqrt{7^2 - 4(12)(-87)}}{2(12)} = \\frac{-7 \\pm \\sqrt{49 + 4176}}{24} = \\frac{-7 \\pm \\sqrt{4225}}{24} = \\frac{-7 \\pm 65}{24}$.\nSince $u \\geq 0$, $u = \\frac{-7 + 65}{24} = \\frac{58}{24} = \\frac{29}{12}$.\n\n4. **Solve for $x$:** $x = u^2 = \\left( \\frac{29}{12} \\right)^2 = \\frac{841}{144}$.\n\n5. **Verify the Solution:**\nLHS = $\\sqrt{\\frac{841}{144}} + 2 \\sqrt{(\\frac{841}{144})^2 + 7(\\frac{841}{144})} + \\sqrt{\\frac{841}{144} + 7}$\n$= \\frac{29}{12} + 2 \\sqrt{\\frac{841}{144} (\\frac{841}{144} + 7)} + \\sqrt{\\frac{841+7 \\cdot 144}{144}}$\n$= \\frac{29}{12} + 2 \\sqrt{\\frac{841}{144} (\\frac{841+1008}{144})} + \\sqrt{\\frac{1849}{144}}$\n$= \\frac{29}{12} + 2 \\sqrt{\\frac{841}{144} \\cdot \\frac{1849}{144}} + \\frac{43}{12}$\n$= \\frac{29}{12} + 2 \\frac{\\sqrt{841} \\sqrt{1849}}{144} + \\frac{43}{12}$\n$= \\frac{29}{12} + 2 \\frac{29 \\cdot 43}{144} + \\frac{43}{12} = \\frac{29}{12} + \\frac{1247}{72} + \\frac{43}{12}$\n$= \\frac{6 \\cdot 29 + 1247 + 6 \\cdot 43}{72} = \\frac{174 + 1247 + 258}{72} = \\frac{1679}{72}$.\nRHS = $35 - 2x = 35 - 2 \\cdot \\frac{841}{144} = 35 - \\frac{841}{72} = \\frac{35 \\cdot 72 - 841}{72} = \\frac{2520 - 841}{72} = \\frac{1679}{72}$.\nLHS = RHS.\n\n**Final Answer:**\nFinal Answer: The final answer is $\\boxed{\\frac{841}{144}}$",
    "metrics": {
        "length": 3817,
        "has_latex": true
    },
    "validation_response": null
}