{
    "problem": "For a positive integer $n,$ let\n\\[a_n = \\sum_{k = 0}^n \\frac{1}{\\binom{n}{k}} \\quad \\text{and} \\quad b_n = \\sum_{k = 0}^n \\frac{k}{\\binom{n}{k}}.\\]Simplify $\\frac{a_n}{b_n}.$",
    "solution": "## Solution\n\n### 1. Problem Statement\nFor a positive integer $n,$ we are given two sums:\n\\[a_n = \\sum_{k = 0}^n \\frac{1}{\\binom{n}{k}}\\]\n\\[b_n = \\sum_{k = 0}^n \\frac{k}{\\binom{n}{k}}\\]\nWe need to simplify the ratio $\\frac{a_n}{b_n}.$\nThe key variables are $a_n$ and $b_n,$ which are sums involving binomial coefficients and the index of summation $k.$ The constraint is that $n$ is a positive integer.\n\n### 2. Solution Strategy\nWe will use the property of binomial coefficients that $\\binom{n}{k} = \\binom{n}{n-k}.$ We will apply this property to the expression for $b_n$ and manipulate it to relate it to $a_n.$ Specifically, we will replace $k$ with $n-k$ in the sum for $b_n$ and see if we can express $b_n$ in terms of $a_n$ and $b_n$ itself. This should allow us to find the ratio $\\frac{a_n}{b_n}.$\n\n### 3. Step-by-Step Solution\nWe start with the expression for $b_n$:\n\\[b_n = \\sum_{k = 0}^n \\frac{k}{\\binom{n}{k}}.\\]\nUsing the property $\\binom{n}{k} = \\binom{n}{n-k},$ we can rewrite the denominator:\n\\[b_n = \\sum_{k = 0}^n \\frac{k}{\\binom{n}{n-k}}.\\]\nNow, we perform a change of index. Let $j = n-k.$ Then $k = n-j.$ When $k=0,$ $j=n.$ When $k=n,$ $j=0.$ The summation index changes from $k$ to $j,$ running from $n$ down to $0.$\n\\[b_n = \\sum_{j = n}^0 \\frac{n-j}{\\binom{n}{j}}.\\]\nWe can reverse the order of summation, so the index runs from $0$ to $n$:\n\\[b_n = \\sum_{j = 0}^n \\frac{n-j}{\\binom{n}{j}}.\\]\nReplacing the index variable $j$ with $k,$ we get:\n\\[b_n = \\sum_{k = 0}^n \\frac{n-k}{\\binom{n}{k}}.\\]\nWe can split the fraction into two terms:\n\\[b_n = \\sum_{k = 0}^n \\left( \\frac{n}{\\binom{n}{k}} - \\frac{k}{\\binom{n}{k}} \\right) = \\sum_{k = 0}^n \\frac{n}{\\binom{n}{k}} - \\sum_{k = 0}^n \\frac{k}{\\binom{n}{k}}.\\]\nWe can factor out the constant $n$ from the first sum:\n\\[b_n = n \\sum_{k = 0}^n \\frac{1}{\\binom{n}{k}} - \\sum_{k = 0}^n \\frac{k}{\\binom{n}{k}}.\\]\nWe recognize the first sum as $a_n$ and the second sum as $b_n.$ Substituting these definitions, we get:\n\\[b_n = n a_n - b_n.\\]\nNow, we want to solve for the ratio $\\frac{a_n}{b_n}.$ Add $b_n$ to both sides of the equation:\n\\[2b_n = n a_n.\\]\nDivide both sides by $n b_n$ (since $n$ is a positive integer and $b_n > 0$ for $n \\ge 1,$ we can divide by $n b_n$):\n\\[\\frac{2b_n}{n b_n} = \\frac{n a_n}{n b_n}.\\]\nSimplifying both sides, we get:\n\\[\\frac{2}{n} = \\frac{a_n}{b_n}.\\]\nThus, $\\frac{a_n}{b_n} = \\frac{2}{n}.$\n\n### 4. Final Answer\nFinal Answer: The final answer is $\\boxed{\\frac{2}{n}}$",
    "metrics": {
        "length": 2461,
        "has_latex": true
    },
    "validation_response": null
}