{
    "problem": "Given that $x<1$ and \\[(\\log_{10} x)^2 - \\log_{10}(x^2) = 48,\\]compute the value of \\[(\\log_{10}x)^3 - \\log_{10}(x^3).\\]",
    "solution": "## Detailed Solution\n\n1. **Problem Statement**\nGiven that $x<1$ and the equation $(\\log_{10} x)^2 - \\log_{10}(x^2) = 48$, we are asked to compute the value of the expression $(\\log_{10}x)^3 - \\log_{10}(x^3)$.\nKey variables: $x$.\nConstraints: $x<1$.\nGiven equation: $(\\log_{10} x)^2 - \\log_{10}(x^2) = 48$.\nTarget expression: $(\\log_{10}x)^3 - \\log_{10}(x^3)$.\n\n2. **Solution Strategy**\nLet $y = \\log_{10} x$. We will substitute $y$ into the given equation and the target expression to simplify them. We will use the logarithm property $\\log_{b}(a^c) = c \\log_{b}(a)$.\nFrom the given equation, we will solve for $y$. Since $x<1$, we know that $\\log_{10} x < \\log_{10} 1 = 0$, so $y<0$. We will select the valid solution for $y$ based on this condition.\nThen we will substitute the valid $y$ into the simplified target expression to compute the final value.\n\nRelevant formulas:\n- Logarithm power rule: $\\log_{b}(a^c) = c \\log_{b}(a)$\n- Solving quadratic equation $ay^2+by+c=0$.\n\n3. **Step-by-Step Solution**\nLet $y = \\log_{10} x$.\nThe given equation is $(\\log_{10} x)^2 - \\log_{10}(x^2) = 48$.\nUsing the logarithm power rule, $\\log_{10}(x^2) = 2 \\log_{10} x$.\nSubstituting this into the given equation, we get:\n$(\\log_{10} x)^2 - 2 \\log_{10} x = 48$.\nReplacing $\\log_{10} x$ with $y$, we have:\n$y^2 - 2y = 48$.\nRearranging the equation to form a quadratic equation:\n$y^2 - 2y - 48 = 0$.\nWe can factor this quadratic equation. We need two numbers that multiply to -48 and add up to -2. These numbers are -8 and 6.\nSo, we can factor the equation as:\n$(y-8)(y+6) = 0$.\nThe solutions for $y$ are $y-8=0$ or $y+6=0$.\nThus, $y = 8$ or $y = -6$.\nSince we are given that $x<1$, we must have $\\log_{10} x < \\log_{10} 1 = 0$. Therefore, $y = \\log_{10} x < 0$.\nSo, the valid solution is $y = -6$.\n\nNow we need to compute the value of $(\\log_{10}x)^3 - \\log_{10}(x^3)$.\nUsing the logarithm power rule, $\\log_{10}(x^3) = 3 \\log_{10} x$.\nSubstituting this into the expression, we get:\n$(\\log_{10}x)^3 - 3 \\log_{10} x$.\nReplacing $\\log_{10} x$ with $y$, we have:\n$y^3 - 3y$.\nSubstitute the valid value of $y = -6$ into this expression:\n$(-6)^3 - 3(-6) = (-6) \\times (-6) \\times (-6) - (3 \\times -6) = 36 \\times (-6) - (-18) = -216 - (-18) = -216 + 18 = -198$.\n\n4. **Final Answer**\nThe value of $(\\log_{10}x)^3 - \\log_{10}(x^3)$ is $-198$.\nLet's box the final answer.\n\nFinal Answer: $\\boxed{-198}$",
    "metrics": {
        "length": 2199,
        "has_latex": false
    },
    "validation_response": null
}