{
    "problem": "Alpha and Beta both took part in a two-day problem-solving competition. At the end of the second day, each had attempted questions worth a total of 500 points. Alpha scored 160 points out of 300 points attempted on the first day, and scored 140 points out of 200 points attempted on the second day. Beta, who did not attempt 300 points on the first day, had a positive integer score on each of the two days, and Beta's daily success ratio (points scored divided by points attempted) on each day was less than Alpha's on that day. Alpha's two-day success ratio was $300/500 = 3/5$.\n\nFind the largest possible two-day success ratio that Beta could have achieved.",
    "solution": "## Solution:\n\n### 1. Problem Statement\nAlpha and Beta participated in a two-day problem-solving competition. Both attempted a total of 500 points worth of questions over the two days.\nAlpha's performance:\n- Day 1: Attempted 300 points, Scored 160 points. Success ratio = 160/300 = 8/15.\n- Day 2: Attempted 200 points, Scored 140 points. Success ratio = 140/200 = 7/10.\n- Two-day success ratio = (160+140) / (300+200) = 300/500 = 3/5.\n\nBeta's performance:\n- Total attempted points over two days = 500.\n- Attempted points on Day 1 ($A_{B1}$) < 300.\n- Positive integer score on each day ($S_{B1} \\ge 1$, $S_{B2} \\ge 1$, $S_{B1}, S_{B2} \\in \\mathbb{Z}$).\n- Beta's Day 1 success ratio ($S_{B1}/A_{B1}$) < Alpha's Day 1 success ratio (8/15).\n- Beta's Day 2 success ratio ($S_{B2}/A_{B2}$) < Alpha's Day 2 success ratio (7/10).\n\nObjective: Find the largest possible two-day success ratio for Beta, which is $(S_{B1} + S_{B2}) / 500$. To maximize this ratio, we need to maximize $S_{B1} + S_{B2}$.\n\nKey variables and constraints:\n- $A_{B1} + A_{B2} = 500$\n- $0 < A_{B1} < 300$ (integer)\n- $A_{B2} = 500 - A_{B1} > 200$ (integer)\n- $S_{B1} \\le \\lfloor \\frac{8}{15} A_{B1} \\rfloor$ (integer, $S_{B1} \\ge 1$)\n- $S_{B2} \\le \\lfloor \\frac{7}{10} A_{B2} \\rfloor = \\lfloor \\frac{7}{10} (500 - A_{B1}) \\rfloor$ (integer, $S_{B2} \\ge 1$)\n- Maximize $S_{B1} + S_{B2} = \\lfloor \\frac{8}{15} A_{B1} \\rfloor + \\lfloor \\frac{7}{10} (500 - A_{B1}) \\rfloor$\n\n### 2. Solution Strategy\nWe need to find the integer value of $A_{B1}$ within the constraint $0 < A_{B1} < 300$ that maximizes $S_{B1} + S_{B2} = \\lfloor \\frac{8}{15} A_{B1} \\rfloor + \\lfloor 350 - \\frac{7}{10} A_{B1} \\rfloor$. We can test integer values of $A_{B1}$ starting from the smallest value that allows $S_{B1} \\ge 1$.\nWe know that for $S_{B1} \\ge 1$, we need $\\frac{8}{15} A_{B1} \\ge 1$, so $A_{B1} \\ge \\frac{15}{8} = 1.875$. Thus, the smallest integer $A_{B1}$ to consider is 2.\nWe can check values of $A_{B1}$ near this minimum and see how the sum $S_{B1} + S_{B2}$ changes.\n\n### 3. Step-by-Step Solution\nLet's evaluate $S_{B1} + S_{B2}$ for different integer values of $A_{B1}$ starting from $A_{B1} = 2$.\n\nCase 1: $A_{B1} = 2$\n$S_{B1} = \\lfloor \\frac{8}{15} \\times 2 \\rfloor = \\lfloor \\frac{16}{15} \\rfloor = 1$\n$A_{B2} = 500 - 2 = 498$\n$S_{B2} = \\lfloor \\frac{7}{10} \\times 498 \\rfloor = \\lfloor \\frac{3486}{10} \\rfloor = \\lfloor 348.6 \\rfloor = 348$\n$S_{B1} + S_{B2} = 1 + 348 = 349$\n\nCase 2: $A_{B1} = 3$\n$S_{B1} = \\lfloor \\frac{8}{15} \\times 3 \\rfloor = \\lfloor \\frac{24}{15} \\rfloor = \\lfloor \\frac{8}{5} \\rfloor = \\lfloor 1.6 \\rfloor = 1$\n$A_{B2} = 500 - 3 = 497$\n$S_{B2} = \\lfloor \\frac{7}{10} \\times 497 \\rfloor = \\lfloor \\frac{3479}{10} \\rfloor = \\lfloor 347.9 \\rfloor = 347$\n$S_{B1} + S_{B2} = 1 + 347 = 348$\n\nCase 3: $A_{B1} = 4$\n$S_{B1} = \\lfloor \\frac{8}{15} \\times 4 \\rfloor = \\lfloor \\frac{32}{15} \\rfloor = \\lfloor 2.133 \\rfloor = 2$\n$A_{B2} = 500 - 4 = 496$\n$S_{B2} = \\lfloor \\frac{7}{10} \\times 496 \\rfloor = \\lfloor \\frac{3472}{10} \\rfloor = \\lfloor 347.2 \\rfloor = 347$\n$S_{B1} + S_{B2} = 2 + 347 = 349$\n\nCase 4: $A_{B1} = 5$\n$S_{B1} = \\lfloor \\frac{8}{15} \\times 5 \\rfloor = \\lfloor \\frac{40}{15} \\rfloor = \\lfloor \\frac{8}{3} \\rfloor = \\lfloor 2.666 \\rfloor = 2$\n$A_{B2} = 500 - 5 = 495$\n$S_{B2} = \\lfloor \\frac{7}{10} \\times 495 \\rfloor = \\lfloor \\frac{3465}{10} \\rfloor = \\lfloor 346.5 \\rfloor = 346$\n$S_{B1} + S_{B2} = 2 + 346 = 348$\n\nCase 5: $A_{B1} = 15$\n$S_{B1} = \\lfloor \\frac{8}{15} \\times 15 \\rfloor = 8$\n$A_{B2} = 500 - 15 = 485$\n$S_{B2} = \\lfloor \\frac{7}{10} \\times 485 \\rfloor = \\lfloor \\frac{3395}{10} \\rfloor = \\lfloor 339.5 \\rfloor = 339$\n$S_{B1} + S_{B2} = 8 + 339 = 347$\n\nCase 6: $A_{B1} = 300 - 1 = 299$\n$S_{B1} = \\lfloor \\frac{8}{15} \\times 299 \\rfloor = \\lfloor \\frac{2392}{15} \\rfloor = \\lfloor 159.466 \\rfloor = 159$\n$A_{B2} = 500 - 299 = 201$\n$S_{B2} = \\lfloor \\frac{7}{10} \\times 201 \\rfloor = \\lfloor \\frac{1407}{10} \\rfloor = \\lfloor 140.7 \\rfloor = 140$\n$S_{B1} + S_{B2} = 159 + 140 = 299$\n\nFrom the cases we checked, the maximum value of $S_{B1} + S_{B2}$ seems to be 349, achieved when $A_{B1} = 2$ or $A_{B1} = 4$.\nLet's verify for $A_{B1} = 4$:\nDay 1 (Beta): Attempted 4 points, Scored 2 points. Success ratio = $2/4 = 1/2 = 0.5 < 8/15 \\approx 0.533$.\nDay 2 (Beta): Attempted 496 points, Scored 347 points. Success ratio = $347/496 \\approx 0.6995 < 7/10 = 0.7$.\nTwo-day success ratio = $(2+347)/500 = 349/500 = 0.698$.\n\nLet's verify for $A_{B1} = 2$:\nDay 1 (Beta): Attempted 2 points, Scored 1 point. Success ratio = $1/2 = 0.5 < 8/15 \\approx 0.533$.\nDay 2 (Beta): Attempted 498 points, Scored 348 points. Success ratio = $348/498 = 58/83 \\approx 0.6988 < 7/10 = 0.7$.\nTwo-day success ratio = $(1+348)/500 = 349/500 = 0.698$.\n\nThe largest possible sum of scores is 349.\nThe largest possible two-day success ratio for Beta is $349/500$.\n\n### 4. Final Answer\nFinal Answer: The final answer is $\\boxed{\\frac{349}{500}}$",
    "metrics": {
        "length": 4919,
        "has_latex": true
    },
    "validation_response": null
}