{
    "problem": "Let $f(x) = x^2 + 6x + c$ for all real numbers $x$, where $c$ is some real number.  For what values of $c$ does $f(f(x))$ have exactly $3$ distinct real roots?",
    "solution": "## Problem Solution\n\n**1. Problem Statement**\n\nGiven the function $f(x) = x^2 + 6x + c$, where $c$ is a real number, we need to find the values of $c$ for which the composite function $f(f(x))$ has exactly $3$ distinct real roots.\n\nKey variables and constraints:\n- $f(x) = x^2 + 6x + c$\n- $f(f(x))$ must have exactly $3$ distinct real roots\n- $c$ is a real number\n\n**2. Solution Strategy**\n\nLet $y = f(x)$. Then $f(f(x)) = f(y) = y^2 + 6y + c$.\nFirst, find the roots of $f(y) = 0$. Let these roots be $y_1$ and $y_2$.\nThen, we need to solve $f(x) = y_1$ and $f(x) = y_2$.\nFor $f(f(x))$ to have exactly $3$ distinct real roots, one of the equations $f(x) = y_1$ or $f(x) = y_2$ must have exactly one real root (repeated root), and the other must have exactly two distinct real roots.\nThe discriminant of a quadratic equation $ax^2+bx+d=0$ is $\\Delta = b^2 - 4ad$.\n- $\\Delta = 0$: one real root (repeated root)\n- $\\Delta > 0$: two distinct real roots\n- $\\Delta < 0$: no real roots\n\nFormulas and Theorems:\n- Quadratic formula: For $ax^2+bx+c=0$, roots are $x = \\frac{-b \\pm \\sqrt{b^2 - 4ac}}{2a}$.\n- Discriminant of quadratic equation $\\Delta = b^2 - 4ac$.\n\n**3. Step-by-Step Solution**\n\nFirst, solve $f(y) = y^2 + 6y + c = 0$ for $y$.\nUsing the quadratic formula, $y = \\frac{-6 \\pm \\sqrt{6^2 - 4(1)(c)}}{2} = \\frac{-6 \\pm \\sqrt{36 - 4c}}{2} = -3 \\pm \\sqrt{9 - c}$.\nFor $y$ to be real, we need $9 - c \\ge 0$, i.e., $c \\le 9$.\nLet $y_1 = -3 - \\sqrt{9 - c}$ and $y_2 = -3 + \\sqrt{9 - c}$.\n\nNow we consider the equations $f(x) = y_1$ and $f(x) = y_2$.\nFor $f(x) = y_1$: $x^2 + 6x + c = y_1 \\Rightarrow x^2 + 6x + (c - y_1) = 0$.\nDiscriminant $D_1 = 6^2 - 4(1)(c - y_1) = 36 - 4c + 4y_1 = 4(9 - c + y_1)$.\nFor $f(x) = y_2$: $x^2 + 6x + c = y_2 \\Rightarrow x^2 + 6x + (c - y_2) = 0$.\nDiscriminant $D_2 = 6^2 - 4(1)(c - y_2) = 36 - 4c + 4y_2 = 4(9 - c + y_2)$.\n\nFor exactly $3$ distinct real roots, we need either ($D_1 = 0$ and $D_2 > 0$) or ($D_1 > 0$ and $D_2 = 0$).\n\nCase 1: $D_1 = 0$ and $D_2 > 0$.\n$D_1 = 4(9 - c + y_1) = 0 \\Rightarrow y_1 = c - 9$.\nSubstitute $y_1 = -3 - \\sqrt{9 - c}$:\n$c - 9 = -3 - \\sqrt{9 - c}$\n$c - 6 = - \\sqrt{9 - c}$\nFor this to have a real solution, $c - 6 \\le 0 \\Rightarrow c \\le 6$.\nSquare both sides: $(c - 6)^2 = (-\\sqrt{9 - c})^2$\n$c^2 - 12c + 36 = 9 - c$\n$c^2 - 11c + 27 = 0$\n$c = \\frac{11 \\pm \\sqrt{11^2 - 4(1)(27)}}{2} = \\frac{11 \\pm \\sqrt{121 - 108}}{2} = \\frac{11 \\pm \\sqrt{13}}{2}$.\nWe need $c \\le 6$.\n$c_1 = \\frac{11 + \\sqrt{13}}{2} \\approx \\frac{11 + 3.6}{2} = 7.3 > 6$ (Not valid since $c \\le 6$ is needed).\n$c_2 = \\frac{11 - \\sqrt{13}}{2} \\approx \\frac{11 - 3.6}{2} = 3.7 < 6$ (Valid).\nLet $c = \\frac{11 - \\sqrt{13}}{2}$.\n$y_1 = c - 9 = \\frac{11 - \\sqrt{13}}{2} - 9 = \\frac{11 - \\sqrt{13} - 18}{2} = \\frac{-7 - \\sqrt{13}}{2}$.\n$y_2 = -3 + \\sqrt{9 - c} = -3 + \\sqrt{9 - \\frac{11 - \\sqrt{13}}{2}} = -3 + \\sqrt{\\frac{18 - 11 + \\sqrt{13}}{2}} = -3 + \\sqrt{\\frac{7 + \\sqrt{13}}{2}}$.\nCheck $D_2 > 0$: $D_2 = 4(9 - c + y_2) = 4(9 - c + (-3 + \\sqrt{9 - c})) = 4(6 - c + \\sqrt{9 - c})$.\nSince $c - 6 = - \\sqrt{9 - c}$, then $\\sqrt{9 - c} = 6 - c$.\n$D_2 = 4(6 - c + (6 - c)) = 4(12 - 2c) = 8(6 - c)$.\nFor $c = \\frac{11 - \\sqrt{13}}{2} < 6$, $6 - c > 0$, so $D_2 > 0$.\n\nCase 2: $D_1 > 0$ and $D_2 = 0$.\n$D_2 = 4(9 - c + y_2) = 0 \\Rightarrow y_2 = c - 9$.\nSubstitute $y_2 = -3 + \\sqrt{9 - c}$:\n$c - 9 = -3 + \\sqrt{9 - c}$\n$c - 6 = \\sqrt{9 - c}$\nFor this to have a real solution, $c - 6 \\ge 0 \\Rightarrow c \\ge 6$.\nSquare both sides: $(c - 6)^2 = (\\sqrt{9 - c})^2$\n$c^2 - 12c + 36 = 9 - c$\n$c^2 - 11c + 27 = 0$\n$c = \\frac{11 \\pm \\sqrt{13}}{2}$.\nWe need $c \\ge 6$.\n$c_1 = \\frac{11 + \\sqrt{13}}{2} \\approx 7.3 > 6$ (Valid).\n$c_2 = \\frac{11 - \\sqrt{13}}{2} \\approx 3.7 < 6$ (Not valid since $c \\ge 6$ is needed).\nLet $c = \\frac{11 + \\sqrt{13}}{2}$.\n$y_2 = c - 9 = \\frac{11 + \\sqrt{13}}{2} - 9 = \\frac{-7 + \\sqrt{13}}{2}$.\n$y_1 = -3 - \\sqrt{9 - c} = -3 - \\sqrt{9 - \\frac{11 + \\sqrt{13}}{2}} = -3 - \\sqrt{\\frac{18 - 11 - \\sqrt{13}}{2}} = -3 - \\sqrt{\\frac{7 - \\sqrt{13}}{2}}$.\nCheck $D_1 > 0$: $D_1 = 4(9 - c + y_1) = 4(9 - c + (-3 - \\sqrt{9 - c})) = 4(6 - c - \\sqrt{9 - c})$.\nSince $c - 6 = \\sqrt{9 - c}$, then $\\sqrt{9 - c} = c - 6$.\n$D_1 = 4(6 - c - (c - 6)) = 4(12 - 2c) = 8(6 - c)$.\nFor $c = \\frac{11 + \\sqrt{13}}{2} > 6$, $6 - c < 0$, so $D_1 < 0$.\n\nOnly Case 1 gives 3 distinct real roots, which happens when $c = \\frac{11 - \\sqrt{13}}{2}$.\n\n**4. Final Answer**\n\nFinal Answer: The final answer is $\\boxed{\\frac{11 - \\sqrt{13}}{2}}$",
    "metrics": {
        "length": 4457,
        "has_latex": true
    },
    "validation_response": null
}