{
    "problem": "Find the minimum value of\n\\[x^2 + 2xy + 3y^2 - 6x - 2y,\\]over all real numbers $x$ and $y.$",
    "solution": "### Problem Statement\nFind the minimum value of the function $f(x, y) = x^2 + 2xy + 3y^2 - 6x - 2y$, where $x$ and $y$ are real numbers.\nThe variables are $x$ and $y$, and we need to find the minimum value of the given quadratic expression without any constraints on $x$ and $y$ other than being real numbers.\n\n### Solution Strategy\nWe will use the method of completing the square to rewrite the quadratic expression in a form that reveals the minimum value. We can also use calculus by finding the critical points using partial derivatives and checking the second derivative test to confirm it is a minimum. We will use completing the square method in the step-by-step solution.\n\n### Step-by-Step Solution\nWe want to minimize $f(x, y) = x^2 + 2xy + 3y^2 - 6x - 2y.$\nFirst, group the terms involving $x$:\n\\[ f(x, y) = (x^2 + (2y - 6)x) + 3y^2 - 2y. \\]\nTo complete the square for the terms in parentheses, we take half of the coefficient of $x$, which is $(2y - 6)/2 = y - 3$, and square it, which is $(y - 3)^2 = y^2 - 6y + 9.$\nSo we can write\n\\begin{align*} x^2 + (2y - 6)x &= x^2 + (2y - 6)x + (y - 3)^2 - (y - 3)^2 \\\\ &= (x + (y - 3))^2 - (y - 3)^2 \\\\ &= (x + y - 3)^2 - (y^2 - 6y + 9). \\end{align*}\nSubstituting this back into the expression for $f(x, y)$, we get\n\\begin{align*} f(x, y) &= (x + y - 3)^2 - (y^2 - 6y + 9) + 3y^2 - 2y \\\\ &= (x + y - 3)^2 - y^2 + 6y - 9 + 3y^2 - 2y \\\\ &= (x + y - 3)^2 + 2y^2 + 4y - 9. \\end{align*}\nNow we need to minimize $2y^2 + 4y - 9$. We can complete the square for the terms involving $y$:\n\\begin{align*} 2y^2 + 4y - 9 &= 2(y^2 + 2y) - 9 \\\\ &= 2(y^2 + 2y + 1 - 1) - 9 \\\\ &= 2((y + 1)^2 - 1) - 9 \\\\ &= 2(y + 1)^2 - 2 - 9 \\\\ &= 2(y + 1)^2 - 11. \\end{align*}\nSubstituting this back into the expression for $f(x, y)$, we get\n\\[ f(x, y) = (x + y - 3)^2 + 2(y + 1)^2 - 11. \\]\nSince $(x + y - 3)^2 \\ge 0$ and $2(y + 1)^2 \\ge 0$ for all real numbers $x$ and $y$, the minimum value of $f(x, y)$ is achieved when both squared terms are minimized to 0.\nThis occurs when $y + 1 = 0$ and $x + y - 3 = 0$.\nFrom $y + 1 = 0$, we get $y = -1$.\nSubstituting $y = -1$ into $x + y - 3 = 0$, we get $x + (-1) - 3 = 0$, so $x - 4 = 0$, which means $x = 4$.\nAt $x = 4$ and $y = -1$, the value of $f(x, y)$ is\n\\[ f(4, -1) = (4 + (-1) - 3)^2 + 2(-1 + 1)^2 - 11 = (0)^2 + 2(0)^2 - 11 = -11. \\]\nThus, the minimum value of the expression is $-11$.\n\n### Final Answer\nThe minimum value of $x^2 + 2xy + 3y^2 - 6x - 2y$ is $\\boxed{-11}$",
    "metrics": {
        "length": 2445,
        "has_latex": true
    },
    "validation_response": null
}