{
    "problem": "If\n\\begin{align*}\na + b + c &= 1, \\\\\na^2 + b^2 + c^2 &= 2, \\\\\na^3 + b^3 + c^3 &= 3,\n\\end{align*}find $a^4 + b^4 + c^4.$",
    "solution": "### Problem Statement\nGiven the following system of equations:\n\\begin{align*} \\label{eq:1} a + b + c &= 1 \\\\ a^2 + b^2 + c^2 &= 2 \\\\ a^3 + b^3 + c^3 &= 3\\end{align*}\nfind the value of $a^4 + b^4 + c^4.$\n\nKey variables are $a, b, c$.\nConstraints are the three given equations.\n\n### 2. Solution Strategy\nWe will use Newton's sums to solve this problem. Newton's sums relate power sums to elementary symmetric polynomials. Let $p_k = a^k + b^k + c^k$ and let $e_1 = a+b+c$, $e_2 = ab+ac+bc$, $e_3 = abc$ be the elementary symmetric polynomials.\nThe Newton's sums for three variables are:\n\\begin{align*} p_1 &= e_1 \\\\ p_2 &= e_1 p_1 - 2 e_2 \\\\ p_3 &= e_1 p_2 - e_2 p_1 + 3 e_3 \\\\ p_4 &= e_1 p_3 - e_2 p_2 + e_3 p_1\\end{align*}\nWe are given $p_1 = 1$, $p_2 = 2$, $p_3 = 3$. We will first find $e_1, e_2, e_3$ using the first three Newton's sum equations, and then use these values to find $p_4$ using the fourth Newton's sum equation.\n\n### 3. Step-by-Step Solution\nFrom the first equation, $p_1 = e_1 = 1$.\nFrom the second equation, $p_2 = e_1 p_1 - 2 e_2$.\nSubstituting the given values $p_1 = 1, p_2 = 2$ and $e_1 = 1$, we get:\n$2 = (1)(1) - 2 e_2$\n$2 = 1 - 2 e_2$\n$2 e_2 = 1 - 2$\n$2 e_2 = -1$\n$e_2 = -\\frac{1}{2}$.\n\nFrom the third equation, $p_3 = e_1 p_2 - e_2 p_1 + 3 e_3$.\nSubstituting the given values $p_1 = 1, p_2 = 2, p_3 = 3$ and $e_1 = 1, e_2 = -\\frac{1}{2}$, we get:\n$3 = (1)(2) - (-\\frac{1}{2})(1) + 3 e_3$\n$3 = 2 + \\frac{1}{2} + 3 e_3$\n$3 = \\frac{4}{2} + \\frac{1}{2} + 3 e_3$\n$3 = \\frac{5}{2} + 3 e_3$\n$3 - \\frac{5}{2} = 3 e_3$\n$\\frac{6}{2} - \\frac{5}{2} = 3 e_3$\n$\\frac{1}{2} = 3 e_3$\n$e_3 = \\frac{1}{6}$.\n\nNow we can use the fourth Newton's sum equation to find $p_4 = a^4 + b^4 + c^4$:\n$p_4 = e_1 p_3 - e_2 p_2 + e_3 p_1$.\nSubstituting the values $e_1 = 1, e_2 = -\\frac{1}{2}, e_3 = \\frac{1}{6}$ and $p_1 = 1, p_2 = 2, p_3 = 3$, we get:\n$p_4 = (1)(3) - (-\\frac{1}{2})(2) + (\\frac{1}{6})(1)$\n$p_4 = 3 - (-1) + \\frac{1}{6}$\n$p_4 = 3 + 1 + \\frac{1}{6}$\n$p_4 = 4 + \\frac{1}{6}$\n$p_4 = \\frac{24}{6} + \\frac{1}{6}$\n$p_4 = \\frac{25}{6}$.\n\n### 4. Final Answer\nFinal Answer: The final answer is $\\boxed{\\frac{25}{6}}$",
    "metrics": {
        "length": 2121,
        "has_latex": true
    },
    "validation_response": null
}