{
    "problem": "The terms of the sequence $(a_i)$ defined by $a_{n + 2} = \\frac {a_n + 2009} {1 + a_{n + 1}}$ for $n \\ge 1$ are positive integers. Find the minimum possible value of $a_1 + a_2$.",
    "solution": "## Problem Statement\n\nThe sequence $(a_i)$ is defined by the recurrence relation $a_{n + 2} = \\frac {a_n + 2009} {1 + a_{n + 1}}$ for $n \\ge 1$. We are given that all terms of the sequence are positive integers. We need to find the minimum possible value of $a_1 + a_2$.\nKey variables:\n- Sequence $(a_i)$\n- Recurrence relation $a_{n + 2} = \\frac {a_n + 2009} {1 + a_{n + 1}}$\n- Condition: $a_i$ are positive integers for all $i \\ge 1$\n- Objective: Find the minimum value of $a_1 + a_2$\n\n## Solution Strategy\nWe will first investigate if the sequence can be periodic. We will start by checking for period 2. If a period 2 sequence exists, we will find the condition on $a_1, a_2$ and minimize $a_1 + a_2$. We will then argue that this minimum value is indeed the minimum possible value.\n\n## Step-by-Step Solution\n\n1. **Assume Period 2:**\n   Let's assume the sequence is periodic with period 2. This means $a_{n+2} = a_n$ for all $n \\ge 1$.\n   So, $a_3 = a_1$ and $a_4 = a_2$.\n   Using the recurrence relation:\n   For $n = 1$: $a_3 = \\frac{a_1 + 2009}{1 + a_2}$\n   For $n = 2$: $a_4 = \\frac{a_2 + 2009}{1 + a_3}$\n\n2. **Set up equations for Period 2:**\n   Since $a_3 = a_1$ and $a_4 = a_2$, we have:\n   $a_1 = \\frac{a_1 + 2009}{1 + a_2}$  (1)\n   $a_2 = \\frac{a_2 + 2009}{1 + a_1}$  (2)\n\n3. **Solve the equations:**\n   From equation (1): $a_1 (1 + a_2) = a_1 + 2009$\n   $a_1 + a_1 a_2 = a_1 + 2009$\n   $a_1 a_2 = 2009$\n   From equation (2): $a_2 (1 + a_1) = a_2 + 2009$\n   $a_2 + a_2 a_1 = a_2 + 2009$\n   $a_1 a_2 = 2009$\n   Both equations lead to the same condition: $a_1 a_2 = 2009$.\n\n4. **Minimize $a_1 + a_2$:**\n   We need to minimize $a_1 + a_2$ given that $a_1 a_2 = 2009$ and $a_1, a_2$ are positive integers.\n   We know that for positive numbers, by AM-GM inequality, $\\frac{a_1 + a_2}{2} \\ge \\sqrt{a_1 a_2}$, so $a_1 + a_2 \\ge 2 \\sqrt{a_1 a_2} = 2 \\sqrt{2009}$.\n   To find integer pairs $(a_1, a_2)$ such that $a_1 a_2 = 2009$, we need to factorize 2009.\n   $2009 = 7^2 \\times 41$.\n   Factors of 2009 are $1, 7, 41, 49, 7 \\times 41 = 287, 49 \\times 41 = 2009$.\n   Possible pairs $(a_1, a_2)$ are $(1, 2009), (7, 287), (41, 49), (49, 41), (287, 7), (2009, 1)$.\n   Calculate $a_1 + a_2$ for each pair:\n   - $1 + 2009 = 2010$\n   - $7 + 287 = 294$\n   - $41 + 49 = 90$\n   - $49 + 41 = 90$\n   - $287 + 7 = 294$\n   - $2009 + 1 = 2010$\n   The minimum value of $a_1 + a_2$ is 90, achieved when $(a_1, a_2) = (41, 49)$ or $(49, 41)$.\n\n5. **Verify the solution:**\n   Let $a_1 = 41$ and $a_2 = 49$.\n   $a_3 = \\frac{a_1 + 2009}{1 + a_2} = \\frac{41 + 2009}{1 + 49} = \\frac{2050}{50} = 41 = a_1$.\n   $a_4 = \\frac{a_2 + 2009}{1 + a_3} = \\frac{49 + 2009}{1 + 41} = \\frac{2058}{42} = 49 = a_2$.\n   Since $a_3 = a_1$ and $a_4 = a_2$, the sequence is periodic with period 2: $41, 49, 41, 49, \\dots$. All terms are positive integers.\n\n6. **Argument for Minimum:**\n   We found the minimum sum for period 2 sequences.  While we have not rigorously proven that period 2 gives the absolute minimum, our exploration with small values of $a_1+a_2$ suggests that it is difficult to achieve a smaller sum while keeping all terms integers.  Given the structure of the recurrence, and the fact that the minimum for period 2 is found by minimizing the sum of factors of a fixed number, it is highly likely that the minimum value is achieved by a period 2 sequence.  Assuming the minimum is achieved by a period 2 sequence, we have already found the minimum sum to be 90.\n\n## Final Answer\n\nFinal Answer: The final answer is $\\boxed{90}$",
    "metrics": {
        "length": 3508,
        "has_latex": true
    },
    "validation_response": null
}