{
    "problem": "Compute $$\\sum_{n=1}^{\\infty} \\frac{3n-1}{2^n}.$$",
    "solution": "```latex\n\\documentclass{article}\n\\usepackage{amsmath}\n\\usepackage{amssymb}\n\\usepackage{boxedminipage}\n\n\\begin{document}\n\n\\section*{Problem Solution}\n\n\\subsection*{1. Problem Statement}\n\\textbf{Problem:} Compute the sum of the infinite series\n$$S = \\sum_{n=1}^{\\infty} \\frac{3n-1}{2^n}.$$\nHere, the general term of the series is given by $a_n = \\frac{3n-1}{2^n}$, and the summation index $n$ starts from 1 and goes to infinity. We need to find the value of this infinite sum.\n\n\\subsection*{2. Solution Strategy}\nWe will use the properties of geometric series and their derivatives to solve this problem.\nThe series can be split into two parts:\n$$S = \\sum_{n=1}^{\\infty} \\frac{3n}{2^n} - \\sum_{n=1}^{\\infty} \\frac{1}{2^n} = 3 \\sum_{n=1}^{\\infty} \\frac{n}{2^n} - \\sum_{n=1}^{\\infty} \\frac{1}{2^n}.$$\nWe know the formula for the sum of a geometric series:\n$$\\sum_{n=0}^{\\infty} x^n = \\frac{1}{1-x}, \\quad |x| < 1.$$\nFrom this, we can derive the formula for $\\sum_{n=1}^{\\infty} x^n$ and $\\sum_{n=1}^{\\infty} nx^n$.\n\nRelevant Formulas:\n1. Geometric series sum: $\\sum_{n=0}^{\\infty} x^n = \\frac{1}{1-x}$ for $|x|<1$.\n2. Sum of geometric series starting from $n=1$: $\\sum_{n=1}^{\\infty} x^n = \\frac{x}{1-x}$ for $|x|<1$.\n3. Sum of series $\\sum_{n=1}^{\\infty} nx^n$: Differentiating the geometric series and multiplying by $x$.\n\n\\subsection*{3. Step-by-Step Solution}\nLet's first evaluate the second part:\n$$S_1 = \\sum_{n=1}^{\\infty} \\frac{1}{2^n}.$$\nThis is a geometric series with first term $a = \\frac{1}{2}$ and common ratio $r = \\frac{1}{2}$. Since $|r| = \\frac{1}{2} < 1$, the series converges, and its sum is given by:\n$$S_1 = \\frac{a}{1-r} = \\frac{\\frac{1}{2}}{1-\\frac{1}{2}} = \\frac{\\frac{1}{2}}{\\frac{1}{2}} = 1.$$\n\nNow let's evaluate the first part:\n$$S_2 = \\sum_{n=1}^{\\infty} \\frac{n}{2^n}.$$\nConsider the geometric series $\\sum_{n=0}^{\\infty} x^n = \\frac{1}{1-x}$ for $|x|<1$.\nDifferentiating both sides with respect to $x$:\n$$\\frac{d}{dx} \\left(\\sum_{n=0}^{\\infty} x^n\\right) = \\frac{d}{dx} \\left(\\frac{1}{1-x}\\right).$$\n$$\\sum_{n=1}^{\\infty} n x^{n-1} = \\frac{-(-1)}{(1-x)^2} = \\frac{1}{(1-x)^2}.$$\nMultiply both sides by $x$:\n$$x \\sum_{n=1}^{\\infty} n x^{n-1} = x \\frac{1}{(1-x)^2}.$$\n$$\\sum_{n=1}^{\\infty} n x^n = \\frac{x}{(1-x)^2}.$$\nNow substitute $x = \\frac{1}{2}$ into this formula:\n$$S_2 = \\sum_{n=1}^{\\infty} n \\left(\\frac{1}{2}\\right)^n = \\frac{\\frac{1}{2}}{(1-\\frac{1}{2})^2} = \\frac{\\frac{1}{2}}{\\left(\\frac{1}{2}\\right)^2} = \\frac{\\frac{1}{2}}{\\frac{1}{4}} = \\frac{1}{2} \\times 4 = 2.$$\n\nNow we can compute the original sum $S$:\n$$S = 3 \\sum_{n=1}^{\\infty} \\frac{n}{2^n} - \\sum_{n=1}^{\\infty} \\frac{1}{2^n} = 3 S_2 - S_1 = 3(2) - 1 = 6 - 1 = 5.$$\n\n\\subsection*{4. Final Answer}\nThe sum of the series is 5.\n\nFinal Answer: \\boxed{5}\n\nWe verified each step and used the properties of geometric series correctly. The final answer is a finite integer, which is a reasonable result for such a series.\n\\end{document}\n```",
    "metrics": {
        "length": 2933,
        "has_latex": true
    },
    "validation_response": null
}