{
    "problem": "The polynomial\n$$g(x) = x^3 - x^2 - (m^2 + m) x + 2m^2 + 4m + 2$$is divisible by $x-4$ and all of its zeroes are integers. Find all possible values of $m$.",
    "solution": "## Problem Statement\n\nThe polynomial $g(x) = x^3 - x^2 - (m^2 + m) x + 2m^2 + 4m + 2$ is given. We are told that $g(x)$ is divisible by $x-4$ and all of its zeroes are integers. We need to find all possible values of $m$.\n\nKey variables and constraints:\n- Polynomial: $g(x) = x^3 - x^2 - (m^2 + m) x + 2m^2 + 4m + 2$\n- Divisible by $x-4$\n- All zeroes of $g(x)$ are integers\n- Find possible values of $m$\n\n## Solution Strategy\n\n1. **Use the Factor Theorem:** Since $g(x)$ is divisible by $x-4$, we know that $g(4) = 0$. We will substitute $x=4$ into $g(x)$ and solve for $m$.\n2. **Find the quadratic factor:** After finding the value(s) of $m$, we will substitute them back into $g(x)$. Since $x-4$ is a factor, we can perform polynomial division or synthetic division to find the quadratic factor of $g(x)$.\n3. **Check for integer roots:** For each value of $m$, we will find the roots of the quadratic factor. We need to ensure that all roots of $g(x)$ (including $x=4$) are integers.\n4. **Determine possible values of $m$:** Based on the integer root condition, we will determine the possible values of $m$.\n\n## Step-by-Step Solution\n\n**Step 1: Use the Factor Theorem**\n\nSince $g(x)$ is divisible by $x-4$, we have $g(4) = 0$.\n$$g(4) = 4^3 - 4^2 - (m^2 + m) \\times 4 + 2m^2 + 4m + 2 = 0$$\n$$64 - 16 - 4(m^2 + m) + 2m^2 + 4m + 2 = 0$$\n$$48 - 4m^2 - 4m + 2m^2 + 4m + 2 = 0$$\n$$50 - 2m^2 = 0$$\n$$2m^2 = 50$$\n$$m^2 = 25$$\n$$m = \\pm 5$$\nSo, possible values of $m$ are $m=5$ and $m=-5$.\n\n**Step 2: Find the quadratic factor for each value of $m$**\n\nCase 1: $m = 5$\n$$g(x) = x^3 - x^2 - (5^2 + 5) x + 2(5^2) + 4(5) + 2$$\n$$g(x) = x^3 - x^2 - (25 + 5) x + 2(25) + 20 + 2$$\n$$g(x) = x^3 - x^2 - 30 x + 50 + 20 + 2$$\n$$g(x) = x^3 - x^2 - 30 x + 72$$\nWe perform synthetic division by $x-4$:\n```\n4 | 1  -1  -30   72\n  |    4   12  -72\n  ------------------\n    1   3  -18    0\n```\nSo, $g(x) = (x-4)(x^2 + 3x - 18)$.\n\nCase 2: $m = -5$\n$$g(x) = x^3 - x^2 - ((-5)^2 + (-5)) x + 2((-5)^2) + 4(-5) + 2$$\n$$g(x) = x^3 - x^2 - (25 - 5) x + 2(25) - 20 + 2$$\n$$g(x) = x^3 - x^2 - 20 x + 50 - 20 + 2$$\n$$g(x) = x^3 - x^2 - 20 x + 32$$\nWe perform synthetic division by $x-4$:\n```\n4 | 1  -1  -20   32\n  |    4   12  -32\n  ------------------\n    1   3   -8    0\n```\nSo, $g(x) = (x-4)(x^2 + 3x - 8)$.\n\n**Step 3: Check for integer roots for the quadratic factors**\n\nCase 1: $m = 5$, quadratic factor is $x^2 + 3x - 18$.\nWe need to find the roots of $x^2 + 3x - 18 = 0$.\nWe can factor the quadratic: $(x+6)(x-3) = 0$.\nRoots are $x = -6$ and $x = 3$. Both are integers.\nSo, for $m=5$, the zeroes of $g(x)$ are $4, 3, -6$, which are all integers.\n\nCase 2: $m = -5$, quadratic factor is $x^2 + 3x - 8$.\nWe need to find the roots of $x^2 + 3x - 8 = 0$.\nWe use the quadratic formula:\n$$x = \\frac{-3 \\pm \\sqrt{3^2 - 4(1)(-8)}}{2(1)} = \\frac{-3 \\pm \\sqrt{9 + 32}}{2} = \\frac{-3 \\pm \\sqrt{41}}{2}$$\nSince $\\sqrt{41}$ is not an integer, the roots $x = \\frac{-3 \\pm \\sqrt{41}}{2}$ are not integers.\nSo, for $m=-5$, not all zeroes of $g(x)$ are integers.\n\n**Step 4: Determine possible values of $m$**\n\nFrom the above analysis, only $m=5$ results in all integer zeroes for $g(x)$.\n\n**Final Answer Verification:**\nFor $m=5$, $g(x) = x^3 - x^2 - 30x + 72 = (x-4)(x-3)(x+6)$. The zeroes are $4, 3, -6$, all integers, and $g(x)$ is divisible by $x-4$.\nFor $m=-5$, $g(x) = x^3 - x^2 - 20x + 32 = (x-4)(x^2 + 3x - 8)$. The zeroes are $4, \\frac{-3 \\pm \\sqrt{41}}{2}$. Not all integers.\n\nTherefore, the only possible value for $m$ is $5$.\n\n## Final Answer\n\n1. **Problem Statement**\n   - Given the polynomial $g(x) = x^3 - x^2 - (m^2 + m) x + 2m^2 + 4m + 2$, find all possible integer values of $m$ such that $g(x)$ is divisible by $x-4$ and all zeroes of $g(x)$ are integers.\n\n2. **Solution Strategy**\n   - Apply the Factor Theorem ($g(4) = 0$) to find possible values of $m$.\n   - For each value of $m$, divide $g(x)$ by $x-4$ to obtain a quadratic factor.\n   - Find the roots of the quadratic factor and check if they are integers.\n   - Select the values of $m$ for which all zeroes of $g(x)$ are integers.\n\n3. **Step-by-Step Solution**\n   - Step 1: Set $g(4) = 0$:\n     $4^3 - 4^2 - (m^2 + m) \\times 4 + 2m^2 + 4m + 2 = 0$\n     $64 - 16 - 4m^2 - 4m + 2m^2 + 4m + 2 = 0$\n     $50 - 2m^2 = 0$\n     $m^2 = 25$\n     $m = \\pm 5$\n   - Step 2 & 3: Check $m=5$:\n     $g(x) = x^3 - x^2 - 30x + 72 = (x-4)(x^2 + 3x - 18) = (x-4)(x-3)(x+6)$. Zeroes are $4, 3, -6$ (integers).\n   - Step 2 & 3: Check $m=-5$:\n     $g(x) = x^3 - x^2 - 20x + 32 = (x-4)(x^2 + 3x - 8)$. Zeroes are $4, \\frac{-3 \\pm \\sqrt{41}}{2}$ (not all integers).\n   - Step 4: Only $m=5$ satisfies the condition that all zeroes are integers.\n\n4. **Final Answer**\n   - The possible value of $m$ is $\\boxed{5}$",
    "metrics": {
        "length": 3867,
        "has_latex": false
    },
    "validation_response": null
}