{
    "problem": "The sequence $(a_n)$ is defined recursively by $a_0=1$, $a_1=\\sqrt[19]{2}$, and $a_n=a_{n-1}a_{n-2}^2$ for $n\\geq 2$. What is the smallest positive integer $k$ such that the product $a_1a_2\\cdots a_k$ is an integer?",
    "solution": "## Problem Statement\n\nThe sequence $(a_n)$ is defined recursively by $a_0=1$, $a_1=\\sqrt[19]{2}$, and $a_n=a_{n-1}a_{n-2}^2$ for $n\\geq 2$. We need to find the smallest positive integer $k$ such that the product $a_1a_2\\cdots a_k$ is an integer.\nLet $P_k = a_1a_2\\cdots a_k$. We want to find the smallest $k \\in \\mathbb{Z}^+$ such that $P_k \\in \\mathbb{Z}$.\nGiven $a_0=1$, $a_1 = 2^{1/19}$, $a_n = a_{n-1}a_{n-2}^2$.\n\n## Solution Strategy\nFirst, we express each term $a_n$ in the form $2^{e_n}$.\nThen we find a recurrence relation for the exponents $e_n$.\nWe want to find the smallest $k$ such that the exponent of 2 in the product $P_k = a_1a_2\\cdots a_k$ is an integer.\nThe exponent of 2 in $P_k$ is the sum of exponents $E_k = \\sum_{i=1}^k e_i$.\nWe will compute the first few terms of $e_n$ and their sums modulo 19 to find the smallest $k$ for which $E_k \\equiv 0 \\pmod{1}$.\n\n## Step-by-Step Solution\nLet $a_n = 2^{e_n}$.\n$a_0 = 1 = 2^0 \\implies e_0 = 0$.\n$a_1 = 2^{1/19} \\implies e_1 = 1/19$.\n$a_n = a_{n-1}a_{n-2}^2 \\implies 2^{e_n} = 2^{e_{n-1}} (2^{e_{n-2}})^2 = 2^{e_{n-1}} 2^{2e_{n-2}} = 2^{e_{n-1} + 2e_{n-2}}$.\nThus, $e_n = e_{n-1} + 2e_{n-2}$ for $n \\geq 2$.\nLet $f_n = 19e_n$. Then $f_0 = 19e_0 = 0$, $f_1 = 19e_1 = 1$.\n$19e_n = 19e_{n-1} + 2(19e_{n-2}) \\implies f_n = f_{n-1} + 2f_{n-2}$ for $n \\geq 2$.\nWe need to find the smallest $k$ such that $\\sum_{i=1}^k e_i = \\frac{1}{19} \\sum_{i=1}^k f_i$ is an integer.\nThis is equivalent to finding the smallest $k$ such that $\\sum_{i=1}^k f_i$ is divisible by 19. Let $S_k = \\sum_{i=1}^k f_i$.\nWe compute the first few values of $f_n$ and $S_k$:\n$f_1 = 1$\n$f_2 = f_1 + 2f_0 = 1 + 2(0) = 1$\n$f_3 = f_2 + 2f_1 = 1 + 2(1) = 3$\n$f_4 = f_3 + 2f_2 = 3 + 2(1) = 5$\n$f_5 = f_4 + 2f_3 = 5 + 2(3) = 11$\n$f_6 = f_5 + 2f_4 = 11 + 2(5) = 21$\n$f_7 = f_6 + 2f_5 = 21 + 2(11) = 43$\n$f_8 = f_7 + 2f_6 = 43 + 2(21) = 85$\n$f_9 = f_8 + 2f_7 = 85 + 2(43) = 171$\n$f_{10} = f_9 + 2f_8 = 171 + 2(85) = 341$\n$f_{11} = f_{10} + 2f_9 = 341 + 2(171) = 683$\n$f_{12} = f_{11} + 2f_{10} = 683 + 2(341) = 1365$\n$f_{13} = f_{12} + 2f_{11} = 1365 + 2(683) = 2731$\n$f_{14} = f_{13} + 2f_{12} = 2731 + 2(1365) = 5461$\n$f_{15} = f_{14} + 2f_{13} = 5461 + 2(2731) = 10923$\n$f_{16} = f_{15} + 2f_{14} = 10923 + 2(5461) = 21845$\n$f_{17} = f_{16} + 2f_{15} = 21845 + 2(10923) = 43691$\n$S_k = \\sum_{i=1}^k f_i$:\n$S_1 = 1$\n$S_2 = 1+1 = 2$\n$S_3 = 2+3 = 5$\n$S_4 = 5+5 = 10$\n$S_5 = 10+11 = 21$\n$S_6 = 21+21 = 42$\n$S_7 = 42+43 = 85$\n$S_8 = 85+85 = 170$\n$S_9 = 170+171 = 341$\n$S_{10} = 341+341 = 682$\n$S_{11} = 682+683 = 1365$\n$S_{12} = 1365+1365 = 2730$\n$S_{13} = 2730+2731 = 5461$\n$S_{14} = 5461+5461 = 10922$\n$S_{15} = 10922+10923 = 21845$\n$S_{16} = 21845+21845 = 43690$\n$S_{17} = 43690+43691 = 87381$\n\nCheck divisibility by 19:\n$S_{17} = 87381 = 19 \\times 4599$.\nSo $S_{17}$ is divisible by 19.\nWe need to check if any smaller $S_k$ is divisible by 19.\n$S_1 = 1 \\not\\equiv 0 \\pmod{19}$\n$S_2 = 2 \\not\\equiv 0 \\pmod{19}$\n$S_3 = 5 \\not\\equiv 0 \\pmod{19}$\n$S_4 = 10 \\not\\equiv 0 \\pmod{19}$\n$S_5 = 21 \\equiv 2 \\not\\equiv 0 \\pmod{19}$\n$S_6 = 42 \\equiv 4 \\not\\equiv 0 \\pmod{19}$\n$S_7 = 85 \\equiv 9 \\not\\equiv 0 \\pmod{19}$\n$S_8 = 170 \\equiv 18 \\not\\equiv 0 \\pmod{19}$\n$S_9 = 341 \\equiv 17 \\not\\equiv 0 \\pmod{19}$\n$S_{10} = 682 \\equiv 16 \\not\\equiv 0 \\pmod{19}$\n$S_{11} = 1365 \\equiv 13 \\not\\equiv 0 \\pmod{19}$\n$S_{12} = 2730 \\equiv 12 \\not\\equiv 0 \\pmod{19}$\n$S_{13} = 5461 \\equiv 7 \\not\\equiv 0 \\pmod{19}$\n$S_{14} = 10922 \\equiv 15 \\not\\equiv 0 \\pmod{19}$\n$S_{15} = 21845 \\equiv 13 \\not\\equiv 0 \\pmod{19}$\n$S_{16} = 43690 \\equiv 8 \\not\\equiv 0 \\pmod{19}$\n$S_{17} = 87381 \\equiv 0 \\pmod{19}$\n\nThe smallest positive integer $k$ such that $S_k$ is divisible by 19 is $k=17$.\n\n## Final Answer\n1. **Problem Statement**\n   Find the smallest positive integer $k$ such that the product $a_1a_2\\cdots a_k$ is an integer, where the sequence $(a_n)$ is defined by $a_0=1$, $a_1=\\sqrt[19]{2}$, and $a_n=a_{n-1}a_{n-2}^2$ for $n\\geq 2$. Key variables are $a_n$, $k$, and the recursive relation $a_n=a_{n-1}a_{n-2}^2$. The constraint is that $a_1a_2\\cdots a_k$ must be an integer.\n\n2. **Solution Strategy**\n   Let $a_n = 2^{e_n}$. We find the recurrence relation for $e_n$, which is $e_n = e_{n-1} + 2e_{n-2}$ with $e_0=0$ and $e_1=1/19$. Let $f_n = 19e_n$. Then $f_n = f_{n-1} + 2f_{n-2}$ with $f_0=0$ and $f_1=1$. We need to find the smallest $k$ such that $\\sum_{i=1}^k e_i = \\frac{1}{19} \\sum_{i=1}^k f_i$ is an integer, which means $\\sum_{i=1}^k f_i$ is divisible by 19. We calculate the sum $S_k = \\sum_{i=1}^k f_i$ for increasing values of $k$ and check for divisibility by 19.\n\n3. **Step-by-Step Solution**\n   Let $f_n$ be defined by $f_0=0, f_1=1, f_n = f_{n-1} + 2f_{n-2}$ for $n \\geq 2$.\n   Calculate $f_n$ for $n=1, 2, \\ldots, 17$:\n   $f_1=1, f_2=1, f_3=3, f_4=5, f_5=11, f_6=21, f_7=43, f_8=85, f_9=171, f_{10}=341, f_{11}=683, f_{12}=1365, f_{13}=2731, f_{14}=5461, f_{15}=10923, f_{16}=21845, f_{17}=43691$.\n   Calculate partial sums $S_k = \\sum_{i=1}^k f_i$:\n   $S_1=1, S_2=2, S_3=5, S_4=10, S_5=21, S_6=42, S_7=85, S_8=170, S_9=341, S_{10}=682, S_{11}=1365, S_{12}=2730, S_{13}=5461, S_{14}=10922, S_{15}=21845, S_{16}=43690, S_{17}=87381$.\n   Check divisibility of $S_k$ by 19:\n   $S_{17} = 87381 = 19 \\times 4599$. Thus $S_{17}$ is divisible by 19.\n   We checked for smaller values of $k$ and found that $S_k$ is not divisible by 19 for $k < 17$.\n\n4. **Final Answer**\n   Final Answer: The final answer is $\\boxed{17}$",
    "metrics": {
        "length": 3509,
        "has_latex": false
    },
    "validation_response": null
}