{
    "problem": "Let $x$ and $y$ be real numbers such that $x + y = 3.$  Find the maximum value of\n\\[x^4 y + x^3 y + x^2 y + xy + xy^2 + xy^3 + xy^4.\\]",
    "solution": "## Problem Solution\n\n**1. Problem Statement**\n\nGiven that $x$ and $y$ are real numbers such that $x + y = 3$, we need to find the maximum value of the expression $x^4 y + x^3 y + x^2 y + xy + xy^2 + xy^3 + xy^4.$\nKey variables are $x$ and $y$, and the constraint is $x + y = 3$. We want to maximize the expression $E = x^4 y + x^3 y + x^2 y + xy + xy^2 + xy^3 + xy^4.$\n\n**2. Solution Strategy**\n\nOur strategy is to simplify the given expression using factorization and the constraint $x+y=3$. We will then express the expression in terms of a single variable, and use calculus or quadratic theory to find the maximum value.\n\nWe can factor out $xy$ from the given expression:\n\\[E = xy(x^3 + x^2 + x + 1 + y + y^2 + y^3).\\]\nWe can rearrange the terms inside the parenthesis to group powers of $x$ and $y$:\n\\[E = xy[(x^3 + y^3) + (x^2 + y^2) + (x + y) + 1].\\]\nWe know that $x+y=3$. We can express $x^2+y^2$ and $x^3+y^3$ in terms of $x+y$ and $xy$.\nWe have the identities:\n\\begin{align*} x^2 + y^2 &= (x+y)^2 - 2xy \\\\ x^3 + y^3 &= (x+y)^3 - 3xy(x+y)\\end{align*}\nSubstituting $x+y=3$ into these identities, we get:\n\\begin{align*} x^2 + y^2 &= 3^2 - 2xy = 9 - 2xy \\\\ x^3 + y^3 &= 3^3 - 3xy(3) = 27 - 9xy\\end{align*}\nSubstituting these expressions and $x+y=3$ back into the expression for $E$:\n\\[E = xy[(27 - 9xy) + (9 - 2xy) + 3 + 1]\\]\n\\[E = xy[27 + 9 + 3 + 1 - 9xy - 2xy]\\]\n\\[E = xy[40 - 11xy]\\]\n\\[E = 40xy - 11(xy)^2\\]\nLet $p = xy$. Then $E = 40p - 11p^2$. We want to maximize $f(p) = 40p - 11p^2$. This is a quadratic function in $p$, with a negative leading coefficient, so it has a maximum value.\n\n**3. Step-by-Step Solution**\n\nLet $p = xy$. We want to maximize the function $f(p) = 40p - 11p^2$.\nTo find the maximum value of this quadratic, we can find the vertex of the parabola. The $p$-coordinate of the vertex is given by $p = -\\frac{b}{2a}$, where $f(p) = ap^2 + bp + c$. In our case, $a = -11$ and $b = 40$.\n\\[p = -\\frac{40}{2(-11)} = \\frac{40}{22} = \\frac{20}{11}.\\]\nThe maximum value of $f(p)$ is obtained by substituting $p = \\frac{20}{11}$ into the function:\n\\[f\\left(\\frac{20}{11}\\right) = 40\\left(\\frac{20}{11}\\right) - 11\\left(\\frac{20}{11}\\right)^2 = \\frac{800}{11} - 11 \\cdot \\frac{400}{121} = \\frac{800}{11} - \\frac{400}{11} = \\frac{400}{11}.\\]\n\nWe need to check if there exist real numbers $x$ and $y$ such that $x+y=3$ and $xy = \\frac{20}{11}$.\nConsider the quadratic equation $t^2 - (x+y)t + xy = 0$, which becomes $t^2 - 3t + \\frac{20}{11} = 0$.\nThe discriminant is $D = (-3)^2 - 4(1)\\left(\\frac{20}{11}\\right) = 9 - \\frac{80}{11} = \\frac{99 - 80}{11} = \\frac{19}{11}$.\nSince $D = \\frac{19}{11} > 0$, there are real solutions for $t$, which means there exist real numbers $x$ and $y$ such that $x+y=3$ and $xy = \\frac{20}{11}$.\n\nWe also need to consider the range of possible values for $p = xy$ given $x+y=3$.\nSince $y = 3-x$, we have $p = xy = x(3-x) = 3x - x^2 = -(x^2 - 3x) = -\\left(x^2 - 3x + \\left(\\frac{3}{2}\\right)^2 - \\left(\\frac{3}{2}\\right)^2\\right) = -\\left(x - \\frac{3}{2}\\right)^2 + \\frac{9}{4}$.\nThe maximum value of $p = xy$ is $\\frac{9}{4}$ when $x = y = \\frac{3}{2}$. The range of $p = xy$ is $\\left(-\\infty, \\frac{9}{4}\\right]$.\nSince $\\frac{20}{11} = \\frac{80}{44}$ and $\\frac{9}{4} = \\frac{99}{44}$, we have $\\frac{20}{11} < \\frac{9}{4}$. So $p = \\frac{20}{11}$ is within the possible range of $xy$.\n\nTherefore, the maximum value of the given expression is $\\frac{400}{11}$.\n\n**4. Final Answer**\n\nFinal Answer: The final answer is $\\boxed{\\frac{400}{11}}$",
    "metrics": {
        "length": 3497,
        "has_latex": true
    },
    "validation_response": null
}