{
    "problem": "Find the largest positive integer $n$ such that\n\\[\\sin^n x + \\cos^n x \\ge \\frac{1}{n}\\]for all real numbers $x.$",
    "solution": "**1. Problem Statement**\n\nFind the largest positive integer $n$ such that the inequality\n\\[\\sin^n x + \\cos^n x \\ge \\frac{1}{n}\\]\nholds true for all real numbers $x$.\n\nKey variables:\n- $n$: a positive integer, the exponent in the expression and in the denominator of the lower bound.\n- $x$: a real number, the variable for the trigonometric functions.\n\nConstraint:\n- The inequality must hold for all real numbers $x$.\n- We want to find the largest such positive integer $n$.\n\n**2. Solution Strategy**\n\nTo find the largest $n$, we need to determine the minimum value of $f(x) = \\sin^n x + \\cos^n x$ for any given $n$. Then we need to check if this minimum value is greater than or equal to $\\frac{1}{n}$.\n\nWe will analyze the function $f(x) = \\sin^n x + \\cos^n x$ by considering cases for even and odd values of $n$, and by finding the minimum value using calculus.\nWe will find the critical points by taking the derivative of $f(x)$ and setting it to zero. We will also consider the values at specific points like when $\\sin x = 0$ or $\\cos x = 0$ or $|\\sin x| = |\\cos x|$.\nWe will then test integer values of $n$ starting from large values and decreasing until we find the largest $n$ that satisfies the condition.\n\nRelevant formulas/theorems:\n- Derivative of $\\sin x$ is $\\cos x$, and derivative of $\\cos x$ is $-\\sin x$.\n- Trigonometric identities: $\\sin^2 x + \\cos^2 x = 1$.\n- Finding minimum/maximum of a function using derivatives.\n\n**3. Step-by-Step Solution**\n\nLet $f(x) = \\sin^n x + \\cos^n x$. We first find the derivative of $f(x)$:\n\\[f'(x) = n \\sin^{n-1} x \\cos x - n \\cos^{n-1} x \\sin x = n \\sin x \\cos x (\\sin^{n-2} x - \\cos^{n-2} x).\\]\nSetting $f'(x) = 0$ to find critical points, we have:\n\\[n \\sin x \\cos x (\\sin^{n-2} x - \\cos^{n-2} x) = 0.\\]\nThis gives us three cases:\nCase 1: $\\sin x = 0$. Then $x = k\\pi$ for integer $k$. In this case, $\\cos x = \\pm 1$, so $f(x) = 0^n + (\\pm 1)^n = (\\pm 1)^n$.\nCase 2: $\\cos x = 0$. Then $x = \\frac{\\pi}{2} + k\\pi$ for integer $k$. In this case, $\\sin x = \\pm 1$, so $f(x) = (\\pm 1)^n + 0^n = (\\pm 1)^n$.\nCase 3: $\\sin^{n-2} x - \\cos^{n-2} x = 0$. Then $\\sin^{n-2} x = \\cos^{n-2} x$.\nIf $n-2$ is even or odd, this implies $|\\sin x| = |\\cos x|$ if $n-2 > 0$. This means $x = \\frac{\\pi}{4} + \\frac{k\\pi}{4}$.\nFor $x = \\frac{\\pi}{4}$, $\\sin x = \\cos x = \\frac{1}{\\sqrt{2}}$.\n$f(\\frac{\\pi}{4}) = (\\frac{1}{\\sqrt{2}})^n + (\\frac{1}{\\sqrt{2}})^n = 2 \\left(\\frac{1}{\\sqrt{2}}\\right)^n = 2 \\cdot 2^{-n/2} = 2^{1 - n/2} = 2^{\\frac{2-n}{2}}$.\n\nWe need to find the minimum value of $f(x)$.\nIf $n$ is odd, from Case 1 and Case 2, the minimum value is $-1$. We need $-1 \\ge \\frac{1}{n}$, which is false for positive integer $n$. Thus, there is no odd integer $n \\ge 3$ that satisfies the condition. We must check $n=1$. For $n=1$, $f(x) = \\sin x + \\cos x = \\sqrt{2} \\sin(x + \\frac{\\pi}{4})$. The minimum value is $-\\sqrt{2}$. We need $-\\sqrt{2} \\ge \\frac{1}{1} = 1$, which is false. So no odd integer $n$ works.\n\nIf $n$ is even, from Case 1 and Case 2, the value is $1$. From Case 3, the value is $2^{\\frac{2-n}{2}}$.\nFor even $n$, the minimum value is $\\min(1, 2^{\\frac{2-n}{2}})$.\nFor $n \\ge 2$ and even, $\\frac{2-n}{2} \\le 0$, so $2^{\\frac{2-n}{2}} \\le 2^0 = 1$. Thus, for even $n \\ge 2$, the minimum value is $2^{\\frac{2-n}{2}}$.\nWe need $2^{\\frac{2-n}{2}} \\ge \\frac{1}{n}$.\n$n 2^{\\frac{2-n}{2}} \\ge 1$.\nTake logarithm base 2: $\\log_2 n + \\frac{2-n}{2} \\ge 0$.\n$2 \\log_2 n + 2 - n \\ge 0$.\n$2 \\log_2 n \\ge n - 2$.\n\nLet's test even values of $n$:\nFor $n=2$: $2 \\log_2 2 = 2 \\cdot 1 = 2$. $n - 2 = 2 - 2 = 0$. $2 \\ge 0$. True.\nFor $n=4$: $2 \\log_2 4 = 2 \\cdot 2 = 4$. $n - 2 = 4 - 2 = 2$. $4 \\ge 2$. True.\nFor $n=6$: $2 \\log_2 6 \\approx 2 \\cdot 2.585 = 5.17$. $n - 2 = 6 - 2 = 4$. $5.17 \\ge 4$. True.\nFor $n=8$: $2 \\log_2 8 = 2 \\cdot 3 = 6$. $n - 2 = 8 - 2 = 6$. $6 \\ge 6$. True.\nFor $n=10$: $2 \\log_2 10 \\approx 2 \\cdot 3.322 = 6.644$. $n - 2 = 10 - 2 = 8$. $6.644 \\not\\ge 8$. False.\n\nLet $h(n) = 2 \\log_2 n - (n - 2)$. We want to find the largest even $n$ such that $h(n) \\ge 0$.\nWe check $h(8) = 2 \\log_2 8 - (8 - 2) = 6 - 6 = 0$.\nWe check $h(10) = 2 \\log_2 10 - (10 - 2) = 2 \\log_2 10 - 8 < 0$.\nSince $h'(n) = \\frac{2}{n \\ln 2} - 1 < 0$ for $n \\ge 3$, $h(n)$ is decreasing for $n \\ge 3$.\nThus, the largest even $n$ for which $h(n) \\ge 0$ is $n = 8$.\n\nWe verify for $n=8$. Minimum value of $\\sin^8 x + \\cos^8 x$ is $2^{\\frac{2-8}{2}} = 2^{-3} = \\frac{1}{8}$. And $\\frac{1}{n} = \\frac{1}{8}$. $\\frac{1}{8} \\ge \\frac{1}{8}$. So $n=8$ works.\nFor $n=10$, minimum value is $2^{\\frac{2-10}{2}} = 2^{-4} = \\frac{1}{16}$. And $\\frac{1}{n} = \\frac{1}{10}$. $\\frac{1}{16} < \\frac{1}{10}$. So $n=10$ does not work.\n\nTherefore, the largest positive integer $n$ is 8.\n\n**4. Final Answer**\n\nFinal Answer: The final answer is $\\boxed{8}$",
    "metrics": {
        "length": 4765,
        "has_latex": true
    },
    "validation_response": null
}