{
    "problem": "Find the roots of $z^2 - z = 5 - 5i.$\n\nEnter the roots, separated by commas.",
    "solution": "### 1. Problem Statement\nFind the roots of the equation $z^2 - z = 5 - 5i$.\nThis is a quadratic equation in the complex variable $z$. We need to find the values of $z$ that satisfy this equation.\n\n### 2. Solution Strategy\nWe will first rewrite the equation in the standard quadratic form $az^2 + bz + c = 0$. Then we will use the quadratic formula to solve for $z$. The quadratic formula for the roots of $az^2 + bz + c = 0$ is given by:\n$$z = \\frac{-b \\pm \\sqrt{b^2 - 4ac}}{2a}$$\nIn our equation, $a = 1$, $b = -1$, and $c = -(5 - 5i) = -5 + 5i$.\nWe will need to calculate the discriminant $D = b^2 - 4ac$ and then find its square root in the complex domain.\n\n### 3. Step-by-Step Solution\n**Step 1: Rewrite the equation in standard form**\nThe given equation is $z^2 - z = 5 - 5i$.\nSubtract $5 - 5i$ from both sides to get the standard form:\n$z^2 - z - (5 - 5i) = 0$\n$z^2 - z - 5 + 5i = 0$\nHere, we have $a = 1$, $b = -1$, and $c = -5 + 5i$.\n\n**Step 2: Apply the quadratic formula**\nUsing the quadratic formula, we have:\n$$z = \\frac{-(-1) \\pm \\sqrt{(-1)^2 - 4(1)(-5 + 5i)}}{2(1)}$$\n$$z = \\frac{1 \\pm \\sqrt{1 - 4(-5 + 5i)}}{2}$$\n$$z = \\frac{1 \\pm \\sqrt{1 + 20 - 20i}}{2}$$\n$$z = \\frac{1 \\pm \\sqrt{21 - 20i}}{2}$$\n\n**Step 3: Calculate the square root of the discriminant $\\sqrt{21 - 20i}$**\nLet $\\sqrt{21 - 20i} = x + yi$, where $x$ and $y$ are real numbers.\nSquaring both sides, we get:\n$21 - 20i = (x + yi)^2 = x^2 + 2xyi + (yi)^2 = x^2 - y^2 + 2xyi$\nEquating the real and imaginary parts, we get a system of equations:\n1) $x^2 - y^2 = 21$\n2) $2xy = -20 \\implies xy = -10 \\implies y = -\\frac{10}{x}$\nSubstitute $y = -\\frac{10}{x}$ into equation 1):\n$x^2 - \\left(-\\frac{10}{x}\\right)^2 = 21$\n$x^2 - \\frac{100}{x^2} = 21$\nMultiply by $x^2$:\n$x^4 - 100 = 21x^2$\n$x^4 - 21x^2 - 100 = 0$\nLet $u = x^2$. Then $u^2 - 21u - 100 = 0$.\nUsing the quadratic formula to solve for $u$:\n$u = \\frac{-(-21) \\pm \\sqrt{(-21)^2 - 4(1)(-100)}}{2(1)} = \\frac{21 \\pm \\sqrt{441 + 400}}{2} = \\frac{21 \\pm \\sqrt{841}}{2} = \\frac{21 \\pm 29}{2}$\nSince $u = x^2$ must be positive, we take the positive root:\n$u = \\frac{21 + 29}{2} = \\frac{50}{2} = 25$\n$x^2 = 25 \\implies x = \\pm 5$.\nIf $x = 5$, then $y = -\\frac{10}{5} = -2$. So, $\\sqrt{21 - 20i} = 5 - 2i$.\nIf $x = -5$, then $y = -\\frac{10}{-5} = 2$. So, $\\sqrt{21 - 20i} = -5 + 2i = -(5 - 2i)$.\nWe can use either square root. Let's use $5 - 2i$.\n\n**Step 4: Find the roots $z$**\n$$z = \\frac{1 \\pm \\sqrt{21 - 20i}}{2} = \\frac{1 \\pm (5 - 2i)}{2}$$\nRoot 1: $z_1 = \\frac{1 + (5 - 2i)}{2} = \\frac{6 - 2i}{2} = 3 - i$\nRoot 2: $z_2 = \\frac{1 - (5 - 2i)}{2} = \\frac{1 - 5 + 2i}{2} = \\frac{-4 + 2i}{2} = -2 + i$\n\n**Step 5: Verify the roots**\nFor $z_1 = 3 - i$:\n$z_1^2 - z_1 = (3 - i)^2 - (3 - i) = (9 - 6i + i^2) - (3 - i) = (9 - 6i - 1) - 3 + i = 8 - 6i - 3 + i = 5 - 5i$.\nFor $z_2 = -2 + i$:\n$z_2^2 - z_2 = (-2 + i)^2 - (-2 + i) = (4 - 4i + i^2) - (-2 + i) = (4 - 4i - 1) + 2 - i = 3 - 4i + 2 - i = 5 - 5i$.\nBoth roots satisfy the equation.\n\n### 4. Final Answer\nThe roots of $z^2 - z = 5 - 5i$ are $3-i$ and $-2+i$.\n\nFinal Answer: \\boxed{3-i, -2+i}",
    "metrics": {
        "length": 3063,
        "has_latex": true
    },
    "validation_response": null
}