{
    "problem": "Determine the sum of all real numbers $x$ satisfying\n\\[(x^2-4x+2)^{x^2-5x+2} = 1.\\]",
    "solution": "### 1. Problem Statement\nDetermine the sum of all real numbers $x$ that satisfy the equation\n\\[(x^2-4x+2)^{x^2-5x+2} = 1.\\]\nWe are asked to find the sum of all real values of $x$ for which the given equation holds. Let $A = x^2-4x+2$ and $B = x^2-5x+2$. The equation is in the form $A^B = 1$.\n\n### 2. Solution Strategy\nFor the expression $A^B = 1$ to be true, there are three possible cases to consider:\nCase 1: The base $A = 1$. In this case, $1^B = 1$ for any exponent $B$.\nCase 2: The base $A = -1$ and the exponent $B$ is an even integer. In this case, $(-1)^B = 1$ if $B$ is even.\nCase 3: The exponent $B = 0$ and the base $A \\neq 0$. In this case, $A^0 = 1$ if $A \\neq 0$.\n\nWe will analyze each case to find the values of $x$ that satisfy the equation and then sum up all distinct real solutions.\n\n### 3. Step-by-Step Solution\n\n**Case 1: Base $A = 1$**\nWe set the base $x^2-4x+2$ equal to 1:\n\\[x^2-4x+2 = 1\\]\n\\[x^2-4x+1 = 0\\]\nWe use the quadratic formula to solve for $x$:\n\\[x = \\frac{-(-4) \\pm \\sqrt{(-4)^2 - 4(1)(1)}}{2(1)} = \\frac{4 \\pm \\sqrt{16 - 4}}{2} = \\frac{4 \\pm \\sqrt{12}}{2} = \\frac{4 \\pm 2\\sqrt{3}}{2} = 2 \\pm \\sqrt{3}\\]\nThus, we have two real solutions from Case 1: $x = 2 + \\sqrt{3}$ and $x = 2 - \\sqrt{3}$.\n\n**Case 2: Base $A = -1$ and exponent $B$ is an even integer**\nWe set the base $x^2-4x+2$ equal to -1:\n\\[x^2-4x+2 = -1\\]\n\\[x^2-4x+3 = 0\\]\nFactoring the quadratic equation:\n\\[(x-1)(x-3) = 0\\]\nSo, $x = 1$ or $x = 3$.\nNow we need to check if the exponent $B = x^2-5x+2$ is an even integer for these values of $x$.\n\nFor $x = 1$:\n\\[B = (1)^2 - 5(1) + 2 = 1 - 5 + 2 = -2\\]\nSince $-2$ is an even integer, $x=1$ is a solution.\n\nFor $x = 3$:\n\\[B = (3)^2 - 5(3) + 2 = 9 - 15 + 2 = -4\\]\nSince $-4$ is an even integer, $x=3$ is a solution.\n\nThus, we have two real solutions from Case 2: $x = 1$ and $x = 3$.\n\n**Case 3: Exponent $B = 0$ and base $A \\neq 0$**\nWe set the exponent $x^2-5x+2$ equal to 0:\n\\[x^2-5x+2 = 0\\]\nWe use the quadratic formula to solve for $x$:\n\\[x = \\frac{-(-5) \\pm \\sqrt{(-5)^2 - 4(1)(2)}}{2(1)} = \\frac{5 \\pm \\sqrt{25 - 8}}{2} = \\frac{5 \\pm \\sqrt{17}}{2}\\]\nThus, we have two potential real solutions from Case 3: $x = \\frac{5 + \\sqrt{17}}{2}$ and $x = \\frac{5 - \\sqrt{17}}{2}$.\nWe need to check if the base $A = x^2-4x+2 \\neq 0$ for these values of $x$.\nFrom $x^2-5x+2 = 0$, we have $x^2 = 5x-2$.\nSubstituting this into $A = x^2-4x+2$:\n\\[A = (5x-2) - 4x + 2 = x\\]\nSo $A = x$. For $A \\neq 0$, we need $x \\neq 0$.\nSince $x = \\frac{5 \\pm \\sqrt{17}}{2} \\neq 0$, both values are valid solutions.\n\nThus, we have two real solutions from Case 3: $x = \\frac{5 + \\sqrt{17}}{2}$ and $x = \\frac{5 - \\sqrt{17}}{2}$.\n\nThe set of all real solutions is $\\{2 + \\sqrt{3}, 2 - \\sqrt{3}, 1, 3, \\frac{5 + \\sqrt{17}}{2}, \\frac{5 - \\sqrt{17}}{2}\\}$.\nWe need to find the sum of these solutions:\nSum $= (2 + \\sqrt{3}) + (2 - \\sqrt{3}) + 1 + 3 + \\frac{5 + \\sqrt{17}}{2} + \\frac{5 - \\sqrt{17}}{2}$\nSum $= (2 + 2 + 1 + 3) + (\\sqrt{3} - \\sqrt{3}) + \\frac{5 + \\sqrt{17} + 5 - \\sqrt{17}}{2}$\nSum $= 8 + 0 + \\frac{10}{2}$\nSum $= 8 + 5 = 13$\n\n### 4. Final Answer\nThe sum of all real numbers $x$ is $\\boxed{13}$",
    "metrics": {
        "length": 3116,
        "has_latex": true
    },
    "validation_response": null
}