{
    "problem": "Two of the roots of\n\\[ax^3 + (a + 2b) x^2 + (b - 3a) x + (8 - a) = 0\\]are $-2$ and 3.  Find the third root.",
    "solution": "**1. Problem Statement**\n\nGiven the cubic equation\n\\[ax^3 + (a + 2b) x^2 + (b - 3a) x + (8 - a) = 0\\]\nwhere $a$ and $b$ are constants, and that two of its roots are $-2$ and $3$. We need to find the third root of this equation.\n\nKey variables and constraints:\n- Cubic equation: $ax^3 + (a + 2b) x^2 + (b - 3a) x + (8 - a) = 0$\n- Two roots are given: $x_1 = -2$, $x_2 = 3$\n- Need to find the third root, $x_3$.\n\n**2. Solution Strategy**\n\nWe will use Vieta's formulas to relate the roots of the cubic equation to its coefficients. Let the roots of the cubic equation be $r_1, r_2, r_3$. For a cubic equation of the form $Ax^3 + Bx^2 + Cx + D = 0$, Vieta's formulas are:\n\\begin{align*} \\label{eq:1} r_1 + r_2 + r_3 &= -\\frac{B}{A} \\\\ r_1 r_2 + r_1 r_3 + r_2 r_3 &= \\frac{C}{A} \\\\ r_1 r_2 r_3 &= -\\frac{D}{A}\\end{align*}\nIn our case, $A = a$, $B = a + 2b$, $C = b - 3a$, $D = 8 - a$. We are given $r_1 = -2$ and $r_2 = 3$. We need to find $r_3$. Let $r_3 = r$.\n\nUsing Vieta's formulas:\n\\begin{enumerate}\n    \\item Sum of roots: $-2 + 3 + r = -\\frac{a + 2b}{a}$\n    \\item Product of roots: $(-2)(3)(r) = -\\frac{8 - a}{a}$\n    \\item Sum of product of roots taken two at a time: $(-2)(3) + (-2)(r) + (3)(r) = \\frac{b - 3a}{a}$\n\\end{enumerate}\nWe can solve these equations to find $r$.\n\n**3. Step-by-Step Solution**\n\nFrom the sum of roots:\n\\[1 + r = -\\frac{a + 2b}{a} = -1 - \\frac{2b}{a}\\]\n\\[r = -2 - \\frac{2b}{a} \\quad (* )\\]\n\nFrom the product of roots:\n\\[-6r = -\\frac{8 - a}{a} = \\frac{a - 8}{a}\\]\n\\[r = \\frac{a - 8}{-6a} = \\frac{8 - a}{6a} \\quad (** )\\]\n\nFrom the sum of product of roots taken two at a time:\n\\[-6 - 2r + 3r = \\frac{b - 3a}{a}\\]\n\\[-6 + r = \\frac{b}{a} - 3\\]\n\\[r = \\frac{b}{a} - 3 + 6\\]\n\\[r = \\frac{b}{a} + 3 \\quad (*** )\\]\n\nNow we have three expressions for $r$. Equate $(* )$ and $(*** )$:\n\\[-2 - \\frac{2b}{a} = \\frac{b}{a} + 3\\]\n\\[-5 = \\frac{3b}{a}\\]\n\\[\\frac{b}{a} = -\\frac{5}{3}\\]\n\nSubstitute $\\frac{b}{a} = -\\frac{5}{3}$ into $(*** )$:\n\\[r = \\frac{b}{a} + 3 = -\\frac{5}{3} + 3 = \\frac{-5 + 9}{3} = \\frac{4}{3}\\]\n\nNow check if this value of $r$ is consistent with $(** )$:\n\\[r = \\frac{8 - a}{6a} = \\frac{8}{6a} - \\frac{a}{6a} = \\frac{4}{3a} - \\frac{1}{6}\\]\nWe found $r = \\frac{4}{3}$, so we set $\\frac{4}{3} = \\frac{4}{3a} - \\frac{1}{6}$:\n\\[\\frac{4}{3} + \\frac{1}{6} = \\frac{4}{3a}\\]\n\\[\\frac{8 + 1}{6} = \\frac{9}{6} = \\frac{3}{2} = \\frac{4}{3a}\\]\n\\[3 \\times 3a = 2 \\times 4\\]\n\\[9a = 8\\]\n\\[a = \\frac{8}{9}\\]\n\nWith $a = \\frac{8}{9}$ and $\\frac{b}{a} = -\\frac{5}{3}$, we get $b = a \\times (-\\frac{5}{3}) = \\frac{8}{9} \\times (-\\frac{5}{3}) = -\\frac{40}{27}$.\nThe third root is $r = \\frac{4}{3}$.\n\n**4. Final Answer**\n\nFinal Answer: The final answer is $\\boxed{\\frac{4}{3}}$",
    "metrics": {
        "length": 2684,
        "has_latex": true
    },
    "validation_response": null
}