{
    "problem": "Find all the solutions to\n\\[\\sqrt{(2 + \\sqrt{3})^x} + \\sqrt{(2 - \\sqrt{3})^x} = 4.\\]Enter all the solutions, separated by commas.",
    "solution": "**Problem Statement**\n\nFind all the solutions to the equation\n\\[\\sqrt{(2 + \\sqrt{3})^x} + \\sqrt{(2 - \\sqrt{3})^x} = 4.\\]\nWe need to find all real values of $x$ that satisfy this equation.\n\n**Solution Strategy**\n\nWe will simplify the bases and use substitution to transform the equation into a solvable form.\nWe notice that $(2 + \\sqrt{3})$ and $(2 - \\sqrt{3})$ are reciprocals of each other.\nLet $y = (2 + \\sqrt{3})^{x/2}$. Then we can express $(2 - \\sqrt{3})^{x/2}$ in terms of $y$.\nAfter substitution, we will get a quadratic equation in $y$, which we can solve.\nFinally, we will solve for $x$ using the values of $y$ and verify the solutions.\n\n**Step-by-Step Solution**\n\n1. **Recognize the relationship between bases:**\n   We observe that $(2 + \\sqrt{3})(2 - \\sqrt{3}) = 2^2 - (\\sqrt{3})^2 = 4 - 3 = 1$.\n   Therefore, $2 - \\sqrt{3} = \\frac{1}{2 + \\sqrt{3}} = (2 + \\sqrt{3})^{-1}$.\n\n2. **Rewrite the equation using exponent rules:**\n   The given equation is $\\sqrt{(2 + \\sqrt{3})^x} + \\sqrt{(2 - \\sqrt{3})^x} = 4$.\n   We can rewrite the square roots as powers of $1/2$:\n   $((2 + \\sqrt{3})^x)^{1/2} + ((2 - \\sqrt{3})^x)^{1/2} = 4$\n   $(2 + \\sqrt{3})^{x/2} + (2 - \\sqrt{3})^{x/2} = 4$\n\n3. **Substitute $y = (2 + \\sqrt{3})^{x/2}$:**\n   Let $y = (2 + \\sqrt{3})^{x/2}$.\n   Then $(2 - \\sqrt{3})^{x/2} = ((2 + \\sqrt{3})^{-1})^{x/2} = (2 + \\sqrt{3})^{-x/2} = ( (2 + \\sqrt{3})^{x/2} )^{-1} = y^{-1} = \\frac{1}{y}$.\n   Substituting these into the equation, we get:\n   $y + \\frac{1}{y} = 4$\n\n4. **Solve the quadratic equation for $y$:**\n   Multiply both sides by $y$ (assuming $y \\neq 0$, which is true since $2+\\sqrt{3}>0$):\n   $y^2 + 1 = 4y$\n   $y^2 - 4y + 1 = 0$\n   Using the quadratic formula $y = \\frac{-b \\pm \\sqrt{b^2 - 4ac}}{2a}$ with $a=1, b=-4, c=1$:\n   $y = \\frac{-(-4) \\pm \\sqrt{(-4)^2 - 4(1)(1)}}{2(1)} = \\frac{4 \\pm \\sqrt{16 - 4}}{2} = \\frac{4 \\pm \\sqrt{12}}{2} = \\frac{4 \\pm 2\\sqrt{3}}{2} = 2 \\pm \\sqrt{3}$.\n   So we have two possible values for $y$: $y_1 = 2 + \\sqrt{3}$ and $y_2 = 2 - \\sqrt{3}$.\n\n5. **Solve for $x$ for each value of $y$:**\n   Case 1: $y = 2 + \\sqrt{3}$\n   $(2 + \\sqrt{3})^{x/2} = 2 + \\sqrt{3} = (2 + \\sqrt{3})^1$\n   Equating the exponents: $\\frac{x}{2} = 1$, so $x = 2$.\n\n   Case 2: $y = 2 - \\sqrt{3}$\n   $(2 + \\sqrt{3})^{x/2} = 2 - \\sqrt{3} = (2 + \\sqrt{3})^{-1}$\n   Equating the exponents: $\\frac{x}{2} = -1$, so $x = -2$.\n\n6. **Verify the solutions:**\n   For $x = 2$:\n   $\\sqrt{(2 + \\sqrt{3})^2} + \\sqrt{(2 - \\sqrt{3})^2} = |2 + \\sqrt{3}| + |2 - \\sqrt{3}| = (2 + \\sqrt{3}) + (2 - \\sqrt{3}) = 4$.\n   For $x = -2$:\n   $\\sqrt{(2 + \\sqrt{3})^{-2}} + \\sqrt{(2 - \\sqrt{3})^{-2}} = \\frac{1}{\\sqrt{(2 + \\sqrt{3})^2}} + \\frac{1}{\\sqrt{(2 - \\sqrt{3})^2}} = \\frac{1}{|2 + \\sqrt{3}|} + \\frac{1}{|2 - \\sqrt{3}|} = \\frac{1}{2 + \\sqrt{3}} + \\frac{1}{2 - \\sqrt{3}} = \\frac{(2 - \\sqrt{3}) + (2 + \\sqrt{3})}{(2 + \\sqrt{3})(2 - \\sqrt{3})} = \\frac{4}{4 - 3} = 4$.\n   Both solutions are valid.\n\n**Final Answer**\n\nFinal Answer: The final answer is $\\boxed{2,-2}$",
    "metrics": {
        "length": 2970,
        "has_latex": true
    },
    "validation_response": null
}