{
    "problem": "Let $x,$ $y,$ $z$ be nonnegative real numbers.  Let\n\\begin{align*}\nA &= \\sqrt{x + 2} + \\sqrt{y + 5} + \\sqrt{z + 10}, \\\\\nB &= \\sqrt{x + 1} + \\sqrt{y + 1} + \\sqrt{z + 1}.\n\\end{align*}Find the minimum value of $A^2 - B^2.$",
    "solution": "## Problem Statement\nLet $x,$ $y,$ $z$ be nonnegative real numbers.  Let\n\\begin{align*} A &= \\sqrt{x + 2} + \\sqrt{y + 5} + \\sqrt{z + 10}, \\\\ B &= \\sqrt{x + 1} + \\sqrt{y + 1} + \\sqrt{z + 1}. \\end{align*}\nWe want to find the minimum value of $A^2 - B^2.$\n\nKey variables: $x, y, z$\nConstraints: $x \\ge 0, y \\ge 0, z \\ge 0$\nObjective: Minimize $A^2 - B^2$\n\n## Solution Strategy\nWe will first expand $A^2$ and $B^2$. Then we will find the expression for $A^2 - B^2$. We will analyze the behavior of $A^2 - B^2$ with respect to $x, y, z$ to find the minimum value. We expect that the minimum value will be achieved when $x = y = z = 0$ because the terms subtracted in $A^2 - B^2$ are \"smaller\" terms.\n\n## Step-by-Step Solution\n1. **Expand $A^2$**:\n\\begin{align*} A^2 &= (\\sqrt{x + 2} + \\sqrt{y + 5} + \\sqrt{z + 10})^2 \\\\ &= (\\sqrt{x + 2})^2 + (\\sqrt{y + 5})^2 + (\\sqrt{z + 10})^2 \\\\ &+ 2\\sqrt{x + 2}\\sqrt{y + 5} + 2\\sqrt{x + 2}\\sqrt{z + 10} + 2\\sqrt{y + 5}\\sqrt{z + 10} \\\\ &= (x + 2) + (y + 5) + (z + 10) + 2\\sqrt{(x + 2)(y + 5)} + 2\\sqrt{(x + 2)(z + 10)} + 2\\sqrt{(y + 5)(z + 10)} \\\\ &= x + y + z + 17 + 2\\sqrt{(x + 2)(y + 5)} + 2\\sqrt{(x + 2)(z + 10)} + 2\\sqrt{(y + 5)(z + 10)} \\end{align*}\n\n2. **Expand $B^2$**:\n\\begin{align*} B^2 &= (\\sqrt{x + 1} + \\sqrt{y + 1} + \\sqrt{z + 1})^2 \\\\ &= (\\sqrt{x + 1})^2 + (\\sqrt{y + 1})^2 + (\\sqrt{z + 1})^2 \\\\ &+ 2\\sqrt{x + 1}\\sqrt{y + 1} + 2\\sqrt{x + 1}\\sqrt{z + 1} + 2\\sqrt{y + 1}\\sqrt{z + 1} \\\\ &= (x + 1) + (y + 1) + (z + 1) + 2\\sqrt{(x + 1)(y + 1)} + 2\\sqrt{(x + 1)(z + 1)} + 2\\sqrt{(y + 1)(z + 1)} \\\\ &= x + y + z + 3 + 2\\sqrt{(x + 1)(y + 1)} + 2\\sqrt{(x + 1)(z + 1)} + 2\\sqrt{(y + 1)(z + 1)} \\end{align*}\n\n3. **Calculate $A^2 - B^2$**:\n\\begin{align*} A^2 - B^2 &= (x + y + z + 17 + 2\\sqrt{(x + 2)(y + 5)} + 2\\sqrt{(x + 2)(z + 10)} + 2\\sqrt{(y + 5)(z + 10)}) \\\\ &- (x + y + z + 3 + 2\\sqrt{(x + 1)(y + 1)} + 2\\sqrt{(x + 1)(z + 1)} + 2\\sqrt{(y + 1)(z + 1)}) \\\\ &= 14 + 2\\sqrt{(x + 2)(y + 5)} - 2\\sqrt{(x + 1)(y + 1)} + 2\\sqrt{(x + 2)(z + 10)} - 2\\sqrt{(x + 1)(z + 1)} \\\\ &+ 2\\sqrt{(y + 5)(z + 10)} - 2\\sqrt{(y + 1)(z + 1)} \\\\ &= 14 + 2 \\left[ (\\sqrt{(x + 2)(y + 5)} - \\sqrt{(x + 1)(y + 1)}) + (\\sqrt{(x + 2)(z + 10)} - \\sqrt{(x + 1)(z + 1)}) + (\\sqrt{(y + 5)(z + 10)} - \\sqrt{(y + 1)(z + 1)}) \\right] \\end{align*}\n\n4. **Minimize $A^2 - B^2$**:\nLet $f(x, y) = \\sqrt{(x + 2)(y + 5)} - \\sqrt{(x + 1)(y + 1)}$. We want to show that $f(x, y)$ is minimized when $x = y = 0$ for $x, y \\ge 0$.\nWe have shown in the thought process that $\\sqrt{(x + u)(y + v)} - \\sqrt{(x + a)(y + b)}$ is increasing in $x$ and $y$ if $u > a$ and $v > b$.\nIn our case, for the first term, $u=2 > 1=a$ and $v=5 > 1=b$. For the second term, $u=2 > 1=a$ and $v=10 > 1=b$. For the third term, $u=5 > 1=a$ and $v=10 > 1=b$.\nThus, each of the terms $(\\sqrt{(x + 2)(y + 5)} - \\sqrt{(x + 1)(y + 1)})$, $(\\sqrt{(x + 2)(z + 10)} - \\sqrt{(x + 1)(z + 1)})$, and $(\\sqrt{(y + 5)(z + 10)} - \\sqrt{(y + 1)(z + 1)})$ is minimized when $x, y, z$ are minimized. Since $x, y, z \\ge 0$, the minimum values are achieved at $x = y = z = 0$.\n\n5. **Calculate the minimum value**:\nSubstitute $x = y = z = 0$ into the expression for $A^2 - B^2$:\n\\begin{align*} A^2 - B^2 &= 14 + 2 \\left[ (\\sqrt{(0 + 2)(0 + 5)} - \\sqrt{(0 + 1)(0 + 1)}) + (\\sqrt{(0 + 2)(0 + 10)} - \\sqrt{(0 + 1)(0 + 1)}) + (\\sqrt{(0 + 5)(0 + 10)} - \\sqrt{(0 + 1)(0 + 1)}) \\right] \\\\ &= 14 + 2 \\left[ (\\sqrt{10} - 1) + (\\sqrt{20} - 1) + (\\sqrt{50} - 1) \\right] \\\\ &= 14 + 2 (\\sqrt{10} - 1 + 2\\sqrt{5} - 1 + 5\\sqrt{2} - 1) \\\\ &= 14 + 2 (\\sqrt{10} + 2\\sqrt{5} + 5\\sqrt{2} - 3) \\\\ &= 14 + 2\\sqrt{10} + 4\\sqrt{5} + 10\\sqrt{2} - 6 \\\\ &= 8 + 2\\sqrt{10} + 4\\sqrt{5} + 10\\sqrt{2} \\end{align*}\n\n## Final Answer\nThe minimum value of $A^2 - B^2$ is $\\boxed{8 + 2\\sqrt{10} + 4\\sqrt{5} + 10\\sqrt{2}}$.\n\nVerification:\nWhen $x = y = z = 0$,\n$A = \\sqrt{2} + \\sqrt{5} + \\sqrt{10}$\n$B = \\sqrt{1} + \\sqrt{1} + \\sqrt{1} = 3$\n$A^2 - B^2 = (\\sqrt{2} + \\sqrt{5} + \\sqrt{10})^2 - 3^2 = (2 + 5 + 10 + 2\\sqrt{10} + 2\\sqrt{20} + 2\\sqrt{50}) - 9 = 17 + 2\\sqrt{10} + 4\\sqrt{5} + 10\\sqrt{2} - 9 = 8 + 2\\sqrt{10} + 4\\sqrt{5} + 10\\sqrt{2}$.\nThis matches our result.\nSince we have shown that $A^2 - B^2$ is minimized when $x = y = z = 0$, the minimum value is indeed $8 + 2\\sqrt{10} + 4\\sqrt{5} + 10\\sqrt{2}$.",
    "metrics": {
        "length": 4224,
        "has_latex": true
    },
    "validation_response": null
}