{
    "problem": "Let $x,$ $y,$ $z$ be nonzero real numbers such that $x + y + z = 0,$ and $xy + xz + yz \\neq 0.$  Find all possible values of\n\\[\\frac{x^5 + y^5 + z^5}{xyz (xy + xz + yz)}.\\]Enter all possible values, separated by commas.",
    "solution": "## Problem Statement\nLet $x,$ $y,$ $z$ be nonzero real numbers such that $x + y + z = 0,$ and $xy + xz + yz \\neq 0.$  Find all possible values of\n\\[\\frac{x^5 + y^5 + z^5}{xyz (xy + xz + yz)}.\\]\n\nKey variables and constraints:\n- $x, y, z$ are nonzero real numbers\n- $x + y + z = 0$\n- $xy + xz + yz \\neq 0$\n\nWe want to find the possible values of the given expression.\n\n## Solution Strategy\nWe will use the condition $x + y + z = 0$ to simplify the numerator $x^5 + y^5 + z^5.$ We can use Newton's sums or direct substitution to express $x^5 + y^5 + z^5$ in terms of elementary symmetric polynomials. In particular, since $x + y + z = 0,$ we have the first elementary symmetric polynomial $e_1 = x + y + z = 0.$ The second elementary symmetric polynomial is $e_2 = xy + xz + yz,$ and the third elementary symmetric polynomial is $e_3 = xyz.$ We will express $x^5 + y^5 + z^5$ using $e_2$ and $e_3.$\n\nAlternatively, we can use the substitution $z = -(x+y)$ to express the numerator and denominator in terms of $x$ and $y.$\n\nUsing Newton's sums is more systematic and efficient. Let $p_k = x^k + y^k + z^k.$\nWe have the relations:\n$p_1 = e_1$\n$p_2 = e_1 p_1 - 2e_2$\n$p_3 = e_1 p_2 - e_2 p_1 + 3e_3$\n$p_4 = e_1 p_3 - e_2 p_2 + e_3 p_1$\n$p_5 = e_1 p_4 - e_2 p_3 + e_3 p_2$\nSince $e_1 = x + y + z = 0,$ these formulas simplify to:\n$p_1 = 0$\n$p_2 = -2e_2$\n$p_3 = 3e_3$\n$p_4 = -e_2 p_2 = -e_2 (-2e_2) = 2e_2^2$\n$p_5 = -e_2 p_3 + e_3 p_2 = -e_2 (3e_3) + e_3 (-2e_2) = -3e_2 e_3 - 2e_2 e_3 = -5e_2 e_3$\n\nThus, $x^5 + y^5 + z^5 = -5 e_2 e_3 = -5 (xy + xz + yz) (xyz).$\nThe given expression is $\\frac{x^5 + y^5 + z^5}{xyz (xy + xz + yz)} = \\frac{-5 (xy + xz + yz) (xyz)}{xyz (xy + xz + yz)}.$\nSince $xy + xz + yz \\neq 0$ and $xyz \\neq 0,$ we can cancel the terms $xyz (xy + xz + yz)$ from numerator and denominator.\nThe expression simplifies to $-5.$\n\n## Step-by-Step Solution\n1. **Use Newton's Sums to express $x^5 + y^5 + z^5$ in terms of elementary symmetric polynomials.**\n   Let $e_1 = x + y + z,$ $e_2 = xy + xz + yz,$ $e_3 = xyz,$ and $p_k = x^k + y^k + z^k.$\n   Given $e_1 = x + y + z = 0.$\n   The Newton's sums are:\n   $p_1 = e_1$\n   $p_2 = e_1 p_1 - 2e_2$\n   $p_3 = e_1 p_2 - e_2 p_1 + 3e_3$\n   $p_4 = e_1 p_3 - e_2 p_2 + e_3 p_1$\n   $p_5 = e_1 p_4 - e_2 p_3 + e_3 p_2$\n\n2. **Substitute $e_1 = 0$ into Newton's sums.**\n   $p_1 = 0$\n   $p_2 = 0 \\cdot p_1 - 2e_2 = -2e_2$\n   $p_3 = 0 \\cdot p_2 - e_2 \\cdot p_1 + 3e_3 = 3e_3$\n   $p_4 = 0 \\cdot p_3 - e_2 \\cdot p_2 + e_3 \\cdot p_1 = -e_2 p_2 = -e_2 (-2e_2) = 2e_2^2$\n   $p_5 = 0 \\cdot p_4 - e_2 \\cdot p_3 + e_3 \\cdot p_2 = -e_2 p_3 + e_3 p_2 = -e_2 (3e_3) + e_3 (-2e_2) = -3e_2 e_3 - 2e_2 e_3 = -5e_2 e_3$\n\n3. **Substitute back the expressions for $e_2$ and $e_3.$**\n   $x^5 + y^5 + z^5 = p_5 = -5e_2 e_3 = -5 (xy + xz + yz) (xyz).$\n\n4. **Substitute $x^5 + y^5 + z^5$ into the given expression.**\n   \\[\\frac{x^5 + y^5 + z^5}{xyz (xy + xz + yz)} = \\frac{-5 (xy + xz + yz) (xyz)}{xyz (xy + xz + yz)}.\\]\n\n5. **Simplify the expression.**\n   Since $xyz \\neq 0$ and $xy + xz + yz \\neq 0,$ we can cancel the common factors in the numerator and denominator.\n   \\[\\frac{-5 (xy + xz + yz) (xyz)}{xyz (xy + xz + yz)} = -5.\\]\n\n6. **Verify the conditions are satisfiable and the denominator is nonzero.**\n   We need to check if there exist nonzero real numbers $x, y, z$ such that $x + y + z = 0$ and $xy + xz + yz \\neq 0.$\n   Let $x = 1, y = 1, z = -2.$ Then $x + y + z = 1 + 1 - 2 = 0.$\n   $x, y, z$ are nonzero.\n   $xy + xz + yz = 1 \\cdot 1 + 1 \\cdot (-2) + 1 \\cdot (-2) = 1 - 2 - 2 = -3 \\neq 0.$\n   $xyz = 1 \\cdot 1 \\cdot (-2) = -2 \\neq 0.$\n   The denominator $xyz (xy + xz + yz) = (-2) (-3) = 6 \\neq 0.$\n   The conditions are satisfiable, and the denominator is nonzero.\n\n7. **The value is constant.**\n   Since the simplification led to a constant value $-5,$ and the conditions ensure the denominator is nonzero, the only possible value is $-5.$\n\n## Final Answer\nFinal Answer: The final answer is $\\boxed{-5}$",
    "metrics": {
        "length": 3945,
        "has_latex": true
    },
    "validation_response": null
}