{
    "problem": "Let $f(x) = x^4 + ax^3 + bx^2 + cx + d$ be a polynomial whose roots are all negative integers.  If $a + b + c + d = 2009,$ find $d.$",
    "solution": "## Problem Solution\n\n**1. Problem Statement**\n\nGiven a polynomial $f(x) = x^4 + ax^3 + bx^2 + cx + d,$ we are told that all roots of $f(x)$ are negative integers. We are also given the condition that $a + b + c + d = 2009.$ Our goal is to find the value of $d.$\n\nKey variables and constraints:\n- Polynomial $f(x) = x^4 + ax^3 + bx^2 + cx + d$\n- Roots are negative integers. Let the roots be $-r_1, -r_2, -r_3, -r_4$ where $r_1, r_2, r_3, r_4$ are positive integers.\n- Condition: $a + b + c + d = 2009.$\n- Find $d.$\n\n**2. Solution Strategy**\n\nWe will use Vieta's formulas to relate the coefficients of the polynomial to its roots. Then we will use the given condition $a + b + c + d = 2009$ to form an equation in terms of the roots. We will factorize an integer to find possible values for the roots and then calculate $d.$\n\nRelevant formulas/theorems:\n- Vieta's formulas for a quartic polynomial $x^4 + ax^3 + bx^2 + cx + d$ with roots $r_1, r_2, r_3, r_4$:\n    - Sum of roots: $r_1 + r_2 + r_3 + r_4 = -a$\n    - Sum of roots taken two at a time: $r_1r_2 + r_1r_3 + r_1r_4 + r_2r_3 + r_2r_4 + r_3r_4 = b$\n    - Sum of roots taken three at a time: $r_1r_2r_3 + r_1r_2r_4 + r_1r_3r_4 + r_2r_3r_4 = -c$\n    - Product of roots: $r_1r_2r_3r_4 = d$\n\n**3. Step-by-Step Solution**\n\nLet the roots of $f(x)$ be $-r_1, -r_2, -r_3, -r_4,$ where $r_1, r_2, r_3, r_4$ are positive integers.\nUsing Vieta's formulas:\n1. Sum of roots: $(-r_1) + (-r_2) + (-r_3) + (-r_4) = -a \\implies a = r_1 + r_2 + r_3 + r_4$\n2. Sum of roots taken two at a time: $(-r_1)(-r_2) + (-r_1)(-r_3) + (-r_1)(-r_4) + (-r_2)(-r_3) + (-r_2)(-r_4) + (-r_3)(-r_4) = b \\implies b = r_1r_2 + r_1r_3 + r_1r_4 + r_2r_3 + r_2r_4 + r_3r_4$\n3. Sum of roots taken three at a time: $(-r_1)(-r_2)(-r_3) + (-r_1)(-r_2)(-r_4) + (-r_1)(-r_3)(-r_4) + (-r_2)(-r_3)(-r_4) = -c \\implies c = r_1r_2r_3 + r_1r_2r_4 + r_1r_3r_4 + r_2r_3r_4$\n4. Product of roots: $(-r_1)(-r_2)(-r_3)(-r_4) = d \\implies d = r_1r_2r_3r_4$\n\nWe are given $a + b + c + d = 2009.$ Substituting the expressions for $a, b, c, d$ in terms of $r_1, r_2, r_3, r_4$:\n$(r_1 + r_2 + r_3 + r_4) + (r_1r_2 + r_1r_3 + r_1r_4 + r_2r_3 + r_2r_4 + r_3r_4) + (r_1r_2r_3 + r_1r_2r_4 + r_1r_3r_4 + r_2r_3r_4) + (r_1r_2r_3r_4) = 2009$\n\nWe know that $(1+r_1)(1+r_2)(1+r_3)(1+r_4) = 1 + (r_1 + r_2 + r_3 + r_4) + (r_1r_2 + r_1r_3 + r_1r_4 + r_2r_3 + r_2r_4 + r_3r_4) + (r_1r_2r_3 + r_1r_2r_4 + r_1r_3r_4 + r_2r_3r_4) + r_1r_2r_3r_4.$\nSo, $(1+r_1)(1+r_2)(1+r_3)(1+r_4) = 1 + (a + b + c + d) = 1 + 2009 = 2010.$\n\nWe need to factorize $2010$ into four integer factors, each factor being greater than or equal to $1+1 = 2$ since $r_i \\ge 1.$\nPrime factorization of $2010 = 201 \\times 10 = (3 \\times 67) \\times (2 \\times 5) = 2 \\times 3 \\times 5 \\times 67.$\nWe can set $1+r_1 = 2, 1+r_2 = 3, 1+r_3 = 5, 1+r_4 = 67.$\nThen $r_1 = 1, r_2 = 2, r_3 = 4, r_4 = 66.$ These are all positive integers.\nThen $d = r_1r_2r_3r_4 = 1 \\times 2 \\times 4 \\times 66 = 8 \\times 66 = 528.$\n\nWe verify that $2, 3, 5, 67$ are the only integer factors greater than or equal to 2 that multiply to 2010 (up to permutation). Thus, the value of $d$ is uniquely determined.\n\n**4. Final Answer**\n\nFinal Answer: The final answer is $\\boxed{528}$",
    "metrics": {
        "length": 3203,
        "has_latex": true
    },
    "validation_response": null
}