{
    "problem": "There are 2011 positive numbers with both their sum and the sum of their reciprocals equal to 2012.  Let $x$ be one of these numbers.  Find the maximum value of $x + \\frac{1}{x}.$",
    "solution": "## Problem Solution\n\n**1. Problem Statement**\n\nGiven 2011 positive numbers, $x_1, x_2, \\dots, x_{2011}$, such that their sum is 2012 and the sum of their reciprocals is also 2012.\nLet $S_1 = \\sum_{i=1}^{2011} x_i = 2012$.\nLet $S_2 = \\sum_{i=1}^{2011} \\frac{1}{x_i} = 2012$.\nWe want to find the maximum possible value of $x + \\frac{1}{x}$, where $x$ is one of these 2011 numbers. Let's assume $x = x_1$ without loss of generality. We need to maximize $x_1 + \\frac{1}{x_1}$.\n\n**Key Variables and Constraints:**\n- Number of variables: 2011 positive numbers ($x_1, x_2, \\dots, x_{2011}$)\n- Constraints:\n    - $\\sum_{i=1}^{2011} x_i = 2012$\n    - $\\sum_{i=1}^{2011} \\frac{1}{x_i} = 2012$\n    - $x_i > 0$ for all $i = 1, 2, \\dots, 2011$\n- Objective: Maximize $x_1 + \\frac{1}{x_1}$\n\n**2. Solution Strategy**\n\nWe will use the AM-HM inequality to establish a constraint on $x_1 + \\frac{1}{x_1}$.\nFirst, separate $x_1$ from the sums:\nLet $S = \\sum_{i=2}^{2011} x_i$ and $R = \\sum_{i=2}^{2011} \\frac{1}{x_i}$.\nThen the given conditions become:\n$x_1 + S = 2012$\n$\\frac{1}{x_1} + R = 2012$\nSo, $S = 2012 - x_1$ and $R = 2012 - \\frac{1}{x_1}$.\nSince $x_i > 0$, we must have $S > 0$ and $R > 0$. This implies $x_1 < 2012$ and $\\frac{1}{x_1} < 2012$, so $x_1 > \\frac{1}{2012}$.\nFor the 2010 positive numbers $x_2, x_3, \\dots, x_{2011}$, by AM-HM inequality:\n$\\frac{\\sum_{i=2}^{2011} x_i}{2010} \\ge \\frac{2010}{\\sum_{i=2}^{2011} \\frac{1}{x_i}}$\n$\\frac{S}{2010} \\ge \\frac{2010}{R}$\n$S \\cdot R \\ge 2010^2$\n\nSubstitute $S$ and $R$ in terms of $x_1$:\n$(2012 - x_1)(2012 - \\frac{1}{x_1}) \\ge 2010^2$\nExpand the left side and solve for $x_1 + \\frac{1}{x_1}$.\n\n**3. Step-by-Step Solution**\n\nSubstitute $S = 2012 - x_1$ and $R = 2012 - \\frac{1}{x_1}$ into $S \\cdot R \\ge 2010^2$:\n$(2012 - x_1)(2012 - \\frac{1}{x_1}) \\ge 2010^2$\n$2012^2 - 2012 \\cdot \\frac{1}{x_1} - 2012 \\cdot x_1 + x_1 \\cdot \\frac{1}{x_1} \\ge 2010^2$\n$2012^2 - 2012 (x_1 + \\frac{1}{x_1}) + 1 \\ge 2010^2$\nRearrange to isolate $x_1 + \\frac{1}{x_1}$:\n$2012^2 + 1 - 2010^2 \\ge 2012 (x_1 + \\frac{1}{x_1})$\n$(2012^2 - 2010^2) + 1 \\ge 2012 (x_1 + \\frac{1}{x_1})$\nUsing the difference of squares $a^2 - b^2 = (a-b)(a+b)$:\n$(2012 - 2010)(2012 + 2010) + 1 \\ge 2012 (x_1 + \\frac{1}{x_1})$\n$(2)(4022) + 1 \\ge 2012 (x_1 + \\frac{1}{x_1})$\n$8044 + 1 \\ge 2012 (x_1 + \\frac{1}{x_1})$\n$8045 \\ge 2012 (x_1 + \\frac{1}{x_1})$\n$x_1 + \\frac{1}{x_1} \\le \\frac{8045}{2012}$\n\nThe maximum possible value of $x_1 + \\frac{1}{x_1}$ is $\\frac{8045}{2012}$.\nThis maximum value is achieved when the equality in AM-HM holds, i.e., $x_2 = x_3 = \\dots = x_{2011} = y$.\nIn this case, $S = 2010y = 2012 - x_1$ and $R = \\frac{2010}{y} = 2012 - \\frac{1}{x_1}$.\nWe need to check if there exists a positive $x_1$ and $y$ such that $x_1 + \\frac{1}{x_1} = \\frac{8045}{2012}$ and $y = \\frac{2012 - x_1}{2010} = \\frac{2010}{2012 - \\frac{1}{x_1}}$.\nFrom $x_1 + \\frac{1}{x_1} = \\frac{8045}{2012}$, we get $2012x_1^2 - 8045x_1 + 2012 = 0$.\nWe solved this quadratic equation in the thought process and found real positive roots.\nFor the maximum value, we consider the case when equality holds.\nThe maximum value of $x + \\frac{1}{x}$ is $\\frac{8045}{2012}$.\n\n**4. Final Answer**\n\nFinal Answer: The final answer is $\\boxed{\\frac{8045}{2012}}$",
    "metrics": {
        "length": 3232,
        "has_latex": true
    },
    "validation_response": null
}