{
    "problem": "Let $\\omega$ be a complex number such that $\\omega^7 = 1$ and $\\omega \\ne 1.$  Let $\\alpha = \\omega + \\omega^2 + \\omega^4$ and $\\beta = \\omega^3 + \\omega^5 + \\omega^6.$  Then $\\alpha$ and $\\beta$ satisfy the quadratic\n\\[x^2 + ax + b = 0\\]for some real numbers $a$ and $b.$  Enter the ordered pair $(a,b).$",
    "solution": "### Problem Statement\n- Given $\\omega$ is a complex number such that $\\omega^7 = 1$ and $\\omega \\ne 1.$\n- Define $\\alpha = \\omega + \\omega^2 + \\omega^4$ and $\\beta = \\omega^3 + \\omega^5 + \\omega^6.$\n- We need to find real numbers $a$ and $b$ such that $\\alpha$ and $\\beta$ are roots of the quadratic equation $x^2 + ax + b = 0.$\n- We need to enter the ordered pair $(a,b).$\n\n### Solution Strategy\n- For a quadratic equation $x^2 + ax + b = 0$ with roots $\\alpha$ and $\\beta,$ we know from Vieta's formulas that $a = -(\\alpha + \\beta)$ and $b = \\alpha \\beta.$\n- We need to calculate the sum $\\alpha + \\beta$ and the product $\\alpha \\beta.$\n- Using the property $\\omega^7 = 1$ and $1 + \\omega + \\omega^2 + \\omega^3 + \\omega^4 + \\omega^5 + \\omega^6 = 0$ for $\\omega \\ne 1$ and $\\omega^7 = 1,$ we will simplify $\\alpha + \\beta$ and $\\alpha \\beta.$\n\n### Step-by-Step Solution\n1. **Calculate $\\alpha + \\beta$:**\n   \\[ \\alpha + \\beta = (\\omega + \\omega^2 + \\omega^4) + (\\omega^3 + \\omega^5 + \\omega^6) = \\omega + \\omega^2 + \\omega^3 + \\omega^4 + \\omega^5 + \\omega^6 \\]\n   Since $\\omega$ is a 7th root of unity and $\\omega \\ne 1,$ we know that the sum of all 7th roots of unity is 0:\n   \\[ 1 + \\omega + \\omega^2 + \\omega^3 + \\omega^4 + \\omega^5 + \\omega^6 = 0 \\]\n   Therefore,\n   \\[ \\omega + \\omega^2 + \\omega^3 + \\omega^4 + \\omega^5 + \\omega^6 = -1 \\]\n   So, $\\alpha + \\beta = -1.$\n   Then $a = -(\\alpha + \\beta) = -(-1) = 1.$\n\n2. **Calculate $\\alpha \\beta$:**\n   \\begin{align*} \\alpha \\beta &= (\\omega + \\omega^2 + \\omega^4)(\\omega^3 + \\omega^5 + \\omega^6) \\\\ &= \\omega(\\omega^3 + \\omega^5 + \\omega^6) + \\omega^2(\\omega^3 + \\omega^5 + \\omega^6) + \\omega^4(\\omega^3 + \\omega^5 + \\omega^6) \\\\ &= (\\omega^4 + \\omega^6 + \\omega^7) + (\\omega^5 + \\omega^7 + \\omega^8) + (\\omega^7 + \\omega^9 + \\omega^{10}) \\end{align*}\n   Since $\\omega^7 = 1,$ we can reduce the powers of $\\omega$:\n   \\[ \\omega^7 = 1, \\quad \\omega^8 = \\omega^7 \\cdot \\omega = \\omega, \\quad \\omega^9 = \\omega^7 \\cdot \\omega^2 = \\omega^2, \\quad \\omega^{10} = \\omega^7 \\cdot \\omega^3 = \\omega^3 \\]\n   Substituting these values, we get\n   \\begin{align*} \\alpha \\beta &= (\\omega^4 + \\omega^6 + 1) + (\\omega^5 + 1 + \\omega) + (1 + \\omega^2 + \\omega^3) \\\\ &= \\omega^4 + \\omega^6 + 1 + \\omega^5 + 1 + \\omega + 1 + \\omega^2 + \\omega^3 \\\\ &= (\\omega + \\omega^2 + \\omega^3 + \\omega^4 + \\omega^5 + \\omega^6) + (1 + 1 + 1) \\\\ &= (\\omega + \\omega^2 + \\omega^3 + \\omega^4 + \\omega^5 + \\omega^6) + 3 \\end{align*}\n   We know that $\\omega + \\omega^2 + \\omega^3 + \\omega^4 + \\omega^5 + \\omega^6 = -1.$\n   So, $\\alpha \\beta = -1 + 3 = 2.$\n   Then $b = \\alpha \\beta = 2.$\n\n3. **Form the quadratic equation:**\n   The quadratic equation is $x^2 + ax + b = 0,$ with $a = 1$ and $b = 2.$\n   Thus, the quadratic equation is $x^2 + x + 2 = 0.$\n\n4. **Verify $a$ and $b$ are real numbers:**\n   $a = 1$ and $b = 2$ are real numbers.\n\n### Final Answer\nThe ordered pair $(a,b)$ is $\\boxed{(1,2)}.$",
    "metrics": {
        "length": 2920,
        "has_latex": true
    },
    "validation_response": null
}