{
    "problem": "Find the integer that is closest to $1000\\sum_{n=3}^{10000}\\frac1{n^2-4}$.",
    "solution": "## Solution\n\n### 1. Problem Statement\nFind the integer that is closest to $1000\\sum_{n=3}^{10000}\\frac1{n^2-4}$.\nKey variables:\n- Summation index $n$ ranges from 3 to 10000\n- Term in summation is $\\frac{1}{n^2-4}$\n- We need to find the integer closest to $1000$ times the sum.\n\n### 2. Solution Strategy\nWe will use partial fraction decomposition to simplify the term $\\frac{1}{n^2-4}$. Then we will evaluate the sum as a telescoping series. Finally, we multiply the sum by 1000 and find the closest integer.\n\nRelevant formulas:\n- Partial Fraction Decomposition: $\\frac{1}{(n-a)(n-b)} = \\frac{A}{n-a} + \\frac{B}{n-b}$\n- Telescoping Series: A series where intermediate terms cancel out when summing a partial sum.\n\n### 3. Step-by-Step Solution\n**Step 1: Partial Fraction Decomposition**\nWe decompose $\\frac{1}{n^2-4} = \\frac{1}{(n-2)(n+2)}$ into partial fractions:\n$\\frac{1}{(n-2)(n+2)} = \\frac{A}{n-2} + \\frac{B}{n+2}$\nMultiplying both sides by $(n-2)(n+2)$ gives:\n$1 = A(n+2) + B(n-2)$\n\nSet $n=2$: $1 = A(2+2) + B(2-2) = 4A \\implies A = \\frac{1}{4}$\nSet $n=-2$: $1 = A(-2+2) + B(-2-2) = -4B \\implies B = -\\frac{1}{4}$\nThus, $\\frac{1}{n^2-4} = \\frac{1}{4}\\left(\\frac{1}{n-2} - \\frac{1}{n+2}\\right)$\n\n**Step 2: Evaluate the Sum**\nWe substitute the partial fraction form into the summation:\n$\\sum_{n=3}^{10000}\\frac1{n^2-4} = \\sum_{n=3}^{10000} \\frac{1}{4}\\left(\\frac{1}{n-2} - \\frac{1}{n+2}\\right) = \\frac{1}{4} \\sum_{n=3}^{10000} \\left(\\frac{1}{n-2} - \\frac{1}{n+2}\\right)$\n\nLet's write out the first few terms and last few terms to see the telescoping pattern:\nFor $n=3$: $\\frac{1}{3-2} - \\frac{1}{3+2} = \\frac{1}{1} - \\frac{1}{5}$\nFor $n=4$: $\\frac{1}{4-2} - \\frac{1}{4+2} = \\frac{1}{2} - \\frac{1}{6}$\nFor $n=5$: $\\frac{1}{5-2} - \\frac{1}{5+2} = \\frac{1}{3} - \\frac{1}{7}$\nFor $n=6$: $\\frac{1}{6-2} - \\frac{1}{6+2} = \\frac{1}{4} - \\frac{1}{8}$\n...\nFor $n=9998$: $\\frac{1}{9998-2} - \\frac{1}{9998+2} = \\frac{1}{9996} - \\frac{1}{10000}$\nFor $n=9999$: $\\frac{1}{9999-2} - \\frac{1}{9999+2} = \\frac{1}{9997} - \\frac{1}{10001}$\nFor $n=10000$: $\\frac{1}{10000-2} - \\frac{1}{10000+2} = \\frac{1}{9998} - \\frac{1}{10002}$\n\nSumming these terms, we get a telescoping sum:\n$\\sum_{n=3}^{10000} \\left(\\frac{1}{n-2} - \\frac{1}{n+2}\\right) = \\left(1 + \\frac{1}{2} + \\frac{1}{3} + \\frac{1}{4} \\right) - \\left(\\frac{1}{9999} + \\frac{1}{10000} + \\frac{1}{10001} + \\frac{1}{10002} \\right)$\n\nLet $H_k = \\sum_{i=1}^{k} \\frac{1}{i}$. Then the sum is $(H_4) - (\\frac{1}{9999} + \\frac{1}{10000} + \\frac{1}{10001} + \\frac{1}{10002})$.\n$H_4 = 1 + \\frac{1}{2} + \\frac{1}{3} + \\frac{1}{4} = \\frac{12+6+4+3}{12} = \\frac{25}{12}$.\n\nLet $R = \\frac{1}{9999} + \\frac{1}{10000} + \\frac{1}{10001} + \\frac{1}{10002}$.\nThen $\\sum_{n=3}^{10000}\\frac1{n^2-4} = \\frac{1}{4} \\left(\\frac{25}{12} - R \\right)$.\nWe need to find the integer closest to $1000 \\times \\frac{1}{4} \\left(\\frac{25}{12} - R \\right) = 250 \\left(\\frac{25}{12} - R \\right) = \\frac{6250}{12} - 250R$.\n$\\frac{6250}{12} = \\frac{3125}{6} = 520.8333...$.\n$R = \\frac{1}{9999} + \\frac{1}{10000} + \\frac{1}{10001} + \\frac{1}{10002} \\approx \\frac{4}{10000} = 0.0004$.\n$250R \\approx 250 \\times 0.0004 = 0.1$.\n$1000\\sum_{n=3}^{10000}\\frac1{n^2-4} \\approx 520.8333 - 0.1 = 520.7333...$.\n\nTo be sure about the closest integer, we need to check if the value is greater or less than $520.5$.\nWe know $R = \\frac{1}{9999} + \\frac{1}{10000} + \\frac{1}{10001} + \\frac{1}{10002} > 0$.\nSo, $250R > 0$.\nThus, $1000\\sum_{n=3}^{10000}\\frac1{n^2-4} = \\frac{6250}{12} - 250R < \\frac{6250}{12} = 520.8333...$.\nSince $R > 0$, $250R > 0$.\nLet's find an upper bound for $R$. $R < \\frac{4}{9999} < \\frac{4}{9996} = \\frac{4}{4 \\times 2499} = \\frac{1}{2499} < \\frac{1}{2000} = 0.0005$.\n$250R < 250 \\times 0.0005 = 0.125$.\n$1000\\sum_{n=3}^{10000}\\frac1{n^2-4} = \\frac{6250}{12} - 250R > 520.8333 - 0.125 = 520.7083$.\nSince $520.7083 > 520.5$, the closest integer is 521.\n\n**Step 3: Calculate more precisely**\n$\\frac{25}{12} = 2.083333333...$\n$R = \\frac{1}{9999} + \\frac{1}{10000} + \\frac{1}{10001} + \\frac{1}{10002} \\approx 0.00010001 + 0.0001 + 0.00009999 + 0.00009998 = 0.00039998$.\n$250R \\approx 250 \\times 0.00039998 = 0.099995$.\n$1000\\sum_{n=3}^{10000}\\frac1{n^2-4} = \\frac{6250}{12} - 250R \\approx 520.833333 - 0.099995 = 520.733338$.\nThe closest integer is 521.\n\n### 4. Final Answer\nFinal Answer: The final answer is $\\boxed{521}$",
    "metrics": {
        "length": 4331,
        "has_latex": true
    },
    "validation_response": null
}