{
    "problem": "Let $f(x)$ and $g(x)$ be two monic cubic polynomials, and let $r$ be a real number.  Two of the roots of $f(x)$ are $r + 1$ and $r + 7.$  Two of the roots of $g(x)$ are $r + 3$ and $r + 9,$ and\n\\[f(x) - g(x) = r\\]for all real numbers $x.$  Find $r.$",
    "solution": "## Problem Statement\n- $f(x)$ and $g(x)$ are monic cubic polynomials.\n- Roots of $f(x)$ include $r+1$ and $r+7$.\n- Roots of $g(x)$ include $r+3$ and $r+9$.\n- $f(x) - g(x) = r$ for all real $x$.\n- Find the value of $r$.\n\n## Solution Strategy\n1. **Represent polynomials:** Express $f(x)$ and $g(x)$ in terms of their roots, including unknown third roots.\n2. **Subtract polynomials:** Calculate $f(x) - g(x)$ and equate the coefficients of $x^2$ and $x$ to zero, because $f(x) - g(x)$ is a constant.\n3. **Solve for unknowns:** Use the conditions from coefficients of $x^2$ and $x$ to find the unknown third roots in terms of $r$.\n4. **Use constant term:** Equate the constant term of $f(x) - g(x)$ to $r$ and solve for $r$.\n5. **Verify:** Check if the obtained value of $r$ satisfies all given conditions.\n\n## Step-by-Step Solution\n1. **Represent polynomials:**\nLet the third root of $f(x)$ be $a$ and the third root of $g(x)$ be $b.$ Since $f(x)$ and $g(x)$ are monic cubic polynomials, we can write them as:\n\\[f(x) = (x - (r+1))(x - (r+7))(x - a)\\]\n\\[g(x) = (x - (r+3))(x - (r+9))(x - b)\\]\n\n2. **Subtract polynomials and equate coefficients:**\nWe expand $f(x)$ and $g(x)$ partially to examine the coefficients of $x^2$ and $x$ in $f(x) - g(x).$\nThe coefficient of $x^2$ in $f(x)$ is $-(r+1) - (r+7) - a = -(2r+8+a).$\nThe coefficient of $x^2$ in $g(x)$ is $-(r+3) - (r+9) - b = -(2r+12+b).$\nThe coefficient of $x^2$ in $f(x) - g(x)$ is $-(2r+8+a) - (-(2r+12+b)) = -2r-8-a + 2r+12+b = 4 + b - a.$\nSince $f(x) - g(x) = r$ is a constant, the coefficient of $x^2$ must be zero:\n\\[4 + b - a = 0 \\implies a - b = 4 \\implies a = b + 4 \\quad (*).\\]\n\nThe coefficient of $x$ in $f(x)$ is $(r+1)(r+7) + (r+1)a + (r+7)a = (r+1)(r+7) + a(r+1+r+7) = (r+1)(r+7) + a(2r+8).$\nThe coefficient of $x$ in $g(x)$ is $(r+3)(r+9) + (r+3)b + (r+9)b = (r+3)(r+9) + b(r+3+r+9) = (r+3)(r+9) + b(2r+12).$\nThe coefficient of $x$ in $f(x) - g(x)$ is $[(r+1)(r+7) + a(2r+8)] - [(r+3)(r+9) + b(2r+12)] = 0.$\n$(r^2+8r+7) + a(2r+8) - (r^2+12r+27) - b(2r+12) = 0.$\n$-4r - 20 + a(2r+8) - b(2r+12) = 0.$\nSubstitute $a = b+4$ from $(*):$\n$-4r - 20 + (b+4)(2r+8) - b(2r+12) = 0.$\n$-4r - 20 + b(2r+8) + 4(2r+8) - b(2r+12) = 0.$\n$-4r - 20 + 2br + 8b + 8r + 32 - 2br - 12b = 0.$\n$4r + 12 - 4b = 0.$\n$4r + 12 = 4b.$\n$b = r + 3.$\n\n3. **Find $a$:**\nUsing $a = b+4$ and $b = r+3,$ we get $a = (r+3) + 4 = r+7.$\n\n4. **Use constant term:**\nThe constant term of $f(x)$ is $- (r+1)(r+7)a = - (r+1)(r+7)(r+7) = - (r+1)(r+7)^2.$\nThe constant term of $g(x)$ is $- (r+3)(r+9)b = - (r+3)(r+9)(r+3) = - (r+3)^2(r+9).$\nThe constant term of $f(x) - g(x)$ is $- (r+1)(r+7)^2 - (-(r+3)^2(r+9)) = (r+3)^2(r+9) - (r+1)(r+7)^2.$\nWe are given $f(x) - g(x) = r,$ so\n$(r+3)^2(r+9) - (r+1)(r+7)^2 = r.$\n$(r^2+6r+9)(r+9) - (r+1)(r^2+14r+49) = r.$\n$(r^3+9r^2+6r^2+54r+9r+81) - (r^3+14r^2+49r+r^2+14r+49) = r.$\n$(r^3+15r^2+63r+81) - (r^3+15r^2+63r+49) = r.$\n$r^3+15r^2+63r+81 - r^3-15r^2-63r-49 = r.$\n$81 - 49 = r.$\n$32 = r.$\n\n5. **Verify:**\nIf $r=32,$ roots of $f(x)$ are $33, 39, 39.$ Roots of $g(x)$ are $35, 41, 35.$\n$f(x) = (x-33)(x-39)^2 = x^3 - (33+39+39)x^2 + (33 \\cdot 39 + 33 \\cdot 39 + 39 \\cdot 39)x - 33 \\cdot 39^2 = x^3 - 111x^2 + 4329x - 50427.$\n$g(x) = (x-35)^2(x-41) = x^3 - (35+35+41)x^2 + (35 \\cdot 35 + 35 \\cdot 41 + 35 \\cdot 41)x - 35^2 \\cdot 41 = x^3 - 111x^2 + 4329x - 50395.$\n$f(x) - g(x) = (x^3 - 111x^2 + 4329x - 50427) - (x^3 - 111x^2 + 4329x - 50395) = -50427 - (-50395) = -50427 + 50395 = -32.$\nWait, there is a sign error in the constant term calculation.\nConstant term of $f(x) - g(x) = - a(r^2+8r+7) - (- b(r^2+12r+27)) = b(r^2+12r+27) - a(r^2+8r+7)$.\nSubstitute $a = r+7$ and $b = r+3$.\n$(r+3)(r^2+12r+27) - (r+7)(r^2+8r+7) = r$.\n$(r^3+12r^2+27r+3r^2+36r+81) - (r^3+8r^2+7r+7r^2+56r+49) = r$.\n$(r^3+15r^2+63r+81) - (r^3+15r^2+63r+49) = r$.\n$81 - 49 = r$.\n$32 = r$.\n\nLet's recheck the verification calculation.\n$f(x) = (x-33)(x-39)^2 = x^3 - (33+2 \\cdot 39)x^2 + (2 \\cdot 33 \\cdot 39 + 39^2)x - 33 \\cdot 39^2 = x^3 - (33+78)x^2 + (2574 + 1521)x - 33 \\cdot 1521 = x^3 - 111x^2 + 4095x - 50200 - 33 \\cdot 27 = 50193+27 = 50220+3 = 50223$\n$33 \\times 1521 = 50193$.\n$f(x) = x^3 - 111x^2 + 4095x - 50193$.\n$g(x) = (x-35)^2(x-41) = x^3 - (2 \\cdot 35 + 41)x^2 + (35^2 + 2 \\cdot 35 \\cdot 41)x - 35^2 \\cdot 41 = x^3 - (70+41)x^2 + (1225 + 2870)x - 1225 \\cdot 41 = x^3 - 111x^2 + 4095x - 50225.$\n$f(x) - g(x) = (x^3 - 111x^2 + 4095x - 50193) - (x^3 - 111x^2 + 4095x - 50225) = -50193 - (-50225) = -50193 + 50225 = 32.$\nSo $f(x) - g(x) = 32 = r.$\n\nFinal Answer: The final answer is $\\boxed{32}$",
    "metrics": {
        "length": 4542,
        "has_latex": true
    },
    "validation_response": null
}