{
    "problem": "Let $f(x)=16x+3$. Find the sum of all $x$ that satisfy the equation $f^{-1}(x)=f((2x)^{-1})$.",
    "solution": "### Problem Statement\n- Given the function $f(x)=16x+3$.\n- We need to find the sum of all values of $x$ that satisfy the equation $f^{-1}(x)=f((2x)^{-1})$.\n- Key variables: $f(x)$, $f^{-1}(x)$, $x$.\n- Constraint: Equation $f^{-1}(x)=f((2x)^{-1})$ must be satisfied.\n\n### Solution Strategy\n1. Find the inverse function $f^{-1}(x)$.\n2. Evaluate $f((2x)^{-1})$ by substituting $(2x)^{-1}$ into $f(x)$.\n3. Set $f^{-1}(x)$ equal to $f((2x)^{-1})$ and solve for $x$.\n4. If the equation is a quadratic equation of the form $ax^2+bx+c=0$, the sum of the roots is given by $-\\frac{b}{a}$.\n\n### Step-by-Step Solution\n1. **Find the inverse function $f^{-1}(x)$:**\n   Let $y = f(x) = 16x+3$. To find the inverse function, we need to solve for $x$ in terms of $y$.\n   $y = 16x+3$\n   $y - 3 = 16x$\n   $x = \\frac{y-3}{16}$\n   Therefore, $f^{-1}(x) = \\frac{x-3}{16}$.\n\n2. **Evaluate $f((2x)^{-1})$:**\n   $(2x)^{-1} = \\frac{1}{2x}$\n   $f((2x)^{-1}) = f\\left(\\frac{1}{2x}\\right) = 16\\left(\\frac{1}{2x}\\right) + 3 = \\frac{16}{2x} + 3 = \\frac{8}{x} + 3$.\n\n3. **Set $f^{-1}(x) = f((2x)^{-1})$ and solve for $x$:**\n   $\\frac{x-3}{16} = \\frac{8}{x} + 3$\n   To eliminate the denominators, multiply both sides by $16x$ (assuming $x \\neq 0$):\n   $16x \\cdot \\frac{x-3}{16} = 16x \\cdot \\left(\\frac{8}{x} + 3\\right)$\n   $x(x-3) = 16x \\cdot \\frac{8}{x} + 16x \\cdot 3$\n   $x^2 - 3x = 16 \\cdot 8 + 48x$\n   $x^2 - 3x = 128 + 48x$\n   Rearrange the equation to form a quadratic equation:\n   $x^2 - 3x - 48x - 128 = 0$\n   $x^2 - 51x - 128 = 0$\n\n4. **Find the sum of the roots of the quadratic equation:**\n   For a quadratic equation $ax^2 + bx + c = 0$, the sum of the roots is given by $-\\frac{b}{a}$. In our equation $x^2 - 51x - 128 = 0$, we have $a=1$, $b=-51$, and $c=-128$.\n   The sum of the roots is $-\\frac{b}{a} = -\\frac{-51}{1} = 51$.\n\n5. **Verify $x \\neq 0$ for the roots:**\n   If $x=0$ were a root of $x^2 - 51x - 128 = 0$, then substituting $x=0$ would satisfy the equation.\n   $0^2 - 51(0) - 128 = -128 \\neq 0$.\n   So, $x=0$ is not a root, and our assumption $x \\neq 0$ is valid.\n\n### Final Answer\nThe sum of all $x$ that satisfy the equation is 51.\n\nFinal Answer: The final answer is $\\boxed{51}$",
    "metrics": {
        "length": 2175,
        "has_latex": true
    },
    "validation_response": null
}