{
    "problem": "Let $x,$ $y,$ and $z$ be positive real numbers such that $x + y + z = 1.$  Find the minimum value of\n\\[\\frac{x + y}{xyz}.\\]",
    "solution": "## Problem Statement\n- Given positive real numbers $x, y, z$ such that $x + y + z = 1.$\n- We need to find the minimum value of the expression $\\frac{x + y}{xyz}.$\n\n## Solution Strategy\n- **Step 1:** Use the constraint $x + y + z = 1$ to simplify the expression. Replace $x + y$ with $1 - z.$\n- **Step 2:**  For a fixed $z,$ minimize the expression with respect to $x$ and $y.$ Use AM-GM inequality to maximize the product $xy$ when $x + y$ is constant.\n- **Step 3:**  Substitute the optimal $x, y$ in terms of $z$ back into the expression to get a function of $z$ only.\n- **Step 4:** Minimize this function of $z$ using calculus or by analyzing the function's properties.\n- **Step 5:** Verify the minimum value and the values of $x, y, z$ that achieve this minimum.\n\n## Step-by-Step Solution\n1. **Simplify the expression using the constraint:**\n   Since $x + y + z = 1,$ we have $x + y = 1 - z.$  Substituting this into the expression, we get\n   \\[\\frac{x + y}{xyz} = \\frac{1 - z}{xyz}.\\]\n\n2. **Minimize with respect to $x$ and $y$ for a fixed $z$:**\n   For a fixed value of $z,$ $1 - z$ is a constant. To minimize $\\frac{1 - z}{xyz},$ we need to maximize the denominator $xyz.$ Since $z$ is fixed, we need to maximize $xy.$\n   We know that $x + y = 1 - z = \\text{constant}.$ By the AM-GM inequality, for non-negative numbers $x$ and $y,$\n   \\[\\frac{x + y}{2} \\ge \\sqrt{xy}.\\]\n   Squaring both sides, we get $\\left( \\frac{x + y}{2} \\right)^2 \\ge xy.$ Equality holds when $x = y.$\n   Thus, for a fixed sum $x + y = 1 - z,$ the product $xy$ is maximized when $x = y.$  So we set $x = y = \\frac{1 - z}{2}.$\n\n3. **Substitute $x = y = \\frac{1 - z}{2}$ into the expression:**\n   Substituting $x = y = \\frac{1 - z}{2}$ into $\\frac{1 - z}{xyz},$ we get\n   \\[\\frac{1 - z}{\\left( \\frac{1 - z}{2} \\right) \\left( \\frac{1 - z}{2} \\right) z} = \\frac{1 - z}{\\frac{(1 - z)^2}{4} z} = \\frac{4}{z(1 - z)}.\\]\n   Now we need to minimize the function $f(z) = \\frac{4}{z(1 - z)}$ for $0 < z < 1.$  This is equivalent to maximizing $g(z) = z(1 - z) = z - z^2$ for $0 < z < 1.$\n\n4. **Minimize the function of $z$:**\n   To maximize $g(z) = z - z^2,$ we find the derivative with respect to $z$ and set it to zero:\n   \\[g'(z) = 1 - 2z.\\]\n   Setting $g'(z) = 0,$ we get $1 - 2z = 0,$ so $z = \\frac{1}{2}.$\n   The second derivative is $g''(z) = -2 < 0,$ which indicates that $z = \\frac{1}{2}$ is a local maximum for $g(z).$\n   The maximum value of $g(z)$ is $g\\left( \\frac{1}{2} \\right) = \\frac{1}{2} \\left( 1 - \\frac{1}{2} \\right) = \\frac{1}{2} \\cdot \\frac{1}{2} = \\frac{1}{4}.$\n   Therefore, the minimum value of $f(z) = \\frac{4}{z(1 - z)}$ is $\\frac{4}{1/4} = 16.$\n\n5. **Verify the minimum value and the values of $x, y, z$:**\n   When $z = \\frac{1}{2},$ we have $x = y = \\frac{1 - z}{2} = \\frac{1 - 1/2}{2} = \\frac{1/2}{2} = \\frac{1}{4}.$\n   So $x = \\frac{1}{4},$ $y = \\frac{1}{4},$ $z = \\frac{1}{2}.$  We check that $x + y + z = \\frac{1}{4} + \\frac{1}{4} + \\frac{1}{2} = 1,$ and $x, y, z > 0.$\n   The minimum value is\n   \\[\\frac{x + y}{xyz} = \\frac{\\frac{1}{4} + \\frac{1}{4}}{\\frac{1}{4} \\cdot \\frac{1}{4} \\cdot \\frac{1}{2}} = \\frac{\\frac{1}{2}}{\\frac{1}{32}} = \\frac{1}{2} \\times 32 = 16.\\]\n\n## Final Answer\nThe minimum value of $\\frac{x + y}{xyz}$ is $\\boxed{16}.$",
    "metrics": {
        "length": 3241,
        "has_latex": true
    },
    "validation_response": null
}