{
    "problem": "The equation\n\\[(x - \\sqrt[3]{13})(x - \\sqrt[3]{53})(x - \\sqrt[3]{103}) = \\frac{1}{3}\\]has three distinct solutions $r,$ $s,$ and $t.$  Calculate the value of $r^3 + s^3 + t^3.$",
    "solution": "## Problem Statement\n- The equation is given as $(x - \\sqrt[3]{13})(x - \\sqrt[3]{53})(x - \\sqrt[3]{103}) = \\frac{1}{3}.$\n- We need to find the sum of the cubes of the three distinct solutions, $r, s, t.$\n- Let $a = \\sqrt[3]{13},$ $b = \\sqrt[3]{53},$ and $c = \\sqrt[3]{103}.$ The equation becomes $(x - a)(x - b)(x - c) = \\frac{1}{3}.$\n\n## Solution Strategy\n1. Expand the left side of the equation to obtain a cubic equation in standard form.\n2. Use Vieta's formulas to relate the roots $r, s, t$ to the coefficients of the cubic equation.\n3. Use the identity relating the sum of cubes of roots to the elementary symmetric polynomials of the roots, or manipulate the cubic equation to directly find $r^3 + s^3 + t^3.$\n\n## Step-by-Step Solution\n1. **Expand the LHS:**\n   $(x - a)(x - b)(x - c) = x^3 - (a+b+c)x^2 + (ab + ac + bc)x - abc.$\n   So the equation is $x^3 - (a+b+c)x^2 + (ab + ac + bc)x - abc = \\frac{1}{3}.$\n   Rewrite in standard form: $x^3 - (a+b+c)x^2 + (ab + ac + bc)x - (abc + \\frac{1}{3}) = 0.$\n\n2. **Apply Vieta's Formulas:**\n   For a cubic equation $x^3 + px^2 + qx + R = 0$ with roots $r, s, t,$ we have:\n   $r + s + t = -p$\n   $rs + st + tr = q$\n   $rst = -R$\n   In our equation, $p = -(a+b+c),$ $q = (ab + ac + bc),$ $R = -(abc + \\frac{1}{3}).$\n   Therefore,\n   $r + s + t = a+b+c$\n   $rs + st + tr = ab + ac + bc$\n   $rst = abc + \\frac{1}{3}$\n\n3. **Calculate $r^3 + s^3 + t^3$ using the relation between roots and equation coefficients:**\n   Since $r, s, t$ are roots of the equation $x^3 - (a+b+c)x^2 + (ab + ac + bc)x - (abc + \\frac{1}{3}) = 0,$ each root satisfies the equation. For root $r$:\n   $r^3 - (a+b+c)r^2 + (ab + ac + bc)r - (abc + \\frac{1}{3}) = 0$\n   $r^3 = (a+b+c)r^2 - (ab + ac + bc)r + (abc + \\frac{1}{3})$\n   Similarly for $s$ and $t$:\n   $s^3 = (a+b+c)s^2 - (ab + ac + bc)s + (abc + \\frac{1}{3})$\n   $t^3 = (a+b+c)t^2 - (ab + ac + bc)t + (abc + \\frac{1}{3})$\n   Adding these three equations:\n   $r^3 + s^3 + t^3 = (a+b+c)(r^2 + s^2 + t^2) - (ab + ac + bc)(r + s + t) + 3(abc + \\frac{1}{3})$\n   We know $r+s+t = a+b+c.$ Also $r^2 + s^2 + t^2 = (r+s+t)^2 - 2(rs+st+tr) = (a+b+c)^2 - 2(ab+ac+bc).$\n   $r^3 + s^3 + t^3 = (a+b+c)((a+b+c)^2 - 2(ab+ac+bc)) - (ab + ac + bc)(a+b+c) + 3abc + 1$\n   $r^3 + s^3 + t^3 = (a+b+c)^3 - 2(a+b+c)(ab+ac+bc) - (ab + ac + bc)(a+b+c) + 3abc + 1$\n   $r^3 + s^3 + t^3 = (a+b+c)^3 - 3(a+b+c)(ab+ac+bc) + 3abc + 1$\n   We use the identity $(a+b+c)^3 - 3(a+b+c)(ab+ac+bc) + 3abc = a^3 + b^3 + c^3.$\n   Thus, $r^3 + s^3 + t^3 = a^3 + b^3 + c^3 + 1.$\n   Substitute $a = \\sqrt[3]{13},$ $b = \\sqrt[3]{53},$ $c = \\sqrt[3]{103}.$\n   $r^3 + s^3 + t^3 = (\\sqrt[3]{13})^3 + (\\sqrt[3]{53})^3 + (\\sqrt[3]{103})^3 + 1 = 13 + 53 + 103 + 1 = 170.$\n\n## Final Answer\n4. **Final Answer**\n   Final Answer: The final answer is $\\boxed{170}$",
    "metrics": {
        "length": 2784,
        "has_latex": true
    },
    "validation_response": null
}