{
    "problem": "Find the sum of the squares of the solutions to\n\\[\\left| x^2 - x + \\frac{1}{2008} \\right| = \\frac{1}{2008}.\\]",
    "solution": "## Problem Solution\n\n**1. Problem Statement**\n\nFind the sum of the squares of all real solutions to the equation\n\\[\\left| x^2 - x + \\frac{1}{2008} \\right| = \\frac{1}{2008}.\\]\nThe key variables are the solutions $x$ to the given absolute value equation. The constraint is to find the sum of the squares of these solutions.\n\n**2. Solution Strategy**\n\nWe will solve the absolute value equation by considering two cases.\nCase 1: The expression inside the absolute value is equal to $\\frac{1}{2008}$.\nCase 2: The expression inside the absolute value is equal to $-\\frac{1}{2008}$.\nFor each case, we will solve the resulting quadratic equation for $x$. Let the solutions be $x_1, x_2, x_3, x_4$. We will then compute the sum of the squares of these solutions, $x_1^2 + x_2^2 + x_3^2 + x_4^2$.\nWe will use the quadratic formula to solve the quadratic equations, and Vieta's formulas as an alternative method to calculate the sum of squares of roots for the second quadratic equation.\n\n**Relevant formulas/theorems:**\n- Definition of absolute value: $|A| = B$ implies $A = B$ or $A = -B$.\n- Quadratic formula: For $ax^2 + bx + c = 0$, the solutions are $x = \\frac{-b \\pm \\sqrt{b^2 - 4ac}}{2a}$.\n- Vieta's formulas: For a quadratic equation $ax^2 + bx + c = 0$ with roots $x_1, x_2$, we have $x_1 + x_2 = -\\frac{b}{a}$ and $x_1 x_2 = \\frac{c}{a}$. Also, $x_1^2 + x_2^2 = (x_1 + x_2)^2 - 2x_1 x_2$.\n\n**3. Step-by-Step Solution**\n\nGiven the equation $\\left| x^2 - x + \\frac{1}{2008} \\right| = \\frac{1}{2008}$.\nWe consider two cases:\n\nCase 1: $x^2 - x + \\frac{1}{2008} = \\frac{1}{2008}$\nSubtract $\\frac{1}{2008}$ from both sides:\n$x^2 - x = 0$\nFactor out $x$:\n$x(x - 1) = 0$\nThe solutions are $x_1 = 0$ and $x_2 = 1$.\n\nCase 2: $x^2 - x + \\frac{1}{2008} = -\\frac{1}{2008}$\nAdd $\\frac{1}{2008}$ to both sides:\n$x^2 - x + \\frac{1}{2008} + \\frac{1}{2008} = 0$\n$x^2 - x + \\frac{2}{2008} = 0$\nSimplify the fraction:\n$x^2 - x + \\frac{1}{1004} = 0$\nThis is a quadratic equation of the form $ax^2 + bx + c = 0$, where $a = 1$, $b = -1$, and $c = \\frac{1}{1004}$.\nWe can use the quadratic formula to find the solutions $x_{3,4} = \\frac{-b \\pm \\sqrt{b^2 - 4ac}}{2a}$.\n$x_{3,4} = \\frac{-(-1) \\pm \\sqrt{(-1)^2 - 4(1)(\\frac{1}{1004})}}{2(1)}$\n$x_{3,4} = \\frac{1 \\pm \\sqrt{1 - \\frac{4}{1004}}}{2}$\n$x_{3,4} = \\frac{1 \\pm \\sqrt{1 - \\frac{1}{251}}}{2}$\n$x_{3,4} = \\frac{1 \\pm \\sqrt{\\frac{251 - 1}{251}}}{2}$\n$x_{3,4} = \\frac{1 \\pm \\sqrt{\\frac{250}{251}}}{2}$\nLet $x_3 = \\frac{1 + \\sqrt{\\frac{250}{251}}}{2}$ and $x_4 = \\frac{1 - \\sqrt{\\frac{250}{251}}}{2}$.\nThe four solutions are $x_1 = 0$, $x_2 = 1$, $x_3 = \\frac{1 + \\sqrt{\\frac{250}{251}}}{2}$, and $x_4 = \\frac{1 - \\sqrt{\\frac{250}{251}}}{2}$.\nWe need to find the sum of the squares of these solutions: $S = x_1^2 + x_2^2 + x_3^2 + x_4^2$.\n$x_1^2 = 0^2 = 0$\n$x_2^2 = 1^2 = 1$\nFor $x_3^2 + x_4^2$, we can use Vieta's formulas for the equation $x^2 - x + \\frac{1}{1004} = 0$.\nFor this equation, the sum of roots is $x_3 + x_4 = -(\\frac{-1}{1}) = 1$, and the product of roots is $x_3 x_4 = \\frac{1}{1004}$.\n$x_3^2 + x_4^2 = (x_3 + x_4)^2 - 2x_3 x_4 = (1)^2 - 2\\left(\\frac{1}{1004}\\right) = 1 - \\frac{2}{1004} = 1 - \\frac{1}{502} = \\frac{502 - 1}{502} = \\frac{501}{502}$.\nTherefore, the sum of the squares of all solutions is $S = x_1^2 + x_2^2 + x_3^2 + x_4^2 = 0 + 1 + \\frac{501}{502} = 1 + \\frac{501}{502} = \\frac{502 + 501}{502} = \\frac{1003}{502}$.\n\n**4. Final Answer**\n\nFinal Answer: The final answer is $\\boxed{\\frac{1003}{502}}$",
    "metrics": {
        "length": 3458,
        "has_latex": true
    },
    "validation_response": null
}