{
    "problem": "An ellipse is drawn with major and minor axes of lengths 10 and 8 respectively.  Using one focus as a center, a circle is drawn that is tangent to the ellipse, with no part of the circle being outside the ellipse.  Compute the radius of the circle.",
    "solution": "### Problem Statement\nAn ellipse has a major axis of length 10 and a minor axis of length 8. We need to find the radius of a circle centered at one focus of the ellipse, such that the circle is tangent to the ellipse and lies entirely within the ellipse.\n\nKey variables and constraints:\n- Major axis length $2a = 10 \\implies a = 5$\n- Minor axis length $2b = 8 \\implies b = 4$\n- Circle is centered at one focus of the ellipse\n- Circle is tangent to the ellipse\n- Circle is entirely inside the ellipse\n\n### Solution Strategy\n1. Determine the distance from the center to each focus ($c$) using the relationship $c^2 = a^2 - b^2$.\n2. Consider the ellipse equation centered at the origin and the focus at $(c, 0)$.\n3. The radius of the largest inscribed circle centered at the focus will be the minimum distance from the focus to the ellipse.\n4. The minimum distance from a focus to the ellipse is the distance from the focus to the nearest vertex on the major axis, which is $a - c$.\n\n### Step-by-Step Solution\n1. **Calculate the distance from the center to each focus (c):**\n   Given $a = 5$ and $b = 4$, we use the formula $c^2 = a^2 - b^2$.\n   $c^2 = 5^2 - 4^2 = 25 - 16 = 9$\n   $c = \\sqrt{9} = 3$\n\n2. **Set up the ellipse and focus:**\n   Assume the ellipse is centered at the origin $(0, 0)$ and the major axis is along the x-axis. The equation of the ellipse is $\\frac{x^2}{a^2} + \\frac{y^2}{b^2} = 1$, which is $\\frac{x^2}{25} + \\frac{y^2}{16} = 1$.\n   The foci are at $(\\pm c, 0) = (\\pm 3, 0)$. Let's choose the focus at $(3, 0)$ as the center of the circle.\n\n3. **Determine the minimum distance from the focus to the ellipse:**\n   The vertices of the ellipse along the major axis are at $(\\pm a, 0) = (\\pm 5, 0)$.\n   The vertex closest to the focus $(3, 0)$ is $(5, 0)$.\n   The distance between the focus $(3, 0)$ and the vertex $(5, 0)$ is $R = \\sqrt{(5-3)^2 + (0-0)^2} = \\sqrt{2^2} = 2$.\n   The vertex furthest from the focus $(3, 0)$ is $(-5, 0)$.\n   The distance between the focus $(3, 0)$ and the vertex $(-5, 0)$ is $D = \\sqrt{(-5-3)^2 + (0-0)^2} = \\sqrt{(-8)^2} = 8$.\n\n   For an ellipse, the minimum distance from a focus to a point on the ellipse is the distance to the nearest vertex along the major axis, which is $a - c$.\n   In our case, $a = 5$ and $c = 3$, so the minimum distance is $a - c = 5 - 3 = 2$.\n   The maximum distance from a focus to a point on the ellipse is the distance to the furthest vertex along the major axis, which is $a + c$.\n   In our case, $a = 5$ and $c = 3$, so the maximum distance is $a + c = 5 + 3 = 8$.\n\n4. **Radius of the circle:**\n   For the circle centered at the focus to be tangent to the ellipse and lie entirely within the ellipse, the radius must be the minimum distance from the focus to the ellipse.  This minimum distance is $a - c = 2$.\n\n### Final Answer\n4. **Final Answer**\n   The radius of the circle is $2$.\n\n   Final Answer: $\\boxed{2}$",
    "metrics": {
        "length": 2898,
        "has_latex": true
    },
    "validation_response": null
}