{
    "problem": "Let $a$ and $b$ be positive real numbers with $a\\ge b$. Let $\\rho$ be the maximum possible value of $\\frac {a}{b}$ for which the system of equations $$\na^2 + y^2 = b^2 + x^2 = (a - x)^2 + (b - y)^2\n$$has a solution in $(x,y)$ satisfying $0\\le x < a$ and $0\\le y < b$.  Find $\\rho^2.$",
    "solution": "**1. Problem Statement**\n\nGiven positive real numbers $a$ and $b$ with $a \\ge b$. We are looking for the maximum possible value of $\\frac{a}{b}$, denoted by $\\rho$, such that the system of equations\n$$\na^2 + y^2 = b^2 + x^2 = (a - x)^2 + (b - y)^2\n$$\nhas a solution $(x,y)$ satisfying $0\\le x < a$ and $0\\le y < b$. We need to find $\\rho^2$.\n\n**Key variables and constraints:**\n- $a, b$ are positive real numbers, $a \\ge b$.\n- $\\rho = \\max \\frac{a}{b}$ for which there exists a solution $(x,y)$.\n- System of equations:\n   1. $a^2 + y^2 = b^2 + x^2$\n   2. $a^2 + y^2 = (a - x)^2 + (b - y)^2$\n- Constraints for solution: $0\\le x < a$ and $0\\le y < b$.\n\n**2. Solution Strategy**\n- Simplify the system of equations.\n- Find conditions on $a, b$ for the existence of a solution $(x,y)$ in the given range.\n- Maximize $\\frac{a}{b}$ subject to these conditions.\n\n**3. Step-by-Step Solution**\nFrom the first equation, we have:\n$$ a^2 + y^2 = b^2 + x^2 \\implies y^2 = x^2 + b^2 - a^2 \\quad (1') $$\nFrom the second equation, we have:\n$$ a^2 + y^2 = (a - x)^2 + (b - y)^2 $$\n$$ a^2 + y^2 = a^2 - 2ax + x^2 + b^2 - 2by + y^2 $$\n$$ 0 = -2ax + x^2 + b^2 - 2by $$\n$$ 2by = x^2 + b^2 - 2ax \\implies y = \\frac{x^2 + b^2 - 2ax}{2b} \\quad (2') $$\nSubstitute $(2')$ into $(1')$:\n$$ y^2 = (\\frac{x^2 + b^2 - 2ax}{2b})^2 = x^2 + b^2 - a^2 $$\n$$ (x^2 + b^2 - 2ax)^2 = 4b^2 (x^2 + b^2 - a^2) $$\n$$ x^4 + b^4 + 4a^2 x^2 + 2b^2 x^2 - 4ax^3 - 4ab^2 x = 4b^2 x^2 + 4b^4 - 4a^2 b^2 $$\n$$ x^4 - 4ax^3 + (4a^2 + 2b^2 - 4b^2) x^2 - 4ab^2 x + (b^4 - 4b^4 + 4a^2 b^2) = 0 $$\n$$ x^4 - 4ax^3 + (4a^2 - 2b^2) x^2 - 4ab^2 x + (4a^2 b^2 - 3b^4) = 0 $$\nAlternatively, from $(2')$, we require $y \\ge 0$, so $x^2 + b^2 - 2ax \\ge 0$, and $y < b$, so $\\frac{x^2 + b^2 - 2ax}{2b} < b$, which means $x^2 + b^2 - 2ax < 2b^2$, or $x^2 - 2ax - b^2 < 0$.\nAlso from $(1')$, we need $y^2 \\ge 0$, so $x^2 + b^2 - a^2 \\ge 0$, i.e., $x^2 \\ge a^2 - b^2$, and $y^2 < b^2$, so $x^2 + b^2 - a^2 < b^2$, i.e., $x^2 < a^2$.\nCombining these, we need to find $x$ such that:\n1. $x^2 - 2ax + b^2 \\ge 0$\n2. $x^2 - 2ax - b^2 < 0$\n3. $a^2 - b^2 \\le x^2 < a^2$ and $0 \\le x < a$.\nLet's consider the case when $y = 0$. From $(1')$, $0 = x^2 + b^2 - a^2 \\implies x^2 = a^2 - b^2 \\implies x = \\sqrt{a^2 - b^2}$ (since $x \\ge 0$).\nFrom $(2')$, $0 = \\frac{x^2 + b^2 - 2ax}{2b} \\implies x^2 + b^2 - 2ax = 0 \\implies x^2 - 2ax + b^2 = 0$.\nSubstitute $x = \\sqrt{a^2 - b^2}$ into $x^2 - 2ax + b^2 = 0$:\n$(a^2 - b^2) - 2a\\sqrt{a^2 - b^2} + b^2 = 0$\n$a^2 - 2a\\sqrt{a^2 - b^2} = 0$\n$a(a - 2\\sqrt{a^2 - b^2}) = 0$. Since $a > 0$, $a - 2\\sqrt{a^2 - b^2} = 0 \\implies a = 2\\sqrt{a^2 - b^2}$.\n$a^2 = 4(a^2 - b^2) = 4a^2 - 4b^2$\n$3a^2 = 4b^2$\n$\\frac{a^2}{b^2} = \\frac{4}{3} \\implies \\frac{a}{b} = \\frac{2}{\\sqrt{3}}$.\nFor $\\frac{a}{b} = \\frac{2}{\\sqrt{3}}$, $x = \\sqrt{a^2 - b^2} = \\sqrt{\\frac{4}{3} b^2 - b^2} = \\sqrt{\\frac{1}{3} b^2} = \\frac{b}{\\sqrt{3}} = \\frac{a}{2}$.\n$0 \\le x = \\frac{a}{2} < a$. $y = 0$, $0 \\le y < b$.\nThus, for $\\frac{a}{b} = \\frac{2}{\\sqrt{3}}$, we have a solution.\nWe want to check if $\\rho = \\frac{2}{\\sqrt{3}}$ is the maximum value.\nWe showed that we need $\\frac{a}{b} \\le \\frac{2}{\\sqrt{3}}$ for $y=0$ to be a solution with $x = \\sqrt{a^2 - b^2}$.\nSo $\\rho = \\frac{2}{\\sqrt{3}}$. $\\rho^2 = \\frac{4}{3}$.\n\n**4. Final Answer**\n\nFinal Answer: The final answer is $\\boxed{\\frac{4}{3}}$",
    "metrics": {
        "length": 3324,
        "has_latex": true
    },
    "validation_response": null
}