{
    "problem": "Let $f(x) = x|x|.$  Find $f^{-1}(4) + f^{-1}(-100).$",
    "solution": "### 1. Problem Statement\n- Given the function $f(x) = x|x|,$ we are asked to find the value of $f^{-1}(4) + f^{-1}(-100).$\n- Key variables: The function is $f(x) = x|x|$. We need to find the inverse function $f^{-1}(y)$ and then calculate the sum $f^{-1}(4) + f^{-1}(-100).$\n\n### 2. Solution Strategy\n- We will first express the function $f(x) = x|x|$ as a piecewise function based on the definition of the absolute value function.\n- Then, we will find the inverse function for each piece separately by solving $y = f(x)$ for $x$ in terms of $y.$\n- After finding the piecewise definition of $f^{-1}(y),$ we will evaluate $f^{-1}(4)$ and $f^{-1}(-100)$ using the appropriate pieces.\n- Finally, we will calculate the sum $f^{-1}(4) + f^{-1}(-100).$\n\n### 3. Step-by-Step Solution\n- **Step 1: Express $f(x)$ as a piecewise function.**\n  The absolute value function is defined as $|x| = \\begin{cases} x & \\text{if } x \\ge 0 \\\\ -x & \\text{if } x < 0 \\end{cases}.$\n  Therefore, $f(x) = x|x| = \\begin{cases} x \\cdot x & \\text{if } x \\ge 0 \\\\ x \\cdot (-x) & \\text{if } x < 0 \\end{cases} = \\begin{cases} x^2 & \\text{if } x \\ge 0 \\\\ -x^2 & \\text{if } x < 0 \\end{cases}.$\n\n- **Step 2: Find the inverse function $f^{-1}(y).$**\n  We consider two cases:\n  Case 1: $x \\ge 0.$ In this case, $f(x) = x^2.$ Let $y = f(x) = x^2.$ Since $x \\ge 0,$ we take the principal square root to get $x = \\sqrt{y}.$ This is valid for $y \\ge 0.$\n  Case 2: $x < 0.$ In this case, $f(x) = -x^2.$ Let $y = f(x) = -x^2.$ Then $x^2 = -y.$ Since $x < 0,$ we take the negative square root to get $x = -\\sqrt{-y}.$ This is valid for $-y > 0,$ which means $y < 0.$\n\n- **Step 3: Define the inverse function $f^{-1}(y)$ piecewise.**\n  Combining the two cases, we get the inverse function:\n  $f^{-1}(y) = \\begin{cases} \\sqrt{y} & \\text{if } y \\ge 0 \\\\ -\\sqrt{-y} & \\text{if } y < 0 \\end{cases}.$\n\n- **Step 4: Evaluate $f^{-1}(4)$ and $f^{-1}(-100).$**\n  For $f^{-1}(4),$ since $4 \\ge 0,$ we use the first case: $f^{-1}(4) = \\sqrt{4} = 2.$\n  For $f^{-1}(-100),$ since $-100 < 0,$ we use the second case: $f^{-1}(-100) = -\\sqrt{-(-100)} = -\\sqrt{100} = -10.$\n\n- **Step 5: Calculate $f^{-1}(4) + f^{-1}(-100).$**\n  $f^{-1}(4) + f^{-1}(-100) = 2 + (-10) = -8.$\n\n### 4. Final Answer\n- We have found $f^{-1}(4) = 2$ and $f^{-1}(-100) = -10.$\n- The sum is $f^{-1}(4) + f^{-1}(-100) = 2 + (-10) = -8.$\n- Verification:\n  $f(f^{-1}(4)) = f(2) = 2|2| = 4.$\n  $f(f^{-1}(-100)) = f(-10) = (-10)|-10| = (-10)(10) = -100.$\n\nFinal Answer: $\\boxed{-8}$",
    "metrics": {
        "length": 2490,
        "has_latex": true
    },
    "validation_response": null
}