{
    "problem": "Given that $a$, $b$, and $c$ are nonzero real numbers, find all possible values of the expression\n\\[\\frac{a}{|a|} + \\frac{b}{|b|} + \\frac{c}{|c|} + \\frac{abc}{|abc|}.\\]Enter all possible values, separated by commas.",
    "solution": "### Problem Statement\nGiven that $a$, $b$, and $c$ are nonzero real numbers, we need to find all possible values of the expression\n\\[\\frac{a}{|a|} + \\frac{b}{|b|} + \\frac{c}{|c|} + \\frac{abc}{|abc|}.\\]\nThe key variables are $a, b, c$, which are nonzero real numbers. The expression is formed by the signs of $a, b, c$ and their product $abc$.\n\n### Solution Strategy\nWe know that for any nonzero real number $x$, the value of $\\frac{x}{|x|}$ is either $1$ if $x > 0$ or $-1$ if $x < 0$. We can analyze the possible signs of $a, b, c$ and determine the value of each term in the expression.\nLet's consider the sign of each term based on the signs of $a, b, c$.\nWe will consider cases based on the number of negative values among $a, b, c$.\n\n### Step-by-Step Solution\nLet's denote $s(x) = \\frac{x}{|x|}$ for $x \\neq 0$. Then $s(x) = 1$ if $x > 0$ and $s(x) = -1$ if $x < 0$.\nThe given expression is $s(a) + s(b) + s(c) + s(abc)$.\n\nCase 1: All $a, b, c$ are positive.\nIf $a > 0, b > 0, c > 0$, then $s(a) = 1, s(b) = 1, s(c) = 1$.\nAlso, $abc > 0$, so $s(abc) = 1$.\nThe expression value is $1 + 1 + 1 + 1 = 4$.\n\nCase 2: Two of $a, b, c$ are positive and one is negative.\nWithout loss of generality, let $a > 0, b > 0, c < 0$.\nThen $s(a) = 1, s(b) = 1, s(c) = -1$.\nAlso, $abc = (positive) \\times (positive) \\times (negative) = negative$, so $s(abc) = -1$.\nThe expression value is $1 + 1 + (-1) + (-1) = 0$.\n\nCase 3: One of $a, b, c$ is positive and two are negative.\nWithout loss of generality, let $a > 0, b < 0, c < 0$.\nThen $s(a) = 1, s(b) = -1, s(c) = -1$.\nAlso, $abc = (positive) \\times (negative) \\times (negative) = positive$, so $s(abc) = 1$.\nThe expression value is $1 + (-1) + (-1) + 1 = 0$.\n\nCase 4: All $a, b, c$ are negative.\nIf $a < 0, b < 0, c < 0$, then $s(a) = -1, s(b) = -1, s(c) = -1$.\nAlso, $abc = (negative) \\times (negative) \\times (negative) = negative$, so $s(abc) = -1$.\nThe expression value is $(-1) + (-1) + (-1) + (-1) = -4$.\n\nThe possible values for the expression are $4, 0, 0, -4$.\nThe distinct possible values are $4, 0, -4$.\n\nWe can also consider the number of negative signs. Let $n$ be the number of negative values among $a, b, c$.\nIf $n=0$, the value is $4$.\nIf $n=1$, the value is $0$.\nIf $n=2$, the value is $0$.\nIf $n=3$, the value is $-4$.\nThus, the possible values are $4, 0, -4$.\n\n### Final Answer\nThe possible values are $\\boxed{4, 0, -4}$",
    "metrics": {
        "length": 2377,
        "has_latex": true
    },
    "validation_response": null
}