{
    "problem": "Let $r$ be a complex number such that $r^5 = 1$ and $r \\neq 1.$  Compute\n\\[(r - 1)(r^2 - 1)(r^3 - 1)(r^4 - 1).\\]",
    "solution": "## Problem Statement\nLet $r$ be a complex number such that $r^5 = 1$ and $r \\neq 1.$ Compute\n\\[(r - 1)(r^2 - 1)(r^3 - 1)(r^4 - 1).\\]\n\n**Key Variables and Constraints:**\n- $r$: complex number\n- $r^5 = 1$: $r$ is a fifth root of unity\n- $r \\neq 1$: $r$ is not the trivial root 1\n\n## Solution Strategy\nWe will use the factorization of $x^5 - 1$.\nWe know that the fifth roots of unity are the solutions to $x^5 - 1 = 0$. These roots are $1, r, r^2, r^3, r^4$.\nThus, we can write the factorization of $x^5 - 1$ as\n\\[x^5 - 1 = (x - 1)(x - r)(x - r^2)(x - r^3)(x - r^4).\\]\nWe can divide both sides by $(x - 1)$ for $x \\neq 1$:\n\\[\\frac{x^5 - 1}{x - 1} = (x - r)(x - r^2)(x - r^3)(x - r^4).\\]\nWe also know the geometric series formula, which gives\n\\[\\frac{x^5 - 1}{x - 1} = x^4 + x^3 + x^2 + x + 1.\\]\nTherefore, we have\n\\[x^4 + x^3 + x^2 + x + 1 = (x - r)(x - r^2)(x - r^3)(x - r^4).\\]\nWe want to compute $(r - 1)(r^2 - 1)(r^3 - 1)(r^4 - 1)$.\nWe can rewrite this expression by factoring out $-1$ from each term:\n\\begin{align*} (r - 1)(r^2 - 1)(r^3 - 1)(r^4 - 1) &= [-(1 - r)][-(1 - r^2)][-(1 - r^3)][-(1 - r^4)] \\\\ &= (-1)^4 (1 - r)(1 - r^2)(1 - r^3)(1 - r^4) \\\\ &= (1 - r)(1 - r^2)(1 - r^3)(1 - r^4).\\end{align*}\nNotice that $(1 - r)(1 - r^2)(1 - r^3)(1 - r^4)$ is exactly the expression we get when we substitute $x = 1$ into the equation $x^4 + x^3 + x^2 + x + 1 = (x - r)(x - r^2)(x - r^3)(x - r^4)$.\nLet $P(x) = x^4 + x^3 + x^2 + x + 1$. Then $P(x) = (x - r)(x - r^2)(x - r^3)(x - r^4)$.\nWe want to compute $P(1)$.\n\\[P(1) = 1^4 + 1^3 + 1^2 + 1 + 1 = 1 + 1 + 1 + 1 + 1 = 5.\\]\nThus, $(r - 1)(r^2 - 1)(r^3 - 1)(r^4 - 1) = 5$.\n\n## Step-by-Step Solution\n1. **Factorization of $x^5 - 1$:**\n   The roots of $x^5 - 1 = 0$ are $1, r, r^2, r^3, r^4$. Thus we have the factorization\n   \\[x^5 - 1 = (x - 1)(x - r)(x - r^2)(x - r^3)(x - r^4).\\]\n\n2. **Divide by $(x - 1)$:**\n   For $x \\neq 1$, we divide both sides by $(x - 1)$:\n   \\[\\frac{x^5 - 1}{x - 1} = (x - r)(x - r^2)(x - r^3)(x - r^4).\\]\n\n3. **Geometric Series Formula:**\n   We know that $\\frac{x^5 - 1}{x - 1} = x^4 + x^3 + x^2 + x + 1$.\n\n4. **Equate the expressions:**\n   Combining steps 2 and 3, we get\n   \\[x^4 + x^3 + x^2 + x + 1 = (x - r)(x - r^2)(x - r^3)(x - r^4).\\]\n\n5. **Substitute $x = 1$:**\n   Substitute $x = 1$ into the equation from step 4:\n   \\[1^4 + 1^3 + 1^2 + 1 + 1 = (1 - r)(1 - r^2)(1 - r^3)(1 - r^4).\\]\n   \\[5 = (1 - r)(1 - r^2)(1 - r^3)(1 - r^4).\\]\n\n6. **Relate to the desired expression:**\n   We want to compute $(r - 1)(r^2 - 1)(r^3 - 1)(r^4 - 1)$. We can rewrite this as:\n   \\begin{align*} (r - 1)(r^2 - 1)(r^3 - 1)(r^4 - 1) &= [-(1 - r)][-(1 - r^2)][-(1 - r^3)][-(1 - r^4)] \\\\ &= (-1)^4 (1 - r)(1 - r^2)(1 - r^3)(1 - r^4) \\\\ &= (1 - r)(1 - r^2)(1 - r^3)(1 - r^4).\\end{align*}\n\n7. **Final Result:**\n   From step 5 and step 6, we have\n   \\[(r - 1)(r^2 - 1)(r^3 - 1)(r^4 - 1) = 5.\\]\n\n## Final Answer\nFinal Answer: The final answer is $\\boxed{5}$",
    "metrics": {
        "length": 2909,
        "has_latex": true
    },
    "validation_response": null
}