{
    "problem": "Compute\n\\[\\prod_{n = 1}^{20} \\frac{n + 3}{n}.\\]",
    "solution": "## Problem Solution\n\n**1. Problem Statement**\n\nCompute the product\n\\[P = \\prod_{n = 1}^{20} \\frac{n + 3}{n}.\\]\nHere, we are asked to calculate the product of the fractions $\\frac{n+3}{n}$ as $n$ ranges from 1 to 20.\n\n**Key Variables and Constraints:**\n- The index of product $n$ ranges from 1 to 20.\n- Each term in the product is a fraction of the form $\\frac{n+3}{n}$.\n\n**2. Solution Strategy**\n\nWe will expand the product and observe if there are cancellations between the numerator and the denominator. We will then try to express the product in terms of factorials to simplify the calculation.\n\n**Relevant Formulas/Theorems:**\n- Definition of Product notation: $\\prod_{n=a}^{b} f(n) = f(a) \\times f(a+1) \\times \\cdots \\times f(b)$\n- Definition of Factorial: $n! = n \\times (n-1) \\times \\cdots \\times 2 \\times 1$\n\n**3. Step-by-Step Solution**\n\n**Step 1: Expand the product**\nWe write out the first few terms and the last term of the product to understand the structure:\n\\[P = \\frac{1+3}{1} \\times \\frac{2+3}{2} \\times \\frac{3+3}{3} \\times \\frac{4+3}{4} \\times \\cdots \\times \\frac{20+3}{20}\\]\n\\[P = \\frac{4}{1} \\times \\frac{5}{2} \\times \\frac{6}{3} \\times \\frac{7}{4} \\times \\cdots \\times \\frac{23}{20}\\]\n\n**Step 2: Separate numerator and denominator products**\nWe can rewrite the product as a fraction of two products:\n\\[P = \\frac{4 \\times 5 \\times 6 \\times 7 \\times \\cdots \\times 23}{1 \\times 2 \\times 3 \\times 4 \\times \\cdots \\times 20}\\]\n\n**Step 3: Express numerator and denominator in terms of factorials**\nThe denominator is simply $20! = 1 \\times 2 \\times 3 \\times 4 \\times \\cdots \\times 20$.\nThe numerator is $4 \\times 5 \\times 6 \\times \\cdots \\times 23$. We can express this using factorials. We know that $23! = 1 \\times 2 \\times 3 \\times 4 \\times 5 \\times \\cdots \\times 23$.\nWe can write the numerator as:\n\\[4 \\times 5 \\times 6 \\times \\cdots \\times 23 = \\frac{(1 \\times 2 \\times 3) \\times (4 \\times 5 \\times 6 \\times \\cdots \\times 23)}{1 \\times 2 \\times 3} = \\frac{23!}{3!}\\]\n\n**Step 4: Simplify the expression**\nNow substitute the factorial expressions back into the product:\n\\[P = \\frac{23!/3!}{20!} = \\frac{23!}{3! \\times 20!}\\]\nWe can simplify $\\frac{23!}{20!} = \\frac{23 \\times 22 \\times 21 \\times 20!}{20!} = 23 \\times 22 \\times 21$.\nSo,\n\\[P = \\frac{23 \\times 22 \\times 21}{3!} = \\frac{23 \\times 22 \\times 21}{3 \\times 2 \\times 1} = \\frac{23 \\times 22 \\times 21}{6}\\]\n\n**Step 5: Calculate the final value**\nWe can simplify before multiplication. Divide 22 by 2 to get 11, and divide 21 by 3 to get 7.\n\\[P = 23 \\times \\frac{22}{2} \\times \\frac{21}{3} = 23 \\times 11 \\times 7\\]\nNow multiply these numbers:\n\\[23 \\times 11 = 253\\]\n\\[253 \\times 7 = 1771\\]\n\n**4. Final Answer**\n\nFinal Answer: The final answer is $\\boxed{1771}$",
    "metrics": {
        "length": 2740,
        "has_latex": true
    },
    "validation_response": null
}