{
    "problem": "For a positive integer $n,$ let\n\\[f(n) = \\frac{1}{2^n} + \\frac{1}{3^n} + \\frac{1}{4^n} + \\dotsb.\\]Find\n\\[\\sum_{n = 2}^\\infty f(n).\\]",
    "solution": "### 1. Problem Statement\nFor a positive integer $n,$ let\n\\[f(n) = \\frac{1}{2^n} + \\frac{1}{3^n} + \\frac{1}{4^n} + \\dotsb.\\]\nWe need to find the value of the sum\n\\[\\sum_{n = 2}^\\infty f(n).\\]\nHere, $f(n)$ is defined as the sum of the series $\\sum_{k=2}^\\infty \\frac{1}{k^n}$. The problem requires us to evaluate the sum of $f(n)$ for $n$ from $2$ to $\\infty$.\n\n### 2. Solution Strategy\nWe are asked to evaluate a double sum. We can switch the order of summation because the terms are positive and the sums converge. After switching the order of summation, we will evaluate the inner sum as a geometric series. Then we will evaluate the outer sum using partial fraction decomposition and telescoping series.\n\nRelevant formulas/theorems:\n- Sum of infinite geometric series: $\\sum_{n=0}^\\infty ar^n = \\frac{a}{1-r}$ for $|r| < 1$.\n- Partial fraction decomposition.\n- Telescoping series.\n\n### 3. Step-by-Step Solution\nWe are given the sum\n\\[\\sum_{n = 2}^\\infty f(n) = \\sum_{n=2}^\\infty \\left( \\sum_{k=2}^\\infty \\frac{1}{k^n} \\right).\\]\nWe switch the order of summation:\n\\[\\sum_{k=2}^\\infty \\left( \\sum_{n=2}^\\infty \\frac{1}{k^n} \\right).\\]\nNow consider the inner sum for a fixed $k \\ge 2$:\n\\[\\sum_{n=2}^\\infty \\frac{1}{k^n} = \\frac{1}{k^2} + \\frac{1}{k^3} + \\frac{1}{k^4} + \\dotsb.\\]\nThis is a geometric series with first term $a = \\frac{1}{k^2}$ and common ratio $r = \\frac{1}{k}$. Since $k \\ge 2$, we have $|r| = \\frac{1}{k} < 1$, so the series converges.\nThe sum of this geometric series is\n\\[\\frac{a}{1-r} = \\frac{\\frac{1}{k^2}}{1 - \\frac{1}{k}} = \\frac{\\frac{1}{k^2}}{\\frac{k-1}{k}} = \\frac{1}{k^2} \\cdot \\frac{k}{k-1} = \\frac{1}{k(k-1)}.\\]\nNow we need to evaluate the outer sum:\n\\[\\sum_{k=2}^\\infty \\frac{1}{k(k-1)}.\\]\nWe use partial fraction decomposition for $\\frac{1}{k(k-1)}$. We want to find $A$ and $B$ such that\n\\[\\frac{1}{k(k-1)} = \\frac{A}{k} + \\frac{B}{k-1}.\\]\nMultiplying by $k(k-1)$ gives\n\\[1 = A(k-1) + Bk = (A+B)k - A.\\]\nComparing coefficients, we get $A+B = 0$ and $-A = 1$. Thus $A = -1$ and $B = 1$.\nSo,\n\\[\\frac{1}{k(k-1)} = \\frac{1}{k-1} - \\frac{1}{k}.\\]\nThe sum becomes a telescoping series:\n\\[\\sum_{k=2}^\\infty \\left( \\frac{1}{k-1} - \\frac{1}{k} \\right).\\]\nLet $S_N = \\sum_{k=2}^N \\left( \\frac{1}{k-1} - \\frac{1}{k} \\right)$.\n\\begin{align*} S_N &= \\left( \\frac{1}{1} - \\frac{1}{2} \\right) + \\left( \\frac{1}{2} - \\frac{1}{3} \\right) + \\left( \\frac{1}{3} - \\frac{1}{4} \\right) + \\dots + \\left( \\frac{1}{N-1} - \\frac{1}{N} \\right) \\\\ &= 1 - \\frac{1}{N}. \\end{align*}\nAs $N \\to \\infty$, we have $\\frac{1}{N} \\to 0$.\n\\[\\sum_{k=2}^\\infty \\frac{1}{k(k-1)} = \\lim_{N \\to \\infty} S_N = \\lim_{N \\to \\infty} \\left( 1 - \\frac{1}{N} \\right) = 1.\\]\n\n### 4. Final Answer\nFinal Answer: The final answer is $\\boxed{1}$",
    "metrics": {
        "length": 2722,
        "has_latex": true
    },
    "validation_response": null
}