{
    "problem": "The ellipse whose equation is\n\\[\\frac{x^2}{25} + \\frac{y^2}{9} = 1\\]is graphed below.  The chord $\\overline{AB}$ passes through a focus $F$ of the ellipse.  If $AF = \\frac{3}{2},$ then find $BF.$\n\n[asy]\nunitsize (0.6 cm);\n\npair A, B, F;\n\nF = (4,0);\nA = (35/8,3*sqrt(15)/8);\nB = (55/16,-9*sqrt(15)/16);\n\ndraw(xscale(5)*yscale(3)*Circle((0,0),1));\ndraw(A--B);\ndraw((-6,0)--(6,0));\ndraw((0,-4)--(0,4));\n\ndot(\"$A$\", A, NE);\ndot(\"$B$\", B, SE);\ndot(\"$F$\", F, NW);\n[/asy]",
    "solution": "## Problem Solution\n\n**1. Problem Statement**\n\nThe problem is to find the length of the segment $BF$ of a focal chord $\\overline{AB}$ of the ellipse given by the equation $\\frac{x^2}{25} + \\frac{y^2}{9} = 1$, given that the length of the segment $AF$ is $\\frac{3}{2}$, where $F$ is a focus of the ellipse.\n\nKey variables and constraints:\n- Ellipse equation: $\\frac{x^2}{25} + \\frac{y^2}{9} = 1$\n- Chord $\\overline{AB}$ passes through a focus $F$.\n- Length $AF = \\frac{3}{2}$.\n- Find length $BF$.\n\n**2. Solution Strategy**\n\nWe will use the property of an ellipse that relates the lengths of segments of a focal chord to the semi-major axis and semi-minor axis. Specifically, for a focal chord $\\overline{AB}$ of an ellipse, if $F$ is the focus through which the chord passes, then the following relationship holds:\n\\[ \\frac{1}{AF} + \\frac{1}{BF} = \\frac{2a}{b^2} \\]\nwhere $a$ is the semi-major axis and $b$ is the semi-minor axis of the ellipse.\n\nWe will first determine the values of $a$ and $b$ from the given equation of the ellipse. Then, we will use the given value of $AF$ and the formula to solve for $BF$.\n\n**3. Step-by-Step Solution**\n\nThe equation of the ellipse is given by $\\frac{x^2}{25} + \\frac{y^2}{9} = 1$.\nComparing this with the standard equation of an ellipse centered at the origin $\\frac{x^2}{a^2} + \\frac{y^2}{b^2} = 1$, we have:\n$a^2 = 25 \\implies a = 5$ (semi-major axis)\n$b^2 = 9 \\implies b = 3$ (semi-minor axis)\n\nThe formula relating the segments of a focal chord is:\n\\[ \\frac{1}{AF} + \\frac{1}{BF} = \\frac{2a}{b^2} \\]\nWe are given $AF = \\frac{3}{2}$, and we have calculated $a = 5$ and $b^2 = 9$. Substituting these values into the formula:\n\\[ \\frac{1}{\\frac{3}{2}} + \\frac{1}{BF} = \\frac{2 \\times 5}{9} \\]\n\\[ \\frac{2}{3} + \\frac{1}{BF} = \\frac{10}{9} \\]\nTo solve for $BF$, we first isolate $\\frac{1}{BF}$:\n\\[ \\frac{1}{BF} = \\frac{10}{9} - \\frac{2}{3} \\]\nTo subtract the fractions, we find a common denominator, which is 9:\n\\[ \\frac{1}{BF} = \\frac{10}{9} - \\frac{2 \\times 3}{3 \\times 3} = \\frac{10}{9} - \\frac{6}{9} = \\frac{10 - 6}{9} = \\frac{4}{9} \\]\nNow, to find $BF$, we take the reciprocal of both sides:\n\\[ BF = \\frac{9}{4} \\]\n\n**4. Final Answer**\n\nFinal Answer: The final answer is $\\boxed{\\frac{9}{4}}$",
    "metrics": {
        "length": 2236,
        "has_latex": true
    },
    "validation_response": null
}