{
    "problem": "Solve the inequality\n\\[\\frac{x^2 - 25}{x + 5} < 0.\\]",
    "solution": "## Problem Solution\n\n### 1. Problem Statement\nSolve the inequality\n\\[\\frac{x^2 - 25}{x + 5} < 0.\\]\nWe need to find all values of $x$ that satisfy this inequality. The key constraint is that the fraction must be strictly less than zero. We need to consider the numerator $x^2 - 25$ and the denominator $x + 5$. We must also ensure that the denominator is not zero, i.e., $x + 5 \\neq 0$, which means $x \\neq -5$.\n\n### 2. Solution Strategy\nFirst, we simplify the expression by factoring the numerator. We can factor $x^2 - 25$ as a difference of squares: $x^2 - 25 = (x - 5)(x + 5)$.\nThe inequality becomes\n\\[\\frac{(x - 5)(x + 5)}{x + 5} < 0.\\]\nWe must note that $x \\neq -5$ because the denominator cannot be zero.\nFor $x \\neq -5$, we can cancel the common factor $(x + 5)$ from the numerator and the denominator.\nThis simplifies the inequality to\n\\[x - 5 < 0, \\quad \\text{for } x \\neq -5.\\]\nThen we solve the simplified inequality and consider the restriction $x \\neq -5$.\n\nAlternatively, we can use sign analysis. We identify the critical points where the numerator or denominator is zero. The numerator is zero when $x^2 - 25 = 0$, which gives $x = 5$ or $x = -5$. The denominator is zero when $x + 5 = 0$, which gives $x = -5$. The critical points are $x = 5$ and $x = -5$. These points divide the real number line into three intervals: $(-\\infty, -5)$, $(-5, 5)$, and $(5, \\infty)$. We will test a value from each interval to see if the inequality holds.\n\n### 3. Step-by-Step Solution\n\n**Method 1: Simplification**\n\n1. **Factor the numerator:**\n   \\[x^2 - 25 = (x - 5)(x + 5).\\]\n   The inequality becomes\n   \\[\\frac{(x - 5)(x + 5)}{x + 5} < 0.\\]\n\n2. **Identify the restriction:**\n   The denominator cannot be zero, so $x + 5 \\neq 0$, which means $x \\neq -5$.\n\n3. **Simplify the expression for $x \\neq -5$:**\n   For $x \\neq -5$, we can cancel the factor $(x + 5)$ from the numerator and the denominator:\n   \\[\\frac{(x - 5)(x + 5)}{x + 5} = x - 5, \\quad \\text{for } x \\neq -5.\\]\n   So the inequality simplifies to\n   \\[x - 5 < 0, \\quad \\text{for } x \\neq -5.\\]\n\n4. **Solve the simplified inequality:**\n   Add 5 to both sides of $x - 5 < 0$:\n   \\[x < 5.\\]\n\n5. **Combine the solution with the restriction:**\n   We need $x < 5$ and $x \\neq -5$.\n   In interval notation, $x < 5$ is $(-\\infty, 5)$. We need to exclude $x = -5$ from this interval.\n   Thus, the solution is $(-\\infty, -5) \\cup (-5, 5)$.\n\n**Method 2: Sign Analysis**\n\n1. **Identify critical points:**\n   The critical points are where the numerator or denominator is zero.\n   Numerator $x^2 - 25 = 0 \\implies x = 5$ or $x = -5$.\n   Denominator $x + 5 = 0 \\implies x = -5$.\n   The critical points are $x = -5$ and $x = 5$.\n\n2. **Divide the number line into intervals:**\n   The critical points divide the number line into three intervals: $(-\\infty, -5)$, $(-5, 5)$, and $(5, \\infty)$.\n\n3. **Test a value from each interval:**\n   - Interval $(-\\infty, -5)$: Choose $x = -6$.\n     \\[\\frac{(-6)^2 - 25}{-6 + 5} = \\frac{36 - 25}{-1} = \\frac{11}{-1} = -11 < 0.\\]\n     The inequality holds in this interval.\n   - Interval $(-5, 5)$: Choose $x = 0$.\n     \\[\\frac{(0)^2 - 25}{0 + 5} = \\frac{-25}{5} = -5 < 0.\\]\n     The inequality holds in this interval.\n   - Interval $(5, \\infty)$: Choose $x = 6$.\n     \\[\\frac{(6)^2 - 25}{6 + 5} = \\frac{36 - 25}{11} = \\frac{11}{11} = 1 > 0.\\]\n     The inequality does not hold in this interval.\n\n4. **Combine the intervals where the inequality holds:**\n   The inequality holds in $(-\\infty, -5)$ and $(-5, 5)$.\n   The solution is $(-\\infty, -5) \\cup (-5, 5)$.\n\n### 4. Final Answer\nThe solution to the inequality is the union of the intervals where the inequality holds.\nIn interval notation, the solution is $(-\\infty, -5) \\cup (-5, 5)$.\nThis can also be written as $x < 5$ and $x \\neq -5$.\n\nWe verify the answer.\nIf $x \\in (-\\infty, -5) \\cup (-5, 5)$, then $x < 5$ and $x \\neq -5$.\nFor $x \\neq -5$, $\\frac{x^2 - 25}{x + 5} = x - 5$.\nIf $x < 5$, then $x - 5 < 0$.\nSo, for $x \\in (-\\infty, -5) \\cup (-5, 5)$, we have $\\frac{x^2 - 25}{x + 5} = x - 5 < 0$.\nThus the inequality holds.\n\nIf $x \\in (5, \\infty)$, then $x > 5$, so $x - 5 > 0$.\nThus $\\frac{x^2 - 25}{x + 5} = x - 5 > 0$, and the inequality does not hold.\nIf $x = 5$, then $\\frac{x^2 - 25}{x + 5} = \\frac{0}{10} = 0$, and the inequality does not hold.\nIf $x = -5$, the expression is undefined.\n\nFinal Answer: The final answer is $\\boxed{(-\\infty, -5) \\cup (-5, 5)}$",
    "metrics": {
        "length": 4408,
        "has_latex": true
    },
    "validation_response": null
}