{
    "problem": "Compute\n\\[\\frac{5}{3^2 \\cdot 7^2} + \\frac{9}{7^2 \\cdot 11^2} + \\frac{13}{11^2 \\cdot 15^2} + \\dotsb.\\]",
    "solution": "### Problem Statement\nCompute the sum of the infinite series:\n\\[\\frac{5}{3^2 \\cdot 7^2} + \\frac{9}{7^2 \\cdot 11^2} + \\frac{13}{11^2 \\cdot 15^2} + \\dotsb.\\]\nThe $n$-th term of this series can be written as $a_n = \\frac{4n+1}{((4n-1)(4n+3))^2}$. The first few terms are for $n=1, 2, 3, \\dots$.\n\n### Solution Strategy\nWe will first find the general form of the $n$-th term of the series. Then we will try to express the general term as a difference of two terms to form a telescoping series. We will use partial fraction decomposition in a specific way to achieve this. We look for an expression of the form $\\frac{4n+1}{(4n-1)^2 (4n+3)^2} = f(n) - f(n+1)$.\n\n### Step-by-Step Solution\n1. **Identify the general term:**\nThe numerator of the $n$-th term is $5, 9, 13, \\dots$, which is an arithmetic sequence with first term $5$ and common difference $4$. The $n$-th term is $5 + (n-1)4 = 4n+1$.\nThe denominators are $3^2 \\cdot 7^2, 7^2 \\cdot 11^2, 11^2 \\cdot 15^2, \\dots$. The first bases are $3, 7, 11, \\dots$, which is an arithmetic sequence with first term $3$ and common difference $4$. The $n$-th term is $3 + (n-1)4 = 4n-1$. The second bases are $7, 11, 15, \\dots$, which is an arithmetic sequence with first term $7$ and common difference $4$. The $n$-th term is $7 + (n-1)4 = 4n+3$.\nThus, the $n$-th term of the series is $a_n = \\frac{4n+1}{(4n-1)^2 (4n+3)^2}$.\n\n2. **Telescoping series form:**\nWe try to express $a_n$ as a difference of two terms. We observe that $(4n+3) - (4n-1) = 4$.\nConsider the expression $\\frac{1}{(4n-1)^2} - \\frac{1}{(4n+3)^2}$.\n\\begin{align*} \\frac{1}{(4n-1)^2} - \\frac{1}{(4n+3)^2} &= \\frac{(4n+3)^2 - (4n-1)^2}{(4n-1)^2 (4n+3)^2} \\\\ &= \\frac{((4n+3) - (4n-1))((4n+3) + (4n-1))}{(4n-1)^2 (4n+3)^2} \\\\ &= \\frac{(4)(8n+2)}{(4n-1)^2 (4n+3)^2} \\\\ &= \\frac{32n+8}{(4n-1)^2 (4n+3)^2} \\\\ &= \\frac{8(4n+1)}{(4n-1)^2 (4n+3)^2}\\end{align*}\nTherefore, $\\frac{4n+1}{(4n-1)^2 (4n+3)^2} = \\frac{1}{8} \\left( \\frac{1}{(4n-1)^2} - \\frac{1}{(4n+3)^2} \\right)$.\n\n3. **Compute the sum:**\nLet $S = \\sum_{n=1}^{\\infty} \\frac{4n+1}{(4n-1)^2 (4n+3)^2}$.\nUsing the telescoping form, we have\n\\[S = \\sum_{n=1}^{\\infty} \\frac{1}{8} \\left( \\frac{1}{(4n-1)^2} - \\frac{1}{(4n+3)^2} \\right) = \\frac{1}{8} \\sum_{n=1}^{\\infty} \\left( \\frac{1}{(4n-1)^2} - \\frac{1}{(4n+3)^2} \\right).\\]\nLet $b_n = \\frac{1}{(4n-1)^2}$. Then the sum is $\\frac{1}{8} \\sum_{n=1}^{\\infty} (b_n - b_{n+1})$.\nThis is a telescoping series. The partial sum is\n\\begin{align*} S_N &= \\frac{1}{8} \\sum_{n=1}^{N} \\left( \\frac{1}{(4n-1)^2} - \\frac{1}{(4n+3)^2} \\right) \\\\ &= \\frac{1}{8} \\left[ \\left( \\frac{1}{3^2} - \\frac{1}{7^2} \\right) + \\left( \\frac{1}{7^2} - \\frac{1}{11^2} \\right) + \\dots + \\left( \\frac{1}{(4N-1)^2} - \\frac{1}{(4N+3)^2} \\right) \\right] \\\\ &= \\frac{1}{8} \\left[ \\frac{1}{3^2} - \\frac{1}{(4N+3)^2} \\right]\\end{align*}\nAs $N \\to \\infty$, $\\frac{1}{(4N+3)^2} \\to 0$.\nThus, the sum of the infinite series is\n\\[S = \\lim_{N \\to \\infty} S_N = \\frac{1}{8} \\left[ \\frac{1}{3^2} - 0 \\right] = \\frac{1}{8} \\cdot \\frac{1}{9} = \\frac{1}{72}.\\]\n\n### Final Answer\nFinal Answer: The final answer is $\\boxed{\\frac{1}{72}}$",
    "metrics": {
        "length": 3094,
        "has_latex": true
    },
    "validation_response": null
}