{
    "problem": "Find the minimum value of\n\\[x^2 + 8x + \\frac{64}{x^3}\\]for $x > 0.$",
    "solution": "**1. Problem Statement**\n\nFind the minimum value of the expression\n\\[x^2 + 8x + \\frac{64}{x^3}\\]\nfor $x > 0.$\nHere, $x$ is the key variable and the constraint is that $x$ must be a positive real number.\n\n**2. Solution Strategy**\n\nTo find the minimum value of the given function, we will use calculus. The steps are:\n1. Find the first derivative of the function with respect to $x$.\n2. Set the first derivative equal to zero to find critical points.\n3. Use the second derivative test to determine if the critical point corresponds to a local minimum, maximum, or inflection point.\n4. Evaluate the function at the critical point to find the minimum value.\n\nRelevant formulas:\n- Derivative of $x^n$ is $nx^{n-1}$.\n- Second Derivative Test: If $f'(c) = 0$ and $f''(c) > 0$, then $f$ has a local minimum at $x = c$.\n\n**3. Step-by-Step Solution**\n\nLet $f(x) = x^2 + 8x + \\frac{64}{x^3} = x^2 + 8x + 64x^{-3}.$\n\nStep 1: Find the first derivative $f'(x)$.\n\\[f'(x) = \\frac{d}{dx} (x^2 + 8x + 64x^{-3}) = \\frac{d}{dx}(x^2) + \\frac{d}{dx}(8x) + \\frac{d}{dx}(64x^{-3})\\]\n\\[f'(x) = 2x + 8 + 64(-3)x^{-3-1} = 2x + 8 - 192x^{-4} = 2x + 8 - \\frac{192}{x^4}\\]\n\nStep 2: Set $f'(x) = 0$ to find critical points.\n\\[2x + 8 - \\frac{192}{x^4} = 0\\]\nMultiply by $x^4$ (since $x > 0$, $x^4 \\neq 0$):\n\\[x^4(2x + 8 - \\frac{192}{x^4}) = x^4(0)\\]\n\\[2x^5 + 8x^4 - 192 = 0\\]\nDivide by 2:\n\\[x^5 + 4x^4 - 96 = 0\\]\nWe need to find the positive real root of this equation. Let's test integer values.\nFor $x = 2$: $2^5 + 4(2^4) - 96 = 32 + 4(16) - 96 = 32 + 64 - 96 = 96 - 96 = 0.$\nSo $x = 2$ is a root.\n\nStep 3: Find the second derivative $f''(x)$ and evaluate it at $x = 2$.\n\\[f''(x) = \\frac{d}{dx} (2x + 8 - 192x^{-4}) = \\frac{d}{dx}(2x) + \\frac{d}{dx}(8) - \\frac{d}{dx}(192x^{-4})\\]\n\\[f''(x) = 2 + 0 - 192(-4)x^{-4-1} = 2 + 768x^{-5} = 2 + \\frac{768}{x^5}\\]\nEvaluate $f''(2)$:\n\\[f''(2) = 2 + \\frac{768}{2^5} = 2 + \\frac{768}{32} = 2 + 24 = 26\\]\nSince $f''(2) = 26 > 0$, the critical point $x = 2$ corresponds to a local minimum.\nTo confirm this is a global minimum for $x > 0$, we observe that for $x > 0$, $f''(x) = 2 + \\frac{768}{x^5} > 0$, which means the function is concave up for all $x > 0$. Thus, the local minimum is also the global minimum.\n\nStep 4: Find the minimum value by evaluating $f(2)$.\n\\[f(2) = 2^2 + 8(2) + \\frac{64}{2^3} = 4 + 16 + \\frac{64}{8} = 4 + 16 + 8 = 28\\]\n\n**4. Final Answer**\n\nThe minimum value of $x^2 + 8x + \\frac{64}{x^3}$ for $x > 0$ is $\\boxed{28}$.\n\nVerification:\nWe found that the minimum occurs at $x=2$. We checked that $f'(2) = 0$ and $f''(2) > 0$, confirming a local minimum. Since $f''(x) > 0$ for all $x>0$, the function is concave up everywhere, so this local minimum is indeed the global minimum. The minimum value is $f(2) = 28$.\n\nFinal Answer: The final answer is $\\boxed{28}$",
    "metrics": {
        "length": 2792,
        "has_latex": true
    },
    "validation_response": null
}