{
    "problem": "The equation\n\\[\\frac{1}{x} + \\frac{1}{x + 2} - \\frac{1}{x + 4} - \\frac{1}{x + 6} - \\frac{1}{x + 8} - \\frac{1}{x + 10} + \\frac{1}{x + 12} + \\frac{1}{x + 14} = 0\\]has four roots of the form $-a \\pm \\sqrt{b \\pm c \\sqrt{d}},$ where $a,$ $b,$ $c,$ $d$ are positive integers, and $d$ is not divisible by the square of a prime.  Find $a + b + c + d.$",
    "solution": "**1. Problem Statement**\n\nThe problem asks us to find the roots of the equation\n\\[\\frac{1}{x} + \\frac{1}{x + 2} - \\frac{1}{x + 4} - \\frac{1}{x + 6} - \\frac{1}{x + 8} - \\frac{1}{x + 10} + \\frac{1}{x + 12} + \\frac{1}{x + 14} = 0\\]\nand express them in the form $-a \\pm \\sqrt{b \\pm c \\sqrt{d}},$ where $a,$ $b,$ $c,$ $d$ are positive integers, and $d$ is not divisible by the square of a prime. We need to calculate the sum $a + b + c + d.$\n\n**2. Solution Strategy**\n\nFirst, we group the terms in pairs to simplify the equation. We look for a substitution to reduce the degree of the equation. We solve the simplified equation to find the values of the substituted variable, and then solve for $x.$ Finally, we compare the roots with the required form and calculate $a+b+c+d.$\n\n**3. Step-by-Step Solution**\n\nWe group the terms as follows:\n\\[ \\left( \\frac{1}{x} + \\frac{1}{x+14} \\right) + \\left( \\frac{1}{x+2} + \\frac{1}{x+12} \\right) - \\left( \\frac{1}{x+4} + \\frac{1}{x+10} \\right) - \\left( \\frac{1}{x+6} + \\frac{1}{x+8} \\right) = 0 \\]\nCombine each pair of fractions:\n\\[ \\frac{2x+14}{x(x+14)} + \\frac{2x+14}{(x+2)(x+12)} - \\frac{2x+14}{(x+4)(x+10)} - \\frac{2x+14}{(x+6)(x+8)} = 0 \\]\nFactor out $2(x+7):$\n\\[ 2(x+7) \\left[ \\frac{1}{x(x+14)} + \\frac{1}{(x+2)(x+12)} - \\frac{1}{(x+4)(x+10)} - \\frac{1}{(x+6)(x+8)} \\right] = 0 \\]\nOne root is $x = -7.$ For other roots, we set the bracketed expression to zero:\n\\[ \\frac{1}{x(x+14)} + \\frac{1}{(x+2)(x+12)} - \\frac{1}{(x+4)(x+10)} - \\frac{1}{(x+6)(x+8)} = 0 \\]\nLet $y = x^2+14x.$ Then $(x+2)(x+12) = x^2+14x+24 = y+24,$ $(x+4)(x+10) = x^2+14x+40 = y+40,$ $(x+6)(x+8) = x^2+14x+48 = y+48,$ and $x(x+14) = x^2+14x = y.$\n\\[ \\frac{1}{y} + \\frac{1}{y+24} - \\frac{1}{y+40} - \\frac{1}{y+48} = 0 \\]\n\\[ \\frac{1}{y} - \\frac{1}{y+40} + \\frac{1}{y+24} - \\frac{1}{y+48} = 0 \\]\n\\[ \\frac{40}{y(y+40)} + \\frac{24}{(y+24)(y+48)} = 0 \\]\n\\[ \\frac{40}{y(y+40)} = - \\frac{24}{(y+24)(y+48)} \\]\n\\[ 40(y+24)(y+48) = -24y(y+40) \\]\n\\[ 5(y+24)(y+48) = -3y(y+40) \\]\n\\[ 5(y^2 + 72y + 1152) = -3y^2 - 120y \\]\n\\[ 5y^2 + 360y + 5760 = -3y^2 - 120y \\]\n\\[ 8y^2 + 480y + 5760 = 0 \\]\n\\[ y^2 + 60y + 720 = 0 \\]\n\\[ y = \\frac{-60 \\pm \\sqrt{60^2 - 4 \\cdot 720}}{2} = \\frac{-60 \\pm \\sqrt{3600 - 2880}}{2} = \\frac{-60 \\pm \\sqrt{720}}{2} = -30 \\pm 6 \\sqrt{5} \\]\nNow we solve $x^2+14x = y = -30 \\pm 6 \\sqrt{5},$ so $x^2+14x + 30 \\mp 6 \\sqrt{5} = 0.$\n\\[ x = \\frac{-14 \\pm \\sqrt{14^2 - 4(30 \\mp 6 \\sqrt{5})}}{2} = \\frac{-14 \\pm \\sqrt{196 - 120 \\pm 24 \\sqrt{5}}}{2} = \\frac{-14 \\pm \\sqrt{76 \\pm 24 \\sqrt{5}}}{2} = -7 \\pm \\frac{\\sqrt{76 \\pm 24 \\sqrt{5}}}{2} = -7 \\pm \\sqrt{\\frac{76 \\pm 24 \\sqrt{5}}{4}} = -7 \\pm \\sqrt{19 \\pm 6 \\sqrt{5}} \\]\nSo the four roots are in the form $-a \\pm \\sqrt{b \\pm c \\sqrt{d}}$ with $a = 7, b = 19, c = 6, d = 5.$\nThen $a+b+c+d = 7+19+6+5 = 37.$\n\n**4. Final Answer**\n\nFinal Answer: The final answer is $\\boxed{37}$",
    "metrics": {
        "length": 2834,
        "has_latex": true
    },
    "validation_response": null
}