{
    "problem": "The function $f(n)$ is defined on the positive integers such that $f(f(n)) = 2n$ and $f(4n + 1) = 4n + 3$ for all positive integers $n.$  Find $f(1000).$",
    "solution": "**1. Problem Statement**\n\nGiven a function $f(n)$ defined on positive integers with the following properties:\n- $f(f(n)) = 2n$ for all positive integers $n.$\n- $f(4n + 1) = 4n + 3$ for all positive integers $n.$\n\nWe are asked to find the value of $f(1000).$\n\n**Key variables and constraints:**\n- $f(n)$ is a function on positive integers.\n- $f(f(n)) = 2n$ is a functional equation.\n- $f(4n + 1) = 4n + 3$ provides specific values of the function for numbers of the form $4n+1$.\n- We need to find $f(1000).$\n\n**2. Solution Strategy**\n\nWe will derive values of $f(x)$ for different forms of $x$ using the given conditions. We will start by using the second condition $f(4n+1) = 4n+3$ and the first condition $f(f(n)) = 2n$ to find values of $f(x)$ for other forms. We will try to find a pattern or a way to calculate $f(1000).$ We will assume $f(2n) = 2f(n)$ and verify if it is consistent with the given conditions.\n\n**3. Step-by-Step Solution**\n\nWe are given $f(4n+1) = 4n+3.$\nUsing the property $f(f(n)) = 2n,$ we have $f(f(4n+1)) = 2(4n+1) = 8n+2.$\nSubstituting $f(4n+1) = 4n+3,$ we get $f(4n+3) = 8n+2.$\n\nNow consider $f(f(4n+3)) = 2(4n+3) = 8n+6.$\nSubstituting $f(4n+3) = 8n+2,$ we get $f(8n+2) = 8n+6.$\n\nWe assume $f(2n) = 2f(n).$ Let's use this assumption to find $f(1000).$\n$f(1000) = f(2 \\times 500) = 2 f(500).$\n$f(500) = f(2 \\times 250) = 2 f(250).$\n$f(1000) = 4 f(250).$\nWe need to find $f(250).$\n$250 = 8 \\times 31 + 2.$ So we use $f(8n+2) = 8n+6.$\nWith $n = 31,$ $f(250) = f(8 \\times 31 + 2) = 8 \\times 31 + 6 = 248 + 6 = 254.$\n$f(1000) = 4 \\times f(250) = 4 \\times 254 = 1016.$\n\nLet's verify our assumption $f(2n) = 2 f(n).$\nIf $f(2n) = 2f(n),$ then $f(f(2n)) = f(2f(n)) = 2f(f(n)) = 2(2n) = 4n.$\nAlso from the first condition, $f(f(2n)) = 2(2n) = 4n.$\nSo $f(2n) = 2f(n)$ is consistent with $f(f(n)) = 2n.$\n\nLet's check if $f(1000) = 1016$ satisfies $f(f(1000)) = 2000.$\nIf $f(1000) = 1016,$ we need to verify $f(1016) = 2000.$\n$1016 = 8 \\times 127.$\nIf we assume $f(8n) = 2 f(4n).$ And $f(4n) = 2 f(2n).$ And $f(2n) = 2 f(n).$\nThen $f(8n) = 4 f(2n) = 8 f(n).$\nIf $f(2n) = 2f(n),$ then $f(8n) = 8 f(n).$\n$f(1016) = f(8 \\times 127) = 8 f(127).$\n$127 = 4 \\times 31 + 3.$ $f(127) = f(4 \\times 31 + 3) = 8 \\times 31 + 2 = 248 + 2 = 250.$\n$f(1016) = 8 \\times f(127) = 8 \\times 250 = 2000.$\nSo $f(1016) = 2000.$ And $f(1000) = 1016.$\n$f(f(1000)) = f(1016) = 2000 = 2 \\times 1000.$\nThis is consistent with $f(f(n)) = 2n.$\n\nWe used $f(2n) = 2f(n).$\n\n**4. Final Answer**\n\nFinal Answer: The final answer is $\\boxed{1016}$",
    "metrics": {
        "length": 2525,
        "has_latex": true
    },
    "validation_response": null
}