{
    "problem": "Let $a$ and $b$ be positive real numbers such that $a + 2b = 1.$  Find the minimum value of\n\\[\\frac{1}{a} + \\frac{1}{b}.\\]",
    "solution": "**1. Problem Statement**\n\nGiven that $a$ and $b$ are positive real numbers satisfying the condition $a + 2b = 1$, we need to find the minimum value of the expression $\\frac{1}{a} + \\frac{1}{b}$.\n\nKey variables: $a, b$\nConstraint: $a + 2b = 1$, where $a > 0, b > 0$\nExpression to minimize: $E = \\frac{1}{a} + \\frac{1}{b}$\n\n**2. Solution Strategy**\n\nWe will use the constraint $a + 2b = 1$ to eliminate one variable from the expression to be minimized. We can express $a$ in terms of $b$ (or $b$ in terms of $a$) and substitute it into the expression. Then, we can use calculus to find the minimum value of the resulting single-variable function. Alternatively, we can use the Cauchy-Schwarz inequality to find the minimum value. We will show both methods.\n\n**3. Step-by-Step Solution**\n\n**Method 1: Using Calculus**\n\nFrom the constraint $a + 2b = 1$, we have $a = 1 - 2b$. Since $a > 0$, we must have $1 - 2b > 0$, which implies $b < \\frac{1}{2}$. Also, we are given $b > 0$. Thus, $0 < b < \\frac{1}{2}$.\nSubstitute $a = 1 - 2b$ into the expression:\n\\[E(b) = \\frac{1}{1 - 2b} + \\frac{1}{b}.\\]\nTo find the minimum value of $E(b)$, we take the derivative with respect to $b$ and set it to zero:\n\\[\\frac{dE}{db} = \\frac{d}{db} \\left( (1 - 2b)^{-1} + b^{-1} \\right) = -1(1 - 2b)^{-2}(-2) + (-1)b^{-2} = \\frac{2}{(1 - 2b)^2} - \\frac{1}{b^2}.\\]\nSet $\\frac{dE}{db} = 0$:\n\\[\\frac{2}{(1 - 2b)^2} = \\frac{1}{b^2}\\]\n\\[2b^2 = (1 - 2b)^2\\]\n\\[2b^2 = 1 - 4b + 4b^2\\]\n\\[2b^2 - 4b + 1 = 0\\]\nUsing the quadratic formula to solve for $b$:\n\\[b = \\frac{-(-4) \\pm \\sqrt{(-4)^2 - 4(2)(1)}}{2(2)} = \\frac{4 \\pm \\sqrt{16 - 8}}{4} = \\frac{4 \\pm \\sqrt{8}}{4} = \\frac{4 \\pm 2\\sqrt{2}}{4} = 1 \\pm \\frac{\\sqrt{2}}{2}.\\]\nSince $0 < b < \\frac{1}{2}$, we choose $b = 1 - \\frac{\\sqrt{2}}{2}$ (because $1 + \\frac{\\sqrt{2}}{2} > 1 > \\frac{1}{2}$).\nNow we find the corresponding value of $a$:\n\\[a = 1 - 2b = 1 - 2\\left(1 - \\frac{\\sqrt{2}}{2}\\right) = 1 - 2 + \\sqrt{2} = \\sqrt{2} - 1.\\]\nBoth $a = \\sqrt{2} - 1 > 0$ and $b = 1 - \\frac{\\sqrt{2}}{2} > 0$ are positive.\nTo check if this is a minimum, we find the second derivative:\n\\[\\frac{d^2E}{db^2} = \\frac{d}{db} \\left( \\frac{2}{(1 - 2b)^2} - \\frac{1}{b^2} \\right) = 2(-2)(1 - 2b)^{-3}(-2) - (-2)b^{-3} = \\frac{8}{(1 - 2b)^3} + \\frac{2}{b^3}.\\]\nSince $0 < b < \\frac{1}{2}$, $\\frac{d^2E}{db^2} > 0$, so we have a minimum at $b = 1 - \\frac{\\sqrt{2}}{2}$.\nThe minimum value is\n\\[\\frac{1}{a} + \\frac{1}{b} = \\frac{1}{\\sqrt{2} - 1} + \\frac{1}{1 - \\frac{\\sqrt{2}}{2}} = \\frac{\\sqrt{2} + 1}{(\\sqrt{2} - 1)(\\sqrt{2} + 1)} + \\frac{2}{2 - \\sqrt{2}} = \\frac{\\sqrt{2} + 1}{2 - 1} + \\frac{2(2 + \\sqrt{2})}{(2 - \\sqrt{2})(2 + \\sqrt{2})}\\]\n\\[= \\sqrt{2} + 1 + \\frac{4 + 2\\sqrt{2}}{4 - 2} = \\sqrt{2} + 1 + \\frac{4 + 2\\sqrt{2}}{2} = \\sqrt{2} + 1 + 2 + \\sqrt{2} = 3 + 2\\sqrt{2}.\\]\n\n**Method 2: Using Cauchy-Schwarz Inequality**\n\nBy Cauchy-Schwarz inequality in Engel form, for positive numbers $x_i, y_i$, we have $\\sum \\frac{y_i^2}{x_i} \\ge \\frac{(\\sum y_i)^2}{\\sum x_i}$.\nLet $x_1 = a, x_2 = b$, $y_1 = 1, y_2 = 1$. Then $\\frac{1}{a} + \\frac{1}{b} \\ge \\frac{(1+1)^2}{a+b} = \\frac{4}{a+b}$. This does not directly use the constraint $a+2b=1$.\n\nConsider $(\\frac{1}{a} + \\frac{1}{b})(a + 2b) = 1 + \\frac{2b}{a} + \\frac{a}{b} + 2 = 3 + \\frac{2b}{a} + \\frac{a}{b}$.\nBy AM-GM inequality, $\\frac{2b}{a} + \\frac{a}{b} \\ge 2\\sqrt{\\frac{2b}{a} \\cdot \\frac{a}{b}} = 2\\sqrt{2}$.\nThus, $(\\frac{1}{a} + \\frac{1}{b})(a + 2b) \\ge 3 + 2\\sqrt{2}$.\nSince $a + 2b = 1$, we have $\\frac{1}{a} + \\frac{1}{b} \\ge 3 + 2\\sqrt{2}$.\nEquality holds when $\\frac{2b}{a} = \\frac{a}{b}$, i.e., $a^2 = 2b^2$, or $a = \\sqrt{2}b$ (since $a, b > 0$).\nSubstitute $a = \\sqrt{2}b$ into $a + 2b = 1$: $\\sqrt{2}b + 2b = 1 \\implies b(\\sqrt{2} + 2) = 1 \\implies b = \\frac{1}{2 + \\sqrt{2}} = \\frac{2 - \\sqrt{2}}{2}$.\n$a = \\sqrt{2}b = \\sqrt{2} \\frac{2 - \\sqrt{2}}{2} = \\frac{2\\sqrt{2} - 2}{2} = \\sqrt{2} - 1$.\nThese are the same values as before.\n\n**4. Final Answer**\n\nThe minimum value of $\\frac{1}{a} + \\frac{1}{b}$ is $3 + 2\\sqrt{2}$.\n\nFinal Answer: The final answer is $\\boxed{3+2\\sqrt{2}}$",
    "metrics": {
        "length": 4042,
        "has_latex": true
    },
    "validation_response": null
}