{
    "problem": "Let $f(x) : \\mathbb{R} \\to \\mathbb{R}$ be a function such that\n\\[\\frac{f(x) f(y) - f(xy)}{3} = x + y + 2\\]for all $x,$ $y \\in \\mathbb{R}.$  Find $f(x).$",
    "solution": "## Problem Statement\nLet $f(x) : \\mathbb{R} \\to \\mathbb{R}$ be a function such that\n\\[\\frac{f(x) f(y) - f(xy)}{3} = x + y + 2\\]for all $x,$ $y \\in \\mathbb{R}.$  Find $f(x).$\n\n**Key Variables and Constraints:**\n- $f(x)$ is a function from $\\mathbb{R}$ to $\\mathbb{R}$.\n- The equation $\\frac{f(x) f(y) - f(xy)}{3} = x + y + 2$ holds for all real numbers $x$ and $y$.\n\n## Solution Strategy\nWe will first simplify the given equation. Then we will substitute specific values for $x$ and $y$ to find the value of $f(0)$ and derive a possible form for $f(x).$  We will then verify if this form satisfies the original equation. We will also explore if there are other possible forms for $f(x).$  We will assume a linear form for $f(x)$ and solve for the coefficients.\n\n## Step-by-Step Solution\n1. **Simplify the equation:**\n   Multiply both sides of the given equation by 3 to remove the fraction:\n   \\[f(x) f(y) - f(xy) = 3(x + y + 2)\\]\n\n2. **Substitute $x = 0$ and $y = 0$:**\n   \\[f(0) f(0) - f(0 \\cdot 0) = 3(0 + 0 + 2)\\]\n   \\[f(0)^2 - f(0) = 6\\]\n   \\[f(0)^2 - f(0) - 6 = 0\\]\n   Factor the quadratic equation:\n   \\[(f(0) - 3)(f(0) + 2) = 0\\]\n   So, we have two possible values for $f(0):$ $f(0) = 3$ or $f(0) = -2.$\n\n3. **Case 1: $f(0) = 3.$**\n   Substitute $y = 0$ into the simplified equation:\n   \\[f(x) f(0) - f(x \\cdot 0) = 3(x + 0 + 2)\\]\n   \\[f(x) f(0) - f(0) = 3(x + 2)\\]\n   Substitute $f(0) = 3:$\n   \\[3 f(x) - 3 = 3(x + 2)\\]\n   Divide by 3:\n   \\[f(x) - 1 = x + 2\\]\n   \\[f(x) = x + 3\\]\n\n4. **Verify $f(x) = x + 3$:**\n   Substitute $f(x) = x + 3$ into the original equation:\n   \\[\\frac{f(x) f(y) - f(xy)}{3} = \\frac{(x + 3)(y + 3) - (xy + 3)}{3}\\]\n   \\[= \\frac{xy + 3x + 3y + 9 - xy - 3}{3}\\]\n   \\[= \\frac{3x + 3y + 6}{3}\\]\n   \\[= x + y + 2\\]\n   This matches the given equation, so $f(x) = x + 3$ is a solution.\n\n5. **Case 2: $f(0) = -2.$**\n   Substitute $y = 0$ into the simplified equation:\n   \\[f(x) f(0) - f(x \\cdot 0) = 3(x + 0 + 2)\\]\n   \\[f(x) f(0) - f(0) = 3(x + 2)\\]\n   Substitute $f(0) = -2:$\n   \\[-2 f(x) - (-2) = 3(x + 2)\\]\n   \\[-2 f(x) + 2 = 3x + 6\\]\n   \\[-2 f(x) = 3x + 4\\]\n   \\[f(x) = -\\frac{3}{2} x - 2\\]\n\n6. **Verify $f(x) = -\\frac{3}{2} x - 2$:**\n   Substitute $f(x) = -\\frac{3}{2} x - 2$ into $f(x) f(y) - f(xy):$\n   \\[f(x) f(y) - f(xy) = \\left(-\\frac{3}{2} x - 2\\right) \\left(-\\frac{3}{2} y - 2\\right) - \\left(-\\frac{3}{2} xy - 2\\right)\\]\n   \\[= \\left(\\frac{3}{2} x + 2\\right) \\left(\\frac{3}{2} y + 2\\right) + \\frac{3}{2} xy + 2\\]\n   \\[= \\frac{9}{4} xy + 3x + 3y + 4 + \\frac{3}{2} xy + 2\\]\n   \\[= \\left(\\frac{9}{4} + \\frac{6}{4}\\right) xy + 3x + 3y + 6\\]\n   \\[= \\frac{15}{4} xy + 3x + 3y + 6\\]\n   We want this to be equal to $3(x + y + 2) = 3x + 3y + 6.$\n   For the equation to hold, we must have $\\frac{15}{4} xy + 3x + 3y + 6 = 3x + 3y + 6.$\n   This simplifies to $\\frac{15}{4} xy = 0$ for all $x, y \\in \\mathbb{R}.$\n   This is only true if $x = 0$ or $y = 0.$  However, the equation must hold for all $x, y \\in \\mathbb{R}.$\n   Therefore, $f(x) = -\\frac{3}{2} x - 2$ is not a solution.\n\n7. **Conclusion:**\n   The only function that satisfies the given equation is $f(x) = x + 3.$\n\n## Final Answer\n1. **Problem Statement**\n   Find the function $f(x) : \\mathbb{R} \\to \\mathbb{R}$ that satisfies the functional equation\n   \\[\\frac{f(x) f(y) - f(xy)}{3} = x + y + 2\\]\n   for all $x, y \\in \\mathbb{R}.$\n\n2. **Solution Strategy**\n   We substitute specific values for $x$ and $y$ to determine $f(0).$ Then, using one of the values of $f(0),$ we determine the form of $f(x).$ We verify the solution by substituting it back into the original equation. We also explore if other possible values of $f(0)$ lead to valid solutions. We assume a linear form $f(x) = ax+b$ and solve for $a$ and $b.$\n\n3. **Step-by-Step Solution**\n   We are given the equation $f(x) f(y) - f(xy) = 3(x + y + 2).$\n   Let $x = 0$ and $y = 0.$ Then $f(0)^2 - f(0) = 6,$ which gives $f(0) = 3$ or $f(0) = -2.$\n   Case 1: $f(0) = 3.$ Let $y = 0.$ Then $f(x) f(0) - f(0) = 3(x + 2).$\n   Substituting $f(0) = 3,$ we get $3 f(x) - 3 = 3(x + 2),$ so $f(x) - 1 = x + 2,$ and $f(x) = x + 3.$\n   Check: $\\frac{(x+3)(y+3) - (xy+3)}{3} = \\frac{xy + 3x + 3y + 9 - xy - 3}{3} = \\frac{3x + 3y + 6}{3} = x + y + 2.$\n   Case 2: $f(0) = -2.$ Let $y = 0.$ Then $f(x) f(0) - f(0) = 3(x + 2).$\n   Substituting $f(0) = -2,$ we get $-2 f(x) - (-2) = 3(x + 2),$ so $-2 f(x) + 2 = 3x + 6,$ $-2 f(x) = 3x + 4,$ and $f(x) = -\\frac{3}{2} x - 2.$\n   Check: $\\frac{(-\\frac{3}{2} x - 2)(-\\frac{3}{2} y - 2) - (-\\frac{3}{2} xy - 2)}{3} = \\frac{\\frac{15}{4} xy + 3x + 3y + 6}{3} = \\frac{5}{4} xy + x + y + 2 \\ne x + y + 2.$\n   Thus, $f(x) = -\\frac{3}{2} x - 2$ is not a solution.\n\n4. **Final Answer**\n   Final Answer: $\\boxed{f(x) = x + 3}$",
    "metrics": {
        "length": 4693,
        "has_latex": true
    },
    "validation_response": null
}