{
    "problem": "Find all the solutions to\n\\[\\sqrt[3]{2 - x} + \\sqrt{x - 1} = 1.\\]Enter all the solutions, separated by commas.",
    "solution": "## Problem Solution\n\n### 1. Problem Statement\nFind all the solutions to the equation\n\\[\\sqrt[3]{2 - x} + \\sqrt{x - 1} = 1.\\]\nThe variable is $x$. The constraints are that the expressions under the radicals must be defined. Specifically, for $\\sqrt{x-1}$ to be a real number, we must have $x - 1 \\ge 0$, which means $x \\ge 1$. The cube root $\\sqrt[3]{2-x}$ is defined for all real numbers $x$. Therefore, the domain of the equation is $x \\ge 1$.\n\n### 2. Solution Strategy\nWe will use substitution to simplify the equation. Let $a = \\sqrt[3]{2 - x}$ and $b = \\sqrt{x - 1}$. Then the equation becomes $a + b = 1$. We can express $x$ in terms of $a$ and $b$ from the definitions of $a$ and $b$.\nFrom $a = \\sqrt[3]{2 - x}$, we have $a^3 = 2 - x$, so $x = 2 - a^3$.\nFrom $b = \\sqrt{x - 1}$, we have $b^2 = x - 1$, so $x = b^2 + 1$.\nEquating the two expressions for $x$, we get $2 - a^3 = b^2 + 1$, or $a^3 + b^2 = 1$.\nWe also have $a + b = 1$, so $a = 1 - b$. Substituting this into $a^3 + b^2 = 1$:\n$(1 - b)^3 + b^2 = 1$.\nExpanding $(1 - b)^3 = 1 - 3b + 3b^2 - b^3$, we have\n$1 - 3b + 3b^2 - b^3 + b^2 = 1$\n$-b^3 + 4b^2 - 3b = 0$\n$b^3 - 4b^2 + 3b = 0$\nFactor out $b$:\n$b(b^2 - 4b + 3) = 0$\nFactor the quadratic: $b^2 - 4b + 3 = (b - 1)(b - 3)$.\nSo, $b(b - 1)(b - 3) = 0$.\nThe possible values for $b$ are $b = 0, 1, 3$.\nSince $b = \\sqrt{x - 1}$, we have $b \\ge 0$, so these values are valid.\nFor each value of $b$, we can find the corresponding value of $x$ using $x = b^2 + 1$.\n\n### 3. Step-by-Step Solution\nLet $b = \\sqrt{x - 1}$. Then the equation becomes $\\sqrt[3]{2 - x} = 1 - \\sqrt{x - 1} = 1 - b$.\nCubing both sides, we get $2 - x = (1 - b)^3 = 1 - 3b + 3b^2 - b^3$.\nAlso, squaring $b = \\sqrt{x - 1}$, we get $b^2 = x - 1$, so $x = b^2 + 1$.\nSubstitute $x = b^2 + 1$ into $2 - x = 1 - 3b + 3b^2 - b^3$:\n$2 - (b^2 + 1) = 1 - 3b + 3b^2 - b^3$\n$2 - b^2 - 1 = 1 - 3b + 3b^2 - b^3$\n$1 - b^2 = 1 - 3b + 3b^2 - b^3$\n$0 = -3b + 4b^2 - b^3$\n$b^3 - 4b^2 + 3b = 0$\n$b(b^2 - 4b + 3) = 0$\n$b(b - 1)(b - 3) = 0$\nSo, $b = 0$, $b = 1$, or $b = 3$.\nSince $b = \\sqrt{x - 1}$, we have:\nCase 1: $b = 0$. $\\sqrt{x - 1} = 0 \\implies x - 1 = 0 \\implies x = 1$.\nCheck: $\\sqrt[3]{2 - 1} + \\sqrt{1 - 1} = \\sqrt[3]{1} + \\sqrt{0} = 1 + 0 = 1$. So $x = 1$ is a solution.\n\nCase 2: $b = 1$. $\\sqrt{x - 1} = 1 \\implies x - 1 = 1^2 \\implies x - 1 = 1 \\implies x = 2$.\nCheck: $\\sqrt[3]{2 - 2} + \\sqrt{2 - 1} = \\sqrt[3]{0} + \\sqrt{1} = 0 + 1 = 1$. So $x = 2$ is a solution.\n\nCase 3: $b = 3$. $\\sqrt{x - 1} = 3 \\implies x - 1 = 3^2 \\implies x - 1 = 9 \\implies x = 10$.\nCheck: $\\sqrt[3]{2 - 10} + \\sqrt{10 - 1} = \\sqrt[3]{-8} + \\sqrt{9} = -2 + 3 = 1$. So $x = 10$ is a solution.\n\nWe have found three solutions $x = 1, 2, 10$. Since we reduced the equation to a cubic equation, there are at most three real roots. Thus, these are all the solutions.\n\n### 4. Final Answer\nThe solutions are $x = 1, 2, 10$.\n\nFinal Answer: The final answer is $\\boxed{1,2,10}$",
    "metrics": {
        "length": 2918,
        "has_latex": true
    },
    "validation_response": null
}