{
    "problem": "Let\n\\[f(x) = \\frac{2x + 3}{kx - 2}.\\]Find all real numbers $k$ so that $f^{-1}(x) = f(x).$",
    "solution": "### Problem:\n1. **Problem Statement**\nGiven the function $f(x) = \\frac{2x + 3}{kx - 2}$, we want to find all real numbers $k$ for which the inverse function $f^{-1}(x)$ is equal to the function $f(x)$ itself. In other words, we need to find all $k \\in \\mathbb{R}$ such that $f^{-1}(x) = f(x)$.\n\n2. **Solution Strategy**\nWe will use the property that $f^{-1}(x) = f(x)$ if and only if $f(f(x)) = x$. First, we need to ensure that the function $f(x)$ is invertible. A rational function $f(x) = \\frac{ax+b}{cx+d}$ is invertible if and only if $ad - bc \\neq 0$. We will calculate $f(f(x))$ and set it equal to $x$. We will then solve for the values of $k$ that satisfy this condition, and also ensure that the function is invertible.\n\n3. **Step-by-Step Solution**\nFirst, we determine the condition for $f(x)$ to be invertible. For $f(x) = \\frac{2x + 3}{kx - 2}$, we have $a = 2$, $b = 3$, $c = k$, and $d = -2$. The determinant is $ad - bc = (2)(-2) - (3)(k) = -4 - 3k$. For $f(x)$ to be invertible, we need $ad - bc \\neq 0$, so $-4 - 3k \\neq 0$, which means $3k \\neq -4$, or $k \\neq -\\frac{4}{3}$.\n\nNext, we compute $f(f(x))$:\n\\[f(f(x)) = f\\left(\\frac{2x + 3}{kx - 2}\\right) = \\frac{2\\left(\\frac{2x + 3}{kx - 2}\\right) + 3}{k\\left(\\frac{2x + 3}{kx - 2}\\right) - 2}\\]\nTo simplify this expression, we multiply the numerator and the denominator by $(kx - 2)$:\n\\[f(f(x)) = \\frac{(kx - 2) \\left[ 2\\left(\\frac{2x + 3}{kx - 2}\\right) + 3 \\right]}{(kx - 2) \\left[ k\\left(\\frac{2x + 3}{kx - 2}\\right) - 2 \\right]} = \\frac{2(2x + 3) + 3(kx - 2)}{k(2x + 3) - 2(kx - 2)}\\]\n\\[f(f(x)) = \\frac{4x + 6 + 3kx - 6}{2kx + 3k - 2kx + 4} = \\frac{4x + 3kx}{3k + 4} = \\frac{(4 + 3k)x}{3k + 4}\\]\nWe want $f(f(x)) = x$, so we need to solve the equation $\\frac{(4 + 3k)x}{3k + 4} = x$.\nFor this to hold for all $x$ in the domain of $f(f(x))$, we require $\\frac{4 + 3k}{3k + 4} = 1$.\nThis equation is equivalent to $4 + 3k = 3k + 4$, which simplifies to $4 = 4$. This equation is always true, provided that the denominator $3k + 4 \\neq 0$, which means $k \\neq -\\frac{4}{3}$.\n\nThus, the condition $f^{-1}(x) = f(x)$ holds for all real numbers $k$ such that $k \\neq -\\frac{4}{3}$, which is also the condition for $f(x)$ to be invertible.\n\n4. **Final Answer**\nThe set of all real numbers $k$ for which $f^{-1}(x) = f(x)$ is all real numbers except $k = -\\frac{4}{3}$. We can write this as $k \\in \\mathbb{R} \\setminus \\{-\\frac{4}{3}\\}$ or $k \\in (-\\infty, -\\frac{4}{3}) \\cup (-\\frac{4}{3}, \\infty)$.\n\nFinal Answer: The final answer is $\\boxed{k \\in \\mathbb{R}, k \\neq -\\frac{4}{3}}$",
    "metrics": {
        "length": 2548,
        "has_latex": true
    },
    "validation_response": null
}