{
    "problem": "The functions $p(x),$ $q(x),$ and $r(x)$ are all invertible.  We set\n\\[f = q \\circ p \\circ r.\\]Which is the correct expression for $f^{-1}$?\n\nA. $r^{-1} \\circ q^{-1} \\circ p^{-1}$\n\nB. $p^{-1} \\circ q^{-1} \\circ r^{-1}$\n\nC. $r^{-1} \\circ p^{-1} \\circ q^{-1}$\n\nD. $q^{-1} \\circ p^{-1} \\circ r^{-1}$\n\nE. $q^{-1} \\circ r^{-1} \\circ p^{-1}$\n\nF. $p^{-1} \\circ r^{-1} \\circ q^{-1}$\n\nEnter the letter of the correct expression for $f^{-1}.$",
    "solution": "## Solution:\n\n1. **Problem Statement**\n   - Given three invertible functions $p(x),$ $q(x),$ and $r(x).$\n   - Define a composite function $f(x) = (q \\circ p \\circ r)(x) = q(p(r(x))).$\n   - Find the expression for the inverse function $f^{-1}.$\n   - Select the correct option from the given choices (A to F).\n\n   Key variables and constraints:\n   - $p(x), q(x), r(x)$ are invertible functions.\n   - $f = q \\circ p \\circ r$\n\n2. **Solution Strategy**\n   - To find the inverse of a composite function, we reverse the order of operations and invert each function in reverse order.\n   - If $f = g \\circ h,$ then $f^{-1} = h^{-1} \\circ g^{-1}.$\n   - We can extend this rule to a composition of three functions: if $f = g \\circ h \\circ k,$ then $f^{-1} = k^{-1} \\circ h^{-1} \\circ g^{-1}.$\n   - Apply this rule to $f = q \\circ p \\circ r.$\n   - Verify the result by checking if $f \\circ f^{-1} = I$ and $f^{-1} \\circ f = I,$ where $I$ is the identity function.\n\n3. **Step-by-Step Solution**\n   - Given $f = q \\circ p \\circ r.$\n   - Applying the rule for the inverse of a composite function, we reverse the order of the functions and take the inverse of each function.\n   - So, $f^{-1} = r^{-1} \\circ p^{-1} \\circ q^{-1}.$\n\n   - Verification:\n     We want to verify if $f(f^{-1}(x)) = x$ and $f^{-1}(f(x)) = x.$\n\n     First, let's check $f(f^{-1}(x))$:\n     $f(f^{-1}(x)) = f((r^{-1} \\circ p^{-1} \\circ q^{-1})(x)) = f(r^{-1}(p^{-1}(q^{-1}(x)))) = (q \\circ p \\circ r)(r^{-1}(p^{-1}(q^{-1}(x)))) = q(p(r(r^{-1}(p^{-1}(q^{-1}(x))))))$\n     Since $r \\circ r^{-1} = I,$ we have $r(r^{-1}(p^{-1}(q^{-1}(x)))) = p^{-1}(q^{-1}(x)).$\n     So, $q(p(r(r^{-1}(p^{-1}(q^{-1}(x)))))) = q(p(p^{-1}(q^{-1}(x))))$.\n     Since $p \\circ p^{-1} = I,$ we have $p(p^{-1}(q^{-1}(x))) = q^{-1}(x).$\n     So, $q(p(p^{-1}(q^{-1}(x)))) = q(q^{-1}(x)).$\n     Since $q \\circ q^{-1} = I,$ we have $q(q^{-1}(x)) = x.$\n     Thus, $f(f^{-1}(x)) = x.$\n\n     Next, let's check $f^{-1}(f(x))$:\n     $f^{-1}(f(x)) = f^{-1}((q \\circ p \\circ r)(x)) = f^{-1}(q(p(r(x)))) = (r^{-1} \\circ p^{-1} \\circ q^{-1})(q(p(r(x)))) = r^{-1}(p^{-1}(q^{-1}(q(p(r(x))))))$\n     Since $q^{-1} \\circ q = I,$ we have $q^{-1}(q(p(r(x)))) = p(r(x)).$\n     So, $r^{-1}(p^{-1}(q^{-1}(q(p(r(x)))))) = r^{-1}(p^{-1}(p(r(x)))).$\n     Since $p^{-1} \\circ p = I,$ we have $p^{-1}(p(r(x))) = r(x).$\n     So, $r^{-1}(p^{-1}(p(r(x)))) = r^{-1}(r(x)).$\n     Since $r^{-1} \\circ r = I,$ we have $r^{-1}(r(x)) = x.$\n     Thus, $f^{-1}(f(x)) = x.$\n\n   - Both conditions $f(f^{-1}(x)) = x$ and $f^{-1}(f(x)) = x$ are satisfied.\n   - Therefore, the correct expression for $f^{-1}$ is $r^{-1} \\circ p^{-1} \\circ q^{-1}.$\n\n4. **Final Answer**\n   The correct expression for $f^{-1}$ is $r^{-1} \\circ p^{-1} \\circ q^{-1},$ which corresponds to option C.\n\nFinal Answer: The final answer is $\\boxed{C}$",
    "metrics": {
        "length": 2811,
        "has_latex": true
    },
    "validation_response": null
}