{
    "problem": "Let $x$ and $y$ be two distinct positive real numbers.  We define three sequences $(A_n),$ $(G_n),$ and $(H_n)$ as follows.  First, $A_1,$ $G_1,$ and $H_1$ are the arithmetic mean, geometric mean, and harmonic mean of $x$ and $y,$ respectively.  Then for $n \\ge 2,$ $A_n,$ $G_n,$ $H_n$ are the arithmetic mean, geometric mean, and harmonic mean of $A_{n - 1}$ and $H_{n - 1},$ respectively.\n\nConsider the following statements:\n\n1. $A_1 > A_2 > A_3 > \\dotsb.$\n2. $A_1 = A_2 = A_3 = \\dotsb.$\n4. $A_1 < A_2 < A_3 < \\dotsb.$\n8. $G_1 > G_2 > G_3 > \\dotsb.$\n16. $G_1 = G_2 = G_3 = \\dotsb.$\n32. $G_1 < G_2 < G_3 < \\dotsb.$\n64. $H_1 > H_2 > H_3 > \\dotsb.$\n128. $H_1 = H_2 = H_3 = \\dotsb.$\n256. $H_1 < H_2 < H_3 < \\dotsb.$\n\n\nEnter the labels of the statements that must hold.  For example, if you think the statements labeled 2, 8, and 64 are true, enter $2 + 8 + 64 = 74.$",
    "solution": "## Solution\n\n1. **Problem Statement**\n   - Given two distinct positive real numbers $x$ and $y.$\n   - Define initial terms: $A_1 = \\frac{x+y}{2},$ $G_1 = \\sqrt{xy},$ $H_1 = \\frac{2xy}{x+y}.$\n   - Define recursive terms for $n \\ge 2$: $A_n = \\frac{A_{n-1} + H_{n-1}}{2},$ $G_n = \\sqrt{A_{n-1} H_{n-1}},$ $H_n = \\frac{2 A_{n-1} H_{n-1}}{A_{n-1} + H_{n-1}}.$\n   - Determine which of the statements 1, 2, 4, 8, 16, 32, 64, 128, 256 must hold.\n\n2. **Solution Strategy**\n   - Analyze the sequence $(G_n)$ first.\n   - Compare consecutive terms of $(A_n)$ and $(H_n)$ using AM-GM-HM inequalities and the recursive definitions.\n   - Determine the truth value of each statement and sum the labels of the true statements.\n\n3. **Step-by-Step Solution**\n   - **Sequence $(G_n)$:**\n     For $n \\ge 2,$ $G_n = \\sqrt{A_{n-1} H_{n-1}}.$\n     We compute $G_2 = \\sqrt{A_1 H_1} = \\sqrt{\\left(\\frac{x+y}{2}\\right) \\left(\\frac{2xy}{x+y}\\right)} = \\sqrt{xy} = G_1.$\n     Assume $G_n = G_1 = \\sqrt{xy}$ for some $n \\ge 1.$ Then $G_{n+1} = \\sqrt{A_n H_n}.$\n     We observe that $A_n H_n = \\left(\\frac{A_{n-1} + H_{n-1}}{2}\\right) \\left(\\frac{2 A_{n-1} H_{n-1}}{A_{n-1} + H_{n-1}}\\right) = A_{n-1} H_{n-1}.$\n     Therefore, $G_{n+1}^2 = A_n H_n = A_{n-1} H_{n-1} = G_n^2.$ Since $G_n > 0,$ $G_{n+1} = G_n.$\n     By induction, $G_n = G_1 = \\sqrt{xy}$ for all $n \\ge 1.$\n     Statement 16 is true: $G_1 = G_2 = G_3 = \\dotsb.$\n\n   - **Sequence $(A_n)$:**\n     We compare $A_{n-1}$ and $A_n.$\n     $A_{n-1} - A_n = A_{n-1} - \\frac{A_{n-1} + H_{n-1}}{2} = \\frac{A_{n-1} - H_{n-1}}{2}.$\n     For $n=1,$ $A_1 - H_1 = \\frac{x+y}{2} - \\frac{2xy}{x+y} = \\frac{(x+y)^2 - 4xy}{2(x+y)} = \\frac{(x-y)^2}{2(x+y)} > 0$ since $x \\neq y.$ So $A_1 > H_1.$\n     Assume $A_{n-1} > H_{n-1}.$ Then $A_{n-1} - A_n = \\frac{A_{n-1} - H_{n-1}}{2} > 0.$ So $A_{n-1} > A_n.$\n     By induction, $A_1 > A_2 > A_3 > \\dotsb.$\n     Statement 1 is true: $A_1 > A_2 > A_3 > \\dotsb.$\n\n   - **Sequence $(H_n)$:**\n     We compare $H_n$ and $H_{n-1}.$\n     $H_n - H_{n-1} = \\frac{2 A_{n-1} H_{n-1}}{A_{n-1} + H_{n-1}} - H_{n-1} = H_{n-1} \\left(\\frac{2 A_{n-1}}{A_{n-1} + H_{n-1}} - 1\\right) = H_{n-1} \\frac{A_{n-1} - H_{n-1}}{A_{n-1} + H_{n-1}}.$\n     Since $A_{n-1} > H_{n-1} > 0,$ $H_n - H_{n-1} > 0.$ So $H_n > H_{n-1}.$\n     Thus, $H_1 < H_2 < H_3 < \\dotsb.$\n     Statement 256 is true: $H_1 < H_2 < H_3 < \\dotsb.$\n\n4. **Final Answer**\n   The true statements are 1, 16, and 256. The sum of their labels is $1 + 16 + 256 = 273.$\n\nFinal Answer: The final answer is $\\boxed{273}$",
    "metrics": {
        "length": 3718,
        "has_latex": false
    },
    "validation_response": null
}