{
    "problem": "Let $x = \\sqrt{\\frac{\\sqrt{53}}{2} + \\frac{3}{2}}.$  There exist unique positive integers $a,$ $b,$ $c$ such that\n\\[x^{100} = 2x^{98} + 14x^{96} + 11x^{94} - x^{50} + ax^{46} + bx^{44} + cx^{40}.\\]Find $a + b + c.$",
    "solution": "**1. Problem Statement**\n\nGiven $x = \\sqrt{\\frac{\\sqrt{53}}{2} + \\frac{3}{2}},$ we are told there exist unique positive integers $a, b, c$ such that\n\\[x^{100} = 2x^{98} + 14x^{96} + 11x^{94} - x^{50} + ax^{46} + bx^{44} + cx^{40}.\\]\nWe need to find the value of $a+b+c.$\n\nKey variables: $x, a, b, c.$\nConstraints: $a, b, c$ are unique positive integers.\n\n**2. Solution Strategy**\n\nFirst, we need to find a polynomial equation that $x$ satisfies.\nFrom the definition of $x,$ we will derive a quartic equation in $x.$\nThen we will use this equation to reduce the powers of $x$ in the given equation.\nWe will simplify the equation $x^{100} = 2x^{98} + 14x^{96} + 11x^{94} - x^{50} + ax^{46} + bx^{44} + cx^{40}$ using the polynomial equation of $x.$\nWe will simplify $x^{100} - 2x^{98} - 14x^{96} - 11x^{94}$ and $x^{50}$ in terms of lower powers of $x.$\nWe will use the relation $x^4 = 3x^2 + 11.$\n\n**3. Step-by-Step Solution**\n\nFirst, we find a polynomial equation for $x.$\nGiven $x = \\sqrt{\\frac{\\sqrt{53}}{2} + \\frac{3}{2}},$ we square both sides to get\n$x^2 = \\frac{\\sqrt{53}}{2} + \\frac{3}{2} = \\frac{\\sqrt{53} + 3}{2}.$\n$2x^2 = \\sqrt{53} + 3.$\n$2x^2 - 3 = \\sqrt{53}.$\nSquaring both sides again, we get\n$(2x^2 - 3)^2 = (\\sqrt{53})^2.$\n$4x^4 - 12x^2 + 9 = 53.$\n$4x^4 - 12x^2 - 44 = 0.$\nDivide by 4: $x^4 - 3x^2 - 11 = 0.$\nThus, $x^4 = 3x^2 + 11.$\n\nNow, let's consider the expression $x^{100} - 2x^{98} - 14x^{96} - 11x^{94}.$\nFactor out $x^{94}:$\n$x^{94} (x^6 - 2x^4 - 14x^2 - 11).$\nWe compute $x^6$ using $x^4 = 3x^2 + 11.$\n$x^6 = x^2 \\cdot x^4 = x^2 (3x^2 + 11) = 3x^4 + 11x^2 = 3(3x^2 + 11) + 11x^2 = 9x^2 + 33 + 11x^2 = 20x^2 + 33.$\nSubstitute $x^6$ and $x^4$ into $x^6 - 2x^4 - 14x^2 - 11:$\n$(20x^2 + 33) - 2(3x^2 + 11) - 14x^2 - 11 = 20x^2 + 33 - 6x^2 - 22 - 14x^2 - 11 = (20 - 6 - 14)x^2 + (33 - 22 - 11) = 0x^2 + 0 = 0.$\nSo $x^{6} - 2x^{4} - 14x^{2} - 11 = 0.$\nTherefore, $x^{94} (x^6 - 2x^4 - 14x^2 - 11) = x^{94} \\cdot 0 = 0.$\nThe given equation becomes $0 = -x^{50} + ax^{46} + bx^{44} + cx^{40}.$\n$x^{50} = ax^{46} + bx^{44} + cx^{40}.$\nDivide by $x^{40}:$\n$x^{10} = ax^{6} + bx^{4} + c.$\nWe need to express $x^{10}$ in terms of $x^6, x^4$ and constant.\nWe have $x^4 = 3x^2 + 11$ and $x^6 = 20x^2 + 33.$\n$x^8 = x^4 \\cdot x^4 = (3x^2 + 11)^2 = 9x^4 + 66x^2 + 121 = 9(3x^2 + 11) + 66x^2 + 121 = 27x^2 + 99 + 66x^2 + 121 = 93x^2 + 220.$\n$x^{10} = x^2 \\cdot x^8 = x^2 (93x^2 + 220) = 93x^4 + 220x^2 = 93(3x^2 + 11) + 220x^2 = 279x^2 + 1023 + 220x^2 = 499x^2 + 1023.$\nWe have $x^{10} = ax^{6} + bx^{4} + c.$\n$499x^2 + 1023 = a(20x^2 + 33) + b(3x^2 + 11) + c = (20a + 3b)x^2 + (33a + 11b + c).$\nEquating the coefficients of $x^2$ and constant terms:\n$20a + 3b = 499.$\n$33a + 11b + c = 1023.$\nFrom $20a + 3b = 499,$ we have $3b = 499 - 20a,$ so $b = \\frac{499 - 20a}{3}.$\nFor $b$ to be a positive integer, $499 - 20a > 0$ and $499 - 20a \\equiv 0 \\pmod{3}.$\n$499 > 20a \\implies a < \\frac{499}{20} = 24.95.$ So $a \\le 24.$\n$499 - 20a \\equiv 1 - 2a \\equiv 0 \\pmod{3} \\implies 2a \\equiv 1 \\pmod{3} \\implies a \\equiv 2 \\pmod{3}.$\nPossible values for $a$ are $2, 5, 8, 11, 14, 17, 20, 23.$\nIf $a = 23,$ $b = \\frac{499 - 20 \\cdot 23}{3} = \\frac{499 - 460}{3} = \\frac{39}{3} = 13.$\nIf $a = 23, b = 13,$ then $c = 1023 - 33a - 11b = 1023 - 33(23) - 11(13) = 1023 - 759 - 143 = 121.$\n$a = 23, b = 13, c = 121$ are positive integers.\n$a+b+c = 23 + 13 + 121 = 157.$\n\n**4. Final Answer**\n\nFinal Answer: The final answer is $\\boxed{157}$",
    "metrics": {
        "length": 3430,
        "has_latex": true
    },
    "validation_response": null
}