{
    "problem": "Consider the largest solution to the equation \\[\\log_{10x^2} 10 + \\log_{100x^3} 10 = -2.\\]Find the value of $\\frac{1}{x^{12}},$ writing your answer in decimal representation.",
    "solution": "### Problem Statement\n- Solve the equation $\\log_{10x^2} 10 + \\log_{100x^3} 10 = -2$ for $x$.\n- Identify the largest solution for $x$.\n- Calculate the value of $\\frac{1}{x^{12}}$ for this largest solution.\n- Express the final answer in decimal representation.\n\n### Solution Strategy\n1. Use the change of base formula $\\log_a b = \\frac{\\log_c b}{\\log_c a}$ to rewrite the equation in terms of base 10 logarithm.\n2. Simplify the expressions using logarithm properties $\\log(ab) = \\log a + \\log b$ and $\\log a^n = n \\log a$.\n3. Substitute $y = \\log_{10} x$ to convert the equation into an algebraic equation in $y$.\n4. Solve the algebraic equation for $y$.\n5. Convert the solutions for $y$ back to solutions for $x$ using $x = 10^y$.\n6. Identify the largest solution for $x$.\n7. Calculate $\\frac{1}{x^{12}}$ for the largest solution and express it in decimal form.\n8. Verify the validity of the bases of the logarithms for the solutions obtained.\n\n### Step-by-Step Solution\n1. **Rewrite the equation using change of base formula:**\n   Using the change of base formula with base 10, we have:\n   \\[\\log_{10x^2} 10 = \\frac{\\log_{10} 10}{\\log_{10} (10x^2)} = \\frac{1}{\\log_{10} 10 + \\log_{10} x^2} = \\frac{1}{1 + 2\\log_{10} x}\\]\n   \\[\\log_{100x^3} 10 = \\frac{\\log_{10} 10}{\\log_{10} (100x^3)} = \\frac{1}{\\log_{10} 100 + \\log_{10} x^3} = \\frac{1}{2 + 3\\log_{10} x}\\]\n   Substituting these into the original equation, we get:\n   \\[\\frac{1}{1 + 2\\log_{10} x} + \\frac{1}{2 + 3\\log_{10} x} = -2\\]\n\n2. **Substitute $y = \\log_{10} x$:**\n   Let $y = \\log_{10} x$. The equation becomes:\n   \\[\\frac{1}{1 + 2y} + \\frac{1}{2 + 3y} = -2\\]\n\n3. **Solve for $y$:**\n   Combine the fractions on the left side:\n   \\[\\frac{(2 + 3y) + (1 + 2y)}{(1 + 2y)(2 + 3y)} = -2\\]\n   \\[\\frac{3 + 5y}{(1 + 2y)(2 + 3y)} = -2\\]\n   \\[3 + 5y = -2(1 + 2y)(2 + 3y)\\]\n   \\[3 + 5y = -2(2 + 3y + 4y + 6y^2)\\]\n   \\[3 + 5y = -2(2 + 7y + 6y^2)\\]\n   \\[3 + 5y = -4 - 14y - 12y^2\\]\n   \\[12y^2 + 14y + 5y + 3 + 4 = 0\\]\n   \\[12y^2 + 19y + 7 = 0\\]\n   Use the quadratic formula $y = \\frac{-b \\pm \\sqrt{b^2 - 4ac}}{2a}$ with $a=12, b=19, c=7$:\n   \\[y = \\frac{-19 \\pm \\sqrt{19^2 - 4 \\cdot 12 \\cdot 7}}{2 \\cdot 12} = \\frac{-19 \\pm \\sqrt{361 - 336}}{24} = \\frac{-19 \\pm \\sqrt{25}}{24} = \\frac{-19 \\pm 5}{24}\\]\n   Two solutions for $y$:\n   \\[y_1 = \\frac{-19 + 5}{24} = \\frac{-14}{24} = -\\frac{7}{12}\\]\n   \\[y_2 = \\frac{-19 - 5}{24} = \\frac{-24}{24} = -1\\]\n\n4. **Solve for $x$:**\n   Since $y = \\log_{10} x$, we have $x = 10^y$.\n   \\[x_1 = 10^{y_1} = 10^{-\\frac{7}{12}}\\]\n   \\[x_2 = 10^{y_2} = 10^{-1} = \\frac{1}{10}\\]\n\n5. **Identify the largest solution for $x$:**\n   Compare $x_1 = 10^{-\\frac{7}{12}}$ and $x_2 = 10^{-1}$. Since $-\\frac{7}{12} > -1$, we have $10^{-\\frac{7}{12}} > 10^{-1}$.\n   Thus, the largest solution is $x = 10^{-\\frac{7}{12}}$.\n\n6. **Calculate $\\frac{1}{x^{12}}$:**\n   \\[\\frac{1}{x^{12}} = \\frac{1}{(10^{-\\frac{7}{12}})^{12}} = \\frac{1}{10^{-\\frac{7}{12} \\cdot 12}} = \\frac{1}{10^{-7}} = 10^7\\]\n\n7. **Decimal representation:**\n   $10^7 = 10,000,000$.\n\n8. **Verification of logarithm bases:**\n   For $x = 10^{-\\frac{7}{12}}$:\n   $10x^2 = 10 \\cdot (10^{-\\frac{7}{12}})^2 = 10^{1 - \\frac{14}{12}} = 10^{-\\frac{2}{12}} = 10^{-\\frac{1}{6}} > 0$ and $10^{-\\frac{1}{6}} \\ne 1$.\n   $100x^3 = 10^2 \\cdot (10^{-\\frac{7}{12}})^3 = 10^{2 - \\frac{21}{12}} = 10^{\\frac{3}{12}} = 10^{\\frac{1}{4}} > 0$ and $10^{\\frac{1}{4}} \\ne 1$.\n   For $x = 10^{-1}$:\n   $10x^2 = 10 \\cdot (10^{-1})^2 = 10^{-1} = \\frac{1}{10} > 0$ and $\\frac{1}{10} \\ne 1$.\n   $100x^3 = 100 \\cdot (10^{-1})^3 = 10^{-1} = \\frac{1}{10} > 0$ and $\\frac{1}{10} \\ne 1$.\n   Both solutions are valid.\n\n### Final Answer\n\\boxed{10000000}",
    "metrics": {
        "length": 3640,
        "has_latex": true
    },
    "validation_response": null
}