{
    "problem": "Let\n\\[f(x) = \\sqrt{x(50 - x)} + \\sqrt{x(2 - x)}\\]for $0 \\le x \\le 2.$  Let $M$ be the maximum value of $f(x),$ and let $x = x_0$ be the point where the maximum value is attained.  Enter the ordered pair $(x_0,M).$",
    "solution": "### Problem Statement\nLet $f(x) = \\sqrt{x(50 - x)} + \\sqrt{x(2 - x)}$ for $0 \\le x \\le 2.$  Let $M$ be the maximum value of $f(x),$ and let $x = x_0$ be the point where the maximum value is attained.  Find the ordered pair $(x_0,M).$\nKey variables: $f(x)$, $M$, $x_0$.\nConstraint: $0 \\le x \\le 2.$\n\n### Solution Strategy\nTo find the maximum value of $f(x)$ on the interval $[0, 2]$, we will first find the critical points by computing the derivative $f'(x)$ and setting it to zero. Then we will evaluate $f(x)$ at the critical points and at the endpoints $x=0$ and $x=2$ to determine the maximum value $M$ and the corresponding $x_0$.\nWe will use the chain rule to find the derivative of $f(x)$.\n\n### Step-by-Step Solution\n1. **Compute the derivative $f'(x)$:**\n\\[f(x) = \\sqrt{x(50 - x)} + \\sqrt{x(2 - x)} = \\sqrt{50x - x^2} + \\sqrt{2x - x^2}\\]\n\\[f'(x) = \\frac{d}{dx} \\left( \\sqrt{50x - x^2} \\right) + \\frac{d}{dx} \\left( \\sqrt{2x - x^2} \\right)\\]\nUsing the chain rule, $\\frac{d}{dx} \\sqrt{u} = \\frac{1}{2\\sqrt{u}} \\frac{du}{dx}.$\nFor the first term, $u = 50x - x^2,$ so $\\frac{du}{dx} = 50 - 2x.$\nFor the second term, $v = 2x - x^2,$ so $\\frac{dv}{dx} = 2 - 2x.$\n\\[f'(x) = \\frac{1}{2\\sqrt{50x - x^2}} (50 - 2x) + \\frac{1}{2\\sqrt{2x - x^2}} (2 - 2x)\\]\n\\[f'(x) = \\frac{50 - 2x}{2\\sqrt{x(50 - x)}} + \\frac{2 - 2x}{2\\sqrt{x(2 - x)}} = \\frac{25 - x}{\\sqrt{x(50 - x)}} + \\frac{1 - x}{\\sqrt{x(2 - x)}}\\]\n\n2. **Set $f'(x) = 0$ and solve for $x$:**\n\\[\\frac{25 - x}{\\sqrt{x(50 - x)}} + \\frac{1 - x}{\\sqrt{x(2 - x)}} = 0\\]\n\\[\\frac{25 - x}{\\sqrt{x(50 - x)}} = - \\frac{1 - x}{\\sqrt{x(2 - x)}} = \\frac{x - 1}{\\sqrt{x(2 - x)}}\\]\nSquare both sides:\n\\[\\frac{(25 - x)^2}{x(50 - x)} = \\frac{(x - 1)^2}{x(2 - x)}\\]\nSince $x > 0$ in the domain where the derivative is defined, we can multiply both sides by $x$:\n\\[\\frac{(25 - x)^2}{50 - x} = \\frac{(x - 1)^2}{2 - x}\\]\nCross-multiply:\n\\[(25 - x)^2 (2 - x) = (x - 1)^2 (50 - x)\\]\n\\[(625 - 50x + x^2) (2 - x) = (x^2 - 2x + 1) (50 - x)\\]\n\\[1250 - 625x - 100x + 50x^2 + 2x^2 - x^3 = 50x^2 - x^3 - 100x + 2x^2 + 50 - x\\]\n\\[1250 - 725x + 52x^2 - x^3 = 52x^2 - x^3 - 101x + 50\\]\nCancel out $52x^2$ and $-x^3$ from both sides:\n\\[1250 - 725x = -101x + 50\\]\n\\[1250 - 50 = 725x - 101x\\]\n\\[1200 = 624x\\]\n\\[x = \\frac{1200}{624} = \\frac{100}{52} = \\frac{25}{13}\\]\nSo, $x_0 = \\frac{25}{13}.$  We need to check if $0 \\le x_0 \\le 2.$  Since $25 < 26 = 2 \\times 13,$ we have $x_0 = \\frac{25}{13} < 2.$  Also $x_0 > 0.$  So $x_0 = \\frac{25}{13}$ is in the interval $[0, 2].$\n\n3. **Evaluate $f(x)$ at critical point and endpoints:**\n$f(0) = \\sqrt{0(50 - 0)} + \\sqrt{0(2 - 0)} = 0.$\n$f(2) = \\sqrt{2(50 - 2)} + \\sqrt{2(2 - 2)} = \\sqrt{2(48)} + 0 = \\sqrt{96} = 4\\sqrt{6}.$\n$f(x_0) = f\\left(\\frac{25}{13}\\right) = \\sqrt{\\frac{25}{13}\\left(50 - \\frac{25}{13}\\right)} + \\sqrt{\\frac{25}{13}\\left(2 - \\frac{25}{13}\\right)}$\n$50 - \\frac{25}{13} = \\frac{50 \\times 13 - 25}{13} = \\frac{650 - 25}{13} = \\frac{625}{13}.$\n$2 - \\frac{25}{13} = \\frac{2 \\times 13 - 25}{13} = \\frac{26 - 25}{13} = \\frac{1}{13}.$\n$f\\left(\\frac{25}{13}\\right) = \\sqrt{\\frac{25}{13} \\cdot \\frac{625}{13}} + \\sqrt{\\frac{25}{13} \\cdot \\frac{1}{13}} = \\sqrt{\\frac{25 \\cdot 625}{13^2}} + \\sqrt{\\frac{25 \\cdot 1}{13^2}} = \\frac{\\sqrt{25 \\cdot 625}}{13} + \\frac{\\sqrt{25 \\cdot 1}}{13} = \\frac{5 \\cdot 25}{13} + \\frac{5 \\cdot 1}{13} = \\frac{125}{13} + \\frac{5}{13} = \\frac{130}{13} = 10.$\n\n4. **Compare values:**\n$f(0) = 0.$\n$f(2) = 4\\sqrt{6} = \\sqrt{96} \\approx 9.798.$\n$f\\left(\\frac{25}{13}\\right) = 10.$\nSince $10 > 4\\sqrt{6} > 0,$ the maximum value is $M = 10$ and it is attained at $x_0 = \\frac{25}{13}.$\n\n5. **Ordered pair $(x_0, M)$:**\n$(x_0, M) = \\left(\\frac{25}{13}, 10\\right).$\n\n### Final Answer\n1. **Problem Statement**\n   Let $f(x) = \\sqrt{x(50 - x)} + \\sqrt{x(2 - x)}$ for $0 \\le x \\le 2.$  Find the maximum value $M$ of $f(x),$ and the point $x = x_0$ where the maximum value is attained.  Enter the ordered pair $(x_0,M).$\n\n2. **Solution Strategy**\n   We will find the critical points of $f(x)$ by setting $f'(x) = 0.$  Then we will evaluate $f(x)$ at the critical points and the endpoints of the interval $[0, 2]$ to find the maximum value.\n\n3. **Step-by-Step Solution**\n   The derivative of $f(x)$ is\n   \\[f'(x) = \\frac{25 - x}{\\sqrt{x(50 - x)}} + \\frac{1 - x}{\\sqrt{x(2 - x)}}.\\]\n   Setting $f'(x) = 0,$ we get\n   \\[\\frac{25 - x}{\\sqrt{x(50 - x)}} = \\frac{x - 1}{\\sqrt{x(2 - x)}}.\\]\n   Squaring both sides and simplifying, we obtain $x = \\frac{25}{13}.$\n   We evaluate $f(x)$ at the critical point $x_0 = \\frac{25}{13}$ and the endpoints $x = 0$ and $x = 2.$\n   $f(0) = 0.$\n   $f(2) = \\sqrt{2(50 - 2)} + \\sqrt{2(2 - 2)} = \\sqrt{96} = 4\\sqrt{6}.$\n   $f\\left(\\frac{25}{13}\\right) = 10.$\n   Comparing the values, the maximum value is $M = 10$ attained at $x_0 = \\frac{25}{13}.$\n\n4. **Final Answer**\n   The ordered pair is $\\boxed{\\left(\\frac{25}{13}, 10\\right)}$",
    "metrics": {
        "length": 4842,
        "has_latex": true
    },
    "validation_response": null
}