{
    "problem": "The expressions \\[A=1 \\times 2 + 3 \\times 4 + 5 \\times 6 + \\cdots + 37 \\times 38 + 39\\]and \\[B = 1 + 2 \\times 3 + 4 \\times 5 + \\cdots + 36 \\times 37 + 38 \\times 39\\]are obtained by writing multiplication and addition operators in an alternating pattern between successive integers. Find the positive difference between integers $A$ and $B$.",
    "solution": "### Problem Statement\nThe problem asks us to calculate the positive difference between two integer expressions, $A$ and $B$.\nExpression $A$ is defined as $A=1 \\times 2 + 3 \\times 4 + 5 \\times 6 + \\cdots + 37 \\times 38 + 39$.\nExpression $B$ is defined as $B = 1 + 2 \\times 3 + 4 \\times 5 + \\cdots + 36 \\times 37 + 38 \\times 39$.\nWe need to find $|A - B|$.\n\n### Solution Strategy\nWe will first express expressions $A$ and $B$ in summation notation. Then we will find the difference $A-B$ by subtracting term by term in the summations and simplify the resulting expression. Finally, we will calculate the numerical value of $A-B$ and find its absolute value to get the positive difference.\n\n### Step-by-Step Solution\n1. **Express A in summation notation:**\nThe terms in A are of the form $(2k-1)(2k)$ for $k = 1, 2, 3, \\ldots$.\nFor $k=1$, $(2(1)-1)(2(1)) = 1 \\times 2$.\nFor $k=2$, $(2(2)-1)(2(2)) = 3 \\times 4$.\nFor $k=19$, $(2(19)-1)(2(19)) = 37 \\times 38$.\nSo the sum part of A can be written as $\\sum_{k=1}^{19} (2k-1)(2k)$.\nThus, $A = \\sum_{k=1}^{19} (2k-1)(2k) + 39$.\n\n2. **Express B in summation notation:**\nThe terms in B are of the form $(2k)(2k+1)$ for $k = 1, 2, 3, \\ldots$.\nFor $k=1$, $(2(1))(2(1)+1) = 2 \\times 3$.\nFor $k=2$, $(2(2))(2(2)+1) = 4 \\times 5$.\nFor $k=19$, $(2(19))(2(19)+1) = 38 \\times 39$.\nSo the sum part of B can be written as $\\sum_{k=1}^{19} (2k)(2k+1)$.\nThus, $B = 1 + \\sum_{k=1}^{19} (2k)(2k+1)$.\n\n3. **Calculate A - B:**\n$A - B = \\left( \\sum_{k=1}^{19} (2k-1)(2k) + 39 \\right) - \\left( 1 + \\sum_{k=1}^{19} (2k)(2k+1) \\right)$\n$A - B = \\sum_{k=1}^{19} (2k-1)(2k) + 39 - 1 - \\sum_{k=1}^{19} (2k)(2k+1)$\n$A - B = \\sum_{k=1}^{19} \\left[ (2k-1)(2k) - (2k)(2k+1) \\right] + 38$\n$A - B = \\sum_{k=1}^{19} \\left[ 2k((2k-1) - (2k+1)) \\right] + 38$\n$A - B = \\sum_{k=1}^{19} \\left[ 2k(2k-1 - 2k - 1) \\right] + 38$\n$A - B = \\sum_{k=1}^{19} \\left[ 2k(-2) \\right] + 38$\n$A - B = \\sum_{k=1}^{19} (-4k) + 38$\n$A - B = -4 \\sum_{k=1}^{19} k + 38$\n\n4. **Evaluate the sum $\\sum_{k=1}^{19} k$:**\nUsing the formula for the sum of the first $n$ integers, $\\sum_{k=1}^{n} k = \\frac{n(n+1)}{2}$, with $n=19$:\n$\\sum_{k=1}^{19} k = \\frac{19(19+1)}{2} = \\frac{19 \\times 20}{2} = 19 \\times 10 = 190$.\n\n5. **Substitute the sum back into the expression for A - B:**\n$A - B = -4 \\times 190 + 38$\n$A - B = -760 + 38$\n$A - B = -722$.\n\n6. **Find the positive difference:**\nThe positive difference between A and B is $|A - B| = |-722| = 722$.\n\n### Final Answer\nThe positive difference between integers $A$ and $B$ is $\\boxed{722}$",
    "metrics": {
        "length": 2522,
        "has_latex": true
    },
    "validation_response": null
}