{
    "problem": "Find the minimum value of\n\\[2x^2 + 2xy + y^2 - 2x + 2y + 4\\]over all real numbers $x$ and $y.$",
    "solution": "### 1. Problem Statement\nFind the minimum value of the expression $2x^2 + 2xy + y^2 - 2x + 2y + 4$, where $x$ and $y$ are real numbers.\nKey variables: $x, y \\in \\mathbb{R}$\nObjective: Minimize $f(x, y) = 2x^2 + 2xy + y^2 - 2x + 2y + 4$\n\n### 2. Solution Strategy\nWe will use the method of partial derivatives to find the critical points of the function $f(x, y)$. Then we will use the second derivative test to determine if these critical points correspond to a minimum, maximum, or saddle point. If we find a minimum, we will evaluate the function at that point to find the minimum value. Alternatively, we can complete the square to rewrite the expression in a form that reveals the minimum value.\n\nRelevant formulas/theorems:\n- Partial derivatives for finding critical points.\n- Second derivative test for classifying critical points using the Hessian matrix and its determinant.\n- Completing the square method for quadratic expressions.\n\n### 3. Step-by-Step Solution\n\n**Method 1: Using Partial Derivatives**\n\n1. **Find the first partial derivatives:**\n   We compute the partial derivatives of $f(x, y)$ with respect to $x$ and $y$:\n   \\[\\frac{\\partial f}{\\partial x} = \\frac{\\partial}{\\partial x} (2x^2 + 2xy + y^2 - 2x + 2y + 4) = 4x + 2y - 2\\]\n   \\[\\frac{\\partial f}{\\partial y} = \\frac{\\partial}{\\partial y} (2x^2 + 2xy + y^2 - 2x + 2y + 4) = 2x + 2y + 2\\]\n\n2. **Set the partial derivatives to zero and solve for $x$ and $y$:**\n   To find the critical points, we set both partial derivatives equal to zero:\n   \\[4x + 2y - 2 = 0 \\quad (1)\\]\n   \\[2x + 2y + 2 = 0 \\quad (2)\\]\n   From (1), we have $2x + y = 1$. From (2), we have $x + y = -1$.\n   Subtracting the second equation from the first equation:\n   $(2x + y) - (x + y) = 1 - (-1)$\n   $x = 2$\n   Substitute $x = 2$ into $x + y = -1$:\n   $2 + y = -1$\n   $y = -3$\n   The critical point is $(x, y) = (2, -3)$.\n\n3. **Second derivative test:**\n   We compute the second partial derivatives:\n   \\[\\frac{\\partial^2 f}{\\partial x^2} = 4\\]\n   \\[\\frac{\\partial^2 f}{\\partial y^2} = 2\\]\n   \\[\\frac{\\partial^2 f}{\\partial x \\partial y} = 2\\]\n   The determinant of the Hessian matrix $D = \\left(\\frac{\\partial^2 f}{\\partial x^2}\\right) \\left(\\frac{\\partial^2 f}{\\partial y^2}\\right) - \\left(\\frac{\\partial^2 f}{\\partial x \\partial y}\\right)^2 = (4)(2) - (2)^2 = 8 - 4 = 4$.\n   Since $D > 0$ and $\\frac{\\partial^2 f}{\\partial x^2} = 4 > 0$, the critical point $(2, -3)$ corresponds to a local minimum.\n\n4. **Minimum value:**\n   Evaluate $f(x, y)$ at $(2, -3)$:\n   $f(2, -3) = 2(2)^2 + 2(2)(-3) + (-3)^2 - 2(2) + 2(-3) + 4 = 8 - 12 + 9 - 4 - 6 + 4 = -1$.\n\n**Method 2: Completing the Square**\n\\begin{align*} f(x, y) &= 2x^2 + 2xy + y^2 - 2x + 2y + 4 \\\\ &= (x^2 + 2xy + y^2) + x^2 - 2x + 2y + 4 \\\\ &= (x+y)^2 + x^2 - 2x + 2y + 4 \\end{align*}\nLet $u = x+y$, then $y = u-x$. Substituting $y = u-x$ into the expression:\n\\begin{align*} f(x, u) &= u^2 + x^2 - 2x + 2(u-x) + 4 \\\\ &= u^2 + x^2 - 2x + 2u - 2x + 4 \\\\ &= u^2 + 2u + x^2 - 4x + 4 \\\\ &= (u^2 + 2u + 1) - 1 + (x^2 - 4x + 4) \\\\ &= (u+1)^2 + (x-2)^2 - 1 \\end{align*}\nSubstitute back $u = x+y$:\n\\[f(x, y) = (x+y+1)^2 + (x-2)^2 - 1\\]\nSince $(x+y+1)^2 \\ge 0$ and $(x-2)^2 \\ge 0$, the minimum value occurs when $(x+y+1)^2 = 0$ and $(x-2)^2 = 0$.\nThis happens when $x-2 = 0 \\Rightarrow x = 2$ and $x+y+1 = 0 \\Rightarrow 2+y+1 = 0 \\Rightarrow y = -3$.\nThe minimum value is $0 + 0 - 1 = -1$.\n\n### 4. Final Answer\nThe minimum value of the expression is $\\boxed{-1}$.\n\nVerification:\nAt $x=2, y=-3$, $f(2, -3) = 2(2)^2 + 2(2)(-3) + (-3)^2 - 2(2) + 2(-3) + 4 = 8 - 12 + 9 - 4 - 6 + 4 = -1$.\nThe result from both methods agree, and the quadratic form is positive definite, ensuring a minimum exists.",
    "metrics": {
        "length": 3680,
        "has_latex": true
    },
    "validation_response": null
}