{
    "problem": "Suppose that a parabola has vertex $\\left(\\frac{1}{4},-\\frac{9}{8}\\right)$ and equation $y = ax^2 + bx + c$, where $a > 0$ and $a + b + c$ is an integer.  Find the smallest possible value of $a.$",
    "solution": "### 1. Problem Statement\n- **Rewrite the problem:** Find the smallest possible value of $a$ for a parabola given in the form $y = ax^2 + bx + c$, where $a > 0$, the vertex is $\\left(\\frac{1}{4},-\\frac{9}{8}\\right)$, and the sum of the coefficients $a + b + c$ is an integer.\n\n- **Key variables and constraints:**\n    - Parabola equation: $y = ax^2 + bx + c$\n    - Vertex: $\\left(\\frac{1}{4},-\\frac{9}{8}\\right)$\n    - Constraint on $a$: $a > 0$\n    - Constraint on $a+b+c$: $a+b+c \\in \\mathbb{Z}$ (integer)\n    - Objective: Minimize $a$\n\n### 2. Solution Strategy\n- Use the vertex form of a parabola to express $b$ and $c$ in terms of $a$.\n- Use the condition that $a + b + c$ is an integer to set up an equation involving $a$ and an integer.\n- Solve for $a$ in terms of the integer and find the smallest positive value of $a$.\n\n- **Relevant formulas/theorems:**\n    - Vertex form of a parabola: $y = a(x-h)^2 + k$, where $(h, k)$ is the vertex.\n    - Standard form of a parabola: $y = ax^2 + bx + c$.\n    - Relationship between vertex form and standard form.\n    - Vertex x-coordinate formula: $h = -\\frac{b}{2a}$.\n\n### 3. Step-by-Step Solution\n- **Step 1: Use vertex form**\n   The vertex form of the parabola is $y = a(x-h)^2 + k$. Given vertex $(h, k) = \\left(\\frac{1}{4},-\\frac{9}{8}\\right)$, we have:\n   $y = a\\left(x - \\frac{1}{4}\\right)^2 - \\frac{9}{8}$\n\n- **Step 2: Expand to standard form**\n   Expand the vertex form to get the standard form $y = ax^2 + bx + c$:\n   $y = a\\left(x^2 - \\frac{1}{2}x + \\frac{1}{16}\\right) - \\frac{9}{8}$\n   $y = ax^2 - \\frac{1}{2}ax + \\frac{1}{16}a - \\frac{9}{8}$\n   Comparing this with $y = ax^2 + bx + c$, we identify:\n   $b = -\\frac{1}{2}a$\n   $c = \\frac{1}{16}a - \\frac{9}{8}$\n\n- **Step 3: Use the integer condition for $a+b+c$**\n   We are given that $a + b + c$ is an integer. Substitute the expressions for $b$ and $c$ in terms of $a$:\n   $a + b + c = a + \\left(-\\frac{1}{2}a\\right) + \\left(\\frac{1}{16}a - \\frac{9}{8}\\right)$\n   $a + b + c = \\left(1 - \\frac{1}{2} + \\frac{1}{16}\\right)a - \\frac{9}{8}$\n   $a + b + c = \\left(\\frac{16}{16} - \\frac{8}{16} + \\frac{1}{16}\\right)a - \\frac{9}{8}$\n   $a + b + c = \\frac{9}{16}a - \\frac{9}{8}$\n   Let $K = a + b + c$, where $K$ is an integer. Then:\n   $K = \\frac{9}{16}a - \\frac{9}{8}$\n\n- **Step 4: Solve for $a$ in terms of $K$**\n   Solve the equation for $a$:\n   $K + \\frac{9}{8} = \\frac{9}{16}a$\n   $a = \\frac{16}{9} \\left(K + \\frac{9}{8}\\right)$\n   $a = \\frac{16}{9}K + \\frac{16}{9} \\cdot \\frac{9}{8}$\n   $a = \\frac{16}{9}K + 2$\n\n- **Step 5: Find the smallest positive value of $a$**\n   We want to minimize $a$ with the condition $a > 0$. Since $a = \\frac{16}{9}K + 2$ is an increasing function of $K$, we need to find the smallest integer $K$ such that $a > 0$.\n   $\\frac{16}{9}K + 2 > 0$\n   $\\frac{16}{9}K > -2$\n   $16K > -18$\n   $K > -\\frac{18}{16} = -\\frac{9}{8} = -1.125$\n   The smallest integer $K$ that satisfies $K > -1.125$ is $K = -1$.\n   Substitute $K = -1$ into the equation for $a$:\n   $a = \\frac{16}{9}(-1) + 2 = -\\frac{16}{9} + 2 = -\\frac{16}{9} + \\frac{18}{9} = \\frac{2}{9}$\n\n- **Step 6: Verify the solution**\n   For $a = \\frac{2}{9}$, we have $a > 0$.\n   $b = -\\frac{1}{2}a = -\\frac{1}{2} \\cdot \\frac{2}{9} = -\\frac{1}{9}$\n   $c = \\frac{1}{16}a - \\frac{9}{8} = \\frac{1}{16} \\cdot \\frac{2}{9} - \\frac{9}{8} = \\frac{1}{72} - \\frac{9}{8} = \\frac{1 - 81}{72} = -\\frac{80}{72} = -\\frac{10}{9}$\n   $a + b + c = \\frac{2}{9} - \\frac{1}{9} - \\frac{10}{9} = \\frac{2 - 1 - 10}{9} = \\frac{-9}{9} = -1$, which is an integer.\n   The vertex x-coordinate is $h = -\\frac{b}{2a} = -\\frac{-\\frac{1}{9}}{2 \\cdot \\frac{2}{9}} = \\frac{1/9}{4/9} = \\frac{1}{4}$.\n   The vertex y-coordinate is $k = a\\left(\\frac{1}{4} - \\frac{1}{4}\\right)^2 - \\frac{9}{8} = -\\frac{9}{8}$.\n   The vertex is indeed $\\left(\\frac{1}{4},-\\frac{9}{8}\\right)$.\n\n### 4. Final Answer\nThe smallest possible value of $a$ is $\\boxed{\\frac{2}{9}}$",
    "metrics": {
        "length": 3900,
        "has_latex": true
    },
    "validation_response": null
}