{
    "problem": "Let $x_1,$ $x_2,$ $x_3,$ $x_4,$ $x_5$ be the roots of the polynomial $f(x) = x^5 + x^2 + 1,$ and let $g(x) = x^2 - 2.$  Find\n\\[g(x_1) g(x_2) g(x_3) g(x_4) g(x_5).\\]",
    "solution": "## Problem Statement\nLet $x_1,$ $x_2,$ $x_3,$ $x_4,$ $x_5$ be the roots of the polynomial $f(x) = x^5 + x^2 + 1.$ Let $g(x) = x^2 - 2.$ We need to find the value of the product $g(x_1) g(x_2) g(x_3) g(x_4) g(x_5).$\n\n- **Given polynomial:** $f(x) = x^5 + x^2 + 1$\n- **Roots of $f(x)$:** $x_1, x_2, x_3, x_4, x_5$\n- **Function:** $g(x) = x^2 - 2$\n- **Objective:** Calculate $\\prod_{i=1}^5 g(x_i) = g(x_1) g(x_2) g(x_3) g(x_4) g(x_5)$\n\n## Solution Strategy\nWe need to find the product of $g(x_i)$ for all roots $x_i$ of $f(x).$ We can use the property that if $x_1, x_2, \\dots, x_n$ are roots of a polynomial $f(x),$ then $f(x) = \\prod_{i=1}^n (x - x_i).$ We want to find $\\prod_{i=1}^5 g(x_i) = \\prod_{i=1}^5 (x_i^2 - 2).$\nWe can rewrite $x_i^2 - 2 = (x_i - \\sqrt{2}) (x_i + \\sqrt{2}).$\nTherefore, $\\prod_{i=1}^5 g(x_i) = \\prod_{i=1}^5 (x_i - \\sqrt{2}) (x_i + \\sqrt{2}) = \\left( \\prod_{i=1}^5 (x_i - \\sqrt{2}) \\right) \\left( \\prod_{i=1}^5 (x_i + \\sqrt{2}) \\right).$\nWe know that for a polynomial $f(x) = x^5 + x^2 + 1 = \\prod_{i=1}^5 (x - x_i),$ we have $\\prod_{i=1}^5 (r - x_i) = (-1)^5 f(r) = -f(r).$\nSo $\\prod_{i=1}^5 (x_i - \\sqrt{2}) = (-1)^5 \\prod_{i=1}^5 (\\sqrt{2} - x_i) = -f(\\sqrt{2}).$\nAnd $\\prod_{i=1}^5 (x_i + \\sqrt{2}) = \\prod_{i=1}^5 (x_i - (-\\sqrt{2})) = (-1)^5 \\prod_{i=1}^5 (-\\sqrt{2} - x_i) = -f(-\\sqrt{2}).$\nThus, $\\prod_{i=1}^5 g(x_i) = (-f(\\sqrt{2})) (-f(-\\sqrt{2})) = f(\\sqrt{2}) f(-\\sqrt{2}).$\n\n## Step-by-Step Solution\n1. **Evaluate $f(\\sqrt{2})$:**\n   \\[f(\\sqrt{2}) = (\\sqrt{2})^5 + (\\sqrt{2})^2 + 1 = 2^{5/2} + 2 + 1 = 2^2 \\sqrt{2} + 3 = 4\\sqrt{2} + 3 = 3 + 4\\sqrt{2}.\\]\n\n2. **Evaluate $f(-\\sqrt{2})$:**\n   \\[f(-\\sqrt{2}) = (-\\sqrt{2})^5 + (-\\sqrt{2})^2 + 1 = -( \\sqrt{2})^5 + 2 + 1 = -2^{5/2} + 3 = -4\\sqrt{2} + 3 = 3 - 4\\sqrt{2}.\\]\n\n3. **Calculate the product $f(\\sqrt{2}) f(-\\sqrt{2})$:**\n   \\[f(\\sqrt{2}) f(-\\sqrt{2}) = (3 + 4\\sqrt{2}) (3 - 4\\sqrt{2}).\\]\n   This is in the form $(a+b)(a-b) = a^2 - b^2,$ where $a=3$ and $b=4\\sqrt{2}.$\n   \\[f(\\sqrt{2}) f(-\\sqrt{2}) = 3^2 - (4\\sqrt{2})^2 = 9 - (16 \\cdot 2) = 9 - 32 = -23.\\]\n\n4. **Therefore, the product of $g(x_i)$ is:**\n   \\[\\prod_{i=1}^5 g(x_i) = f(\\sqrt{2}) f(-\\sqrt{2}) = -23.\\]\n\n## Final Answer\nFinal Answer: The final answer is $\\boxed{-23}$",
    "metrics": {
        "length": 2224,
        "has_latex": true
    },
    "validation_response": null
}