{
    "problem": "Let $a,$ $b,$ $c,$ be nonzero real numbers such that $a + b + c = 0.$  Find all possible values of\n\\[\\frac{a^2 b^2}{(a^2 - bc)(b^2 - ac)} + \\frac{a^2 c^2}{(a^2 - bc)(c^2 - ab)} + \\frac{b^2 c^2}{(b^2 - ac)(c^2 - ab)}.\\]Enter all possible values, separated by commas.",
    "solution": "### Problem:\nLet $a,$ $b,$ $c,$ be nonzero real numbers such that $a + b + c = 0.$  Find all possible values of\n\\[\\frac{a^2 b^2}{(a^2 - bc)(b^2 - ac)} + \\frac{a^2 c^2}{(a^2 - bc)(c^2 - ab)} + \\frac{b^2 c^2}{(b^2 - ac)(c^2 - ab)}.\\]\n\n### Solution:\nGiven $a+b+c=0,$ we can express $c = -(a+b).$  Let's simplify the denominators of the given expression.\n\\begin{align*} a^2 - bc &= a^2 - b(-(a+b)) = a^2 + ab + b^2 \\\\ b^2 - ac &= b^2 - a(-(a+b)) = b^2 + a^2 + ab = a^2 + ab + b^2 \\\\ c^2 - ab &= (-(a+b))^2 - ab = (a+b)^2 - ab = a^2 + 2ab + b^2 - ab = a^2 + ab + b^2 \\end{align*}\nWe observe that all three denominators are equal to $a^2 + ab + b^2.$  Let $D = a^2 + ab + b^2.$  Then the expression becomes\n\\[\\frac{a^2 b^2}{D \\cdot D} + \\frac{a^2 c^2}{D \\cdot D} + \\frac{b^2 c^2}{D \\cdot D} = \\frac{a^2 b^2 + a^2 c^2 + b^2 c^2}{D^2} = \\frac{a^2 b^2 + a^2 c^2 + b^2 c^2}{(a^2 + ab + b^2)^2}.\\]\nNow we consider the numerator $a^2 b^2 + a^2 c^2 + b^2 c^2.$  We know that\n\\[(ab+ac+bc)^2 = (ab)^2 + (ac)^2 + (bc)^2 + 2(ab)(ac) + 2(ab)(bc) + 2(ac)(bc)\\]\n\\[= a^2 b^2 + a^2 c^2 + b^2 c^2 + 2a^2 bc + 2ab^2 c + 2abc^2\\]\n\\[= a^2 b^2 + a^2 c^2 + b^2 c^2 + 2abc(a+b+c).\\]\nSince $a+b+c=0,$ we have\n\\[(ab+ac+bc)^2 = a^2 b^2 + a^2 c^2 + b^2 c^2.\\]\nThus, the numerator is $(ab+ac+bc)^2.$  Now we simplify $ab+ac+bc$ using $c = -(a+b).$\n\\[ab+ac+bc = ab + a(-(a+b)) + b(-(a+b)) = ab - a(a+b) - b(a+b) = ab - (a+b)(a+b) = ab - (a+b)^2\\]\n\\[= ab - (a^2 + 2ab + b^2) = ab - a^2 - 2ab - b^2 = -a^2 - ab - b^2 = -(a^2 + ab + b^2).\\]\nTherefore, $(ab+ac+bc)^2 = (-(a^2 + ab + b^2))^2 = (a^2 + ab + b^2)^2.$\nThe expression becomes\n\\[\\frac{(a^2 + ab + b^2)^2}{(a^2 + ab + b^2)^2} = 1.\\]\nWe need to ensure that $a^2 + ab + b^2 \\neq 0.$  Consider $a^2 + ab + b^2 = 0.$  We can write this as a quadratic in $a$: $a^2 + ba + b^2 = 0.$  The discriminant is $b^2 - 4(1)(b^2) = -3b^2.$  For real solutions for $a,$ we need the discriminant to be non-negative, i.e., $-3b^2 \\ge 0.$  This is only possible if $b=0.$  If $b=0,$ then $a^2 = 0,$ so $a=0.$  But $a, b, c$ are nonzero real numbers.  Thus $a^2 + ab + b^2 \\neq 0.$\nTherefore, the value of the expression is always $1.$\n\nFinal Answer: The final answer is $\\boxed{1}$",
    "metrics": {
        "length": 2182,
        "has_latex": true
    },
    "validation_response": null
}