{
    "problem": "Let $f$ be a non-constant polynomial such that\n\\[f(x - 1) + f(x) + f(x + 1) = \\frac{[f(x)]^2}{2013x}\\]for all nonzero real numbers $x.$  Find the sum of all possible values of $f(1).$",
    "solution": "### Problem Statement\nLet $f$ be a non-constant polynomial such that\n\\[f(x - 1) + f(x) + f(x + 1) = \\frac{[f(x)]^2}{2013x}\\]for all nonzero real numbers $x.$  Find the sum of all possible values of $f(1).$\n\nKey variables: $f(x)$ is a non-constant polynomial.\nConstraint: $f(x - 1) + f(x) + f(x + 1) = \\frac{[f(x)]^2}{2013x}$ for all nonzero real numbers $x.$\nGoal: Find the sum of all possible values of $f(1).$\n\n### Solution Strategy\n1. Determine the degree of the polynomial $f(x)$ by comparing the degrees of both sides of the equation.\n2. Based on the degree, assume a general form for $f(x)$.\n3. Substitute the general form into the equation and solve for the coefficients.\n4. Find the possible values of $f(1)$ and calculate their sum.\n\n### Step-by-Step Solution\n1. **Degree of the polynomial:**\nLet $n$ be the degree of the polynomial $f(x).$\nThe degree of $f(x-1)$, $f(x)$, and $f(x+1)$ is also $n.$\nThe degree of $f(x-1) + f(x) + f(x+1)$ is at most $n.$ For $n \\ge 1,$ the degree is exactly $n.$\nThe degree of $[f(x)]^2$ is $2n.$\nThe degree of $\\frac{[f(x)]^2}{2013x}$ is $2n - 1.$\nEquating the degrees of both sides, we have $n = 2n - 1,$ which implies $n = 1.$\nThus, $f(x)$ is a linear polynomial.\n\n2. **General form of $f(x)$:**\nLet $f(x) = ax + b,$ where $a \\ne 0$ because $f$ is non-constant.\n\n3. **Substitute into the equation and solve for coefficients:**\nSubstitute $f(x) = ax + b$ into the given equation:\n$f(x - 1) = a(x - 1) + b = ax - a + b$\n$f(x) = ax + b$\n$f(x + 1) = a(x + 1) + b = ax + a + b$\n$f(x - 1) + f(x) + f(x + 1) = (ax - a + b) + (ax + b) + (ax + a + b) = 3ax + 3b = 3(ax + b) = 3f(x).$\nSo the equation becomes $3f(x) = \\frac{[f(x)]^2}{2013x}.$\nSubstitute $f(x) = ax + b$:\n$3(ax + b) = \\frac{(ax + b)^2}{2013x}$\n$3(ax + b) = \\frac{a^2x^2 + 2abx + b^2}{2013x}$\nMultiply both sides by $2013x$ (for $x \\ne 0$):\n$3(ax + b) \\cdot 2013x = a^2x^2 + 2abx + b^2$\n$6039x(ax + b) = a^2x^2 + 2abx + b^2$\n$6039ax^2 + 6039bx = a^2x^2 + 2abx + b^2$\n$(a^2 - 6039a)x^2 + (2ab - 6039b)x + b^2 = 0$\nFor this equation to hold for all nonzero real numbers $x,$ and since it is a polynomial equation, it must hold for all real numbers $x.$ For a polynomial to be identically zero, all coefficients must be zero.\nCoefficient of $x^2$: $a^2 - 6039a = 0 \\implies a(a - 6039) = 0.$ Since $a \\ne 0,$ we have $a = 6039.$\nConstant term: $b^2 = 0 \\implies b = 0.$\nCoefficient of $x$: $2ab - 6039b = 0.$ If $b = 0,$ this is $0 = 0,$ which is consistent.\nSo we have $a = 6039$ and $b = 0.$\nThus $f(x) = 6039x.$\n\n4. **Find the sum of possible values of $f(1)$:**\nWe have found only one possible polynomial $f(x) = 6039x.$\nThen $f(1) = 6039 \\cdot 1 = 6039.$\nThe sum of all possible values of $f(1)$ is $6039.$\n\nVerify the solution $f(x) = 6039x$:\n$f(x - 1) + f(x) + f(x + 1) = 6039(x - 1) + 6039x + 6039(x + 1) = 6039(x - 1 + x + x + 1) = 6039(3x) = 18117x.$\n$\\frac{[f(x)]^2}{2013x} = \\frac{(6039x)^2}{2013x} = \\frac{6039^2 x^2}{2013x} = \\frac{(3 \\cdot 2013)^2 x^2}{2013x} = \\frac{9 \\cdot 2013^2 x^2}{2013x} = 9 \\cdot 2013 x = 18117x.$\nLHS = RHS. The condition is satisfied.\n\nFinal Answer: The final answer is $\\boxed{6039}$",
    "metrics": {
        "length": 3123,
        "has_latex": true
    },
    "validation_response": null
}