{
    "problem": "Solve for $x$: $$\\log_2 \\frac{3x+9}{5x-3} +\\log_2\\frac{5x-3}{x-2}=2$$",
    "solution": "### Problem Statement\nSolve for $x$ in the equation:\n$$\\log_2 \\frac{3x+9}{5x-3} +\\log_2\\frac{5x-3}{x-2}=2$$\nThe key variable is $x$. We need to find the value(s) of $x$ that satisfy this equation. We must also ensure that the arguments of the logarithms are positive for the solution to be valid.\n\n### Solution Strategy\n1. **Determine the domain**: Find the values of $x$ for which the arguments of both logarithms are positive.\n2. **Simplify the equation**: Use logarithm properties to combine the terms on the left side of the equation.\n3. **Solve for x**: Convert the logarithmic equation to an algebraic equation and solve for $x$.\n4. **Verify the solution**: Check if the solution lies within the domain determined in step 1 and satisfies the original equation.\n\nRelevant formulas/theorems:\n- Logarithm property: $\\log_b M + \\log_b N = \\log_b (MN)$\n- Definition of logarithm: if $\\log_b y = c$, then $y = b^c$\n\n### Step-by-Step Solution\n1. **Determine the domain**:\nFor $\\log_2 \\frac{3x+9}{5x-3}$ to be defined, we need $\\frac{3x+9}{5x-3} > 0$.\nFor $\\log_2 \\frac{5x-3}{x-2}$ to be defined, we need $\\frac{5x-3}{x-2} > 0$.\n\nFor $\\frac{3x+9}{5x-3} > 0$:\nCritical points are $x=-3$ and $x=\\frac{3}{5}$.\n- If $x < -3$, then $3x+9 < 0$ and $5x-3 < 0$, so $\\frac{3x+9}{5x-3} > 0$.\n- If $-3 < x < \\frac{3}{5}$, then $3x+9 > 0$ and $5x-3 < 0$, so $\\frac{3x+9}{5x-3} < 0$.\n- If $x > \\frac{3}{5}$, then $3x+9 > 0$ and $5x-3 > 0$, so $\\frac{3x+9}{5x-3} > 0$.\nThus, $\\frac{3x+9}{5x-3} > 0$ when $x \\in (-\\infty, -3) \\cup (\\frac{3}{5}, \\infty)$.\n\nFor $\\frac{5x-3}{x-2} > 0$:\nCritical points are $x=\\frac{3}{5}$ and $x=2$.\n- If $x < \\frac{3}{5}$, then $5x-3 < 0$ and $x-2 < 0$, so $\\frac{5x-3}{x-2} > 0$.\n- If $\\frac{3}{5} < x < 2$, then $5x-3 > 0$ and $x-2 < 0$, so $\\frac{5x-3}{x-2} < 0$.\n- If $x > 2$, then $5x-3 > 0$ and $x-2 > 0$, so $\\frac{5x-3}{x-2} > 0$.\nThus, $\\frac{5x-3}{x-2} > 0$ when $x \\in (-\\infty, \\frac{3}{5}) \\cup (2, \\infty)$.\n\nThe domain of the equation is the intersection of these two sets:\n$[(-\\infty, -3) \\cup (\\frac{3}{5}, \\infty)] \\cap [(-\\infty, \\frac{3}{5}) \\cup (2, \\infty)] = (-\\infty, -3) \\cup (2, \\infty)$.\n\n2. **Simplify the equation**:\nUsing the logarithm property $\\log_b M + \\log_b N = \\log_b (MN)$:\n$$\\log_2 \\left( \\frac{3x+9}{5x-3} \\cdot \\frac{5x-3}{x-2} \\right) = 2$$\n$$\\log_2 \\left( \\frac{3x+9}{x-2} \\right) = 2$$\nWe cancelled out $(5x-3)$ in the numerator and denominator, assuming $5x-3 \\neq 0$, i.e., $x \\neq \\frac{3}{5}$, which is consistent with the domain.\n\n3. **Solve for x**:\nUsing the definition of logarithm: if $\\log_b y = c$, then $y = b^c$.\n$$\\frac{3x+9}{x-2} = 2^2 = 4$$\n$$3x+9 = 4(x-2)$$\n$$3x+9 = 4x-8$$\n$$9+8 = 4x-3x$$\n$$17 = x$$\n\n4. **Verify the solution**:\nCheck if $x=17$ is in the domain $(-\\infty, -3) \\cup (2, \\infty)$. Yes, $17 > 2$, so $x=17$ is in the domain.\nSubstitute $x=17$ into the original equation:\n$$\\log_2 \\frac{3(17)+9}{5(17)-3} +\\log_2\\frac{5(17)-3}{17-2} = \\log_2 \\frac{51+9}{85-3} +\\log_2\\frac{85-3}{15} = \\log_2 \\frac{60}{82} +\\log_2\\frac{82}{15}$$\n$$= \\log_2 \\left( \\frac{60}{82} \\cdot \\frac{82}{15} \\right) = \\log_2 \\frac{60}{15} = \\log_2 4 = \\log_2 2^2 = 2$$\nThe solution is verified.\n\n### Final Answer\n1. **Problem Statement**\n   Solve for $x$:\n   $$\\log_2 \\frac{3x+9}{5x-3} +\\log_2\\frac{5x-3}{x-2}=2$$\n\n2. **Solution Strategy**\n   We will first determine the domain of the equation by ensuring the arguments of the logarithms are positive. Then, we will use logarithm properties to simplify the equation and solve for $x$. Finally, we will verify if the solution is within the domain and satisfies the original equation.\n\n3. **Step-by-Step Solution**\n   - **Domain Determination**:\n     For $\\log_2 \\frac{3x+9}{5x-3}$ to be defined, $\\frac{3x+9}{5x-3} > 0$, which implies $x \\in (-\\infty, -3) \\cup (\\frac{3}{5}, \\infty)$.\n     For $\\log_2 \\frac{5x-3}{x-2}$ to be defined, $\\frac{5x-3}{x-2} > 0$, which implies $x \\in (-\\infty, \\frac{3}{5}) \\cup (2, \\infty)$.\n     The domain is the intersection of these two sets: $x \\in (-\\infty, -3) \\cup (2, \\infty)$.\n   - **Equation Simplification**:\n     Using the logarithm property $\\log_b M + \\log_b N = \\log_b (MN)$:\n     $$\\log_2 \\left( \\frac{3x+9}{5x-3} \\cdot \\frac{5x-3}{x-2} \\right) = 2$$\n     $$\\log_2 \\left( \\frac{3x+9}{x-2} \\right) = 2$$\n   - **Solving for x**:\n     Using the definition of logarithm: $\\frac{3x+9}{x-2} = 2^2 = 4$\n     $$3x+9 = 4(x-2)$$\n     $$3x+9 = 4x-8$$\n     $$x = 17$$\n   - **Verification**:\n     $x=17$ is in the domain $(-\\infty, -3) \\cup (2, \\infty)$.\n     Substituting $x=17$ into the original equation confirms that it is a valid solution.\n\n4. **Final Answer**\n   \\boxed{17}",
    "metrics": {
        "length": 4625,
        "has_latex": true
    },
    "validation_response": null
}