{
    "problem": "The function $f(x)$ satisfies\n\\[f(2^x) + xf(2^{-x}) = 1\\]for all real numbers $x.$  Find $f(2).$",
    "solution": "## Problem Statement\n1. **Problem Statement:**\nThe function $f(x)$ satisfies the equation $f(2^x) + xf(2^{-x}) = 1$ for all real numbers $x$. We are asked to find the value of $f(2).$\n\n2. **Key Variables and Constraints:**\n- The variable is a function $f(x)$.\n- The equation $f(2^x) + xf(2^{-x}) = 1$ holds for all real numbers $x$.\n- We need to find the specific value of $f(2).$\n\n## Solution Strategy\n1. **Substitution:** We will substitute specific values of $x$ into the given functional equation to create a system of equations that can be solved for $f(2)$.\n2. **Choose appropriate values for x:** To directly involve $f(2)$ in the equation, we should choose $x$ such that $2^x = 2$ or $2^{-x} = 2$.\n   - If $2^x = 2$, then $x = 1$.\n   - If $2^{-x} = 2$, then $-x = 1$, so $x = -1$.\n3. **Form a system of linear equations:** By substituting $x=1$ and $x=-1$ into the functional equation, we will obtain two linear equations with $f(2)$ and $f(2^{-1})$ as variables.\n4. **Solve the system of equations:** We will solve the system of linear equations to find the value of $f(2).$\n\n## Step-by-Step Solution\n1. **Substitute $x=1$ into the functional equation:**\n   Given equation: $f(2^x) + xf(2^{-x}) = 1$\n   Substitute $x=1$:\n   $f(2^1) + 1 \\cdot f(2^{-1}) = 1$\n   $f(2) + f(2^{-1}) = 1$  (Equation 1)\n\n2. **Substitute $x=-1$ into the functional equation:**\n   Given equation: $f(2^x) + xf(2^{-x}) = 1$\n   Substitute $x=-1$:\n   $f(2^{-1}) + (-1) \\cdot f(2^{-(-1)}) = 1$\n   $f(2^{-1}) - f(2^{1}) = 1$\n   $f(2^{-1}) - f(2) = 1$  (Equation 2)\n\n3. **System of linear equations:**\n   We now have a system of two linear equations:\n   Equation 1: $f(2) + f(2^{-1}) = 1$\n   Equation 2: $f(2^{-1}) - f(2) = 1$\n\n4. **Solve for $f(2)$:**\n   Let $A = f(2)$ and $B = f(2^{-1}).$ The system becomes:\n   $A + B = 1$\n   $B - A = 1$\n\n   Add Equation 1 and Equation 2:\n   $(A + B) + (B - A) = 1 + 1$\n   $2B = 2$\n   $B = 1$\n\n   Substitute $B = 1$ into Equation 1:\n   $A + 1 = 1$\n   $A = 1 - 1$\n   $A = 0$\n\n   Since $A = f(2)$, we have $f(2) = 0$.\n   And $B = f(2^{-1}) = f(1/2) = 1$.\n\n5. **Verify the solution:**\n   Let's check if $f(2) = 0$ and $f(2^{-1}) = 1$ satisfy the original equations derived from $x=1$ and $x=-1$.\n   For $x=1$: $f(2) + f(2^{-1}) = 0 + 1 = 1$. Correct.\n   For $x=-1$: $f(2^{-1}) - f(2) = 1 - 0 = 1$. Correct.\n\n   Let's verify if the function $f(2^x) = \\frac{1-x}{1+x^2}$ is a solution.\n   $f(2^x) + xf(2^{-x}) = \\frac{1-x}{1+x^2} + x \\frac{1-(-x)}{1+(-x)^2} = \\frac{1-x}{1+x^2} + x \\frac{1+x}{1+x^2} = \\frac{1-x + x(1+x)}{1+x^2} = \\frac{1-x + x + x^2}{1+x^2} = \\frac{1+x^2}{1+x^2} = 1$.\n   This function satisfies the original equation.\n   For $x=1$, $f(2) = \\frac{1-1}{1+1^2} = \\frac{0}{2} = 0$.\n\n## Final Answer\n4. **Final Answer**\nThe final answer is $\\boxed{0}$",
    "metrics": {
        "length": 2776,
        "has_latex": true
    },
    "validation_response": null
}