{
    "problem": "Let $a,$ $b,$ and $c$ be nonnegative real numbers such that $a^2 + b^2 + c^2 = 1.$  Find the maximum value of\n\\[2ab \\sqrt{2} + 2bc.\\]",
    "solution": "**1. Problem Statement**\n\nFind the maximum value of the expression $2ab \\sqrt{2} + 2bc$, where $a, b, c$ are nonnegative real numbers subject to the constraint $a^2 + b^2 + c^2 = 1.$\n\nKey variables: $a, b, c$\nConstraint: $a^2 + b^2 + c^2 = 1$, $a \\ge 0, b \\ge 0, c \\ge 0$\nExpression to maximize: $2ab \\sqrt{2} + 2bc$\n\n**2. Solution Strategy**\n\nWe will use the method of substitution and calculus to find the maximum value.\nFirst, we rewrite the expression as $2b(a \\sqrt{2} + c)$.\nWe use the constraint $a^2 + b^2 + c^2 = 1$ to reduce the number of variables.\nWe can parameterize $a$ and $c$ in terms of a parameter and $b$.\nLet $a = r \\cos \\theta$ and $c = r \\sin \\theta$, where $r \\ge 0$ and $0 \\le \\theta \\le \\pi/2$. Then $a^2 + c^2 = r^2$.\nFrom $a^2 + b^2 + c^2 = 1$, we have $r^2 + b^2 = 1$, so $r = \\sqrt{1 - b^2}$.\nThe expression becomes $E = 2b(a \\sqrt{2} + c) = 2b(r \\cos \\theta \\sqrt{2} + r \\sin \\theta) = 2b r (\\sqrt{2} \\cos \\theta + \\sin \\theta) = 2b \\sqrt{1 - b^2} (\\sqrt{2} \\cos \\theta + \\sin \\theta)$.\nTo maximize $E$, we need to maximize $\\sqrt{2} \\cos \\theta + \\sin \\theta$.\nWe know that the maximum value of $A \\cos \\theta + B \\sin \\theta$ is $\\sqrt{A^2 + B^2}$.\nIn our case, $A = \\sqrt{2}$ and $B = 1$, so the maximum value of $\\sqrt{2} \\cos \\theta + \\sin \\theta$ is $\\sqrt{(\\sqrt{2})^2 + 1^2} = \\sqrt{2 + 1} = \\sqrt{3}$.\nThe maximum value of $E$ is therefore $2b \\sqrt{1 - b^2} \\sqrt{3} = 2 \\sqrt{3} b \\sqrt{1 - b^2}$.\nNow we need to maximize $f(b) = b \\sqrt{1 - b^2}$ for $0 \\le b \\le 1$.\nTo maximize $f(b)$, we can maximize $f(b)^2 = b^2 (1 - b^2) = b^2 - b^4$.\nLet $g(u) = u - u^2$, where $u = b^2$. $g'(u) = 1 - 2u$. Setting $g'(u) = 0$, we get $u = 1/2$.\nSo $b^2 = 1/2$, $b = \\frac{1}{\\sqrt{2}} = \\frac{\\sqrt{2}}{2}$.\nThe maximum value of $f(b) = \\sqrt{1/2} \\sqrt{1 - 1/2} = \\frac{1}{\\sqrt{2}} \\frac{1}{\\sqrt{2}} = \\frac{1}{2}$.\nThe maximum value of $E$ is $2 \\sqrt{3} \\times \\frac{1}{2} = \\sqrt{3}$.\n\n**3. Step-by-Step Solution**\n\n1. **Rewrite the expression:**\n   $E = 2ab \\sqrt{2} + 2bc = 2b(a \\sqrt{2} + c)$\n\n2. **Parameterize $a$ and $c$:**\n   Let $a = r \\cos \\theta$ and $c = r \\sin \\theta$, where $r \\ge 0$ and $0 \\le \\theta \\le \\pi/2$.\n   Then $a \\sqrt{2} + c = r (\\sqrt{2} \\cos \\theta + \\sin \\theta)$.\n\n3. **Use the constraint $a^2 + b^2 + c^2 = 1$:**\n   $a^2 + c^2 = r^2$, so $r^2 + b^2 = 1$, and $r = \\sqrt{1 - b^2}$.\n   $E = 2b \\sqrt{1 - b^2} (\\sqrt{2} \\cos \\theta + \\sin \\theta)$.\n\n4. **Maximize $\\sqrt{2} \\cos \\theta + \\sin \\theta$:**\n   The maximum value of $\\sqrt{2} \\cos \\theta + \\sin \\theta$ is $\\sqrt{(\\sqrt{2})^2 + 1^2} = \\sqrt{3}$.\n\n5. **Maximize $2 \\sqrt{3} b \\sqrt{1 - b^2}$:**\n   Let $f(b) = 2 \\sqrt{3} b \\sqrt{1 - b^2}$. To maximize $f(b)$, maximize $g(b) = f(b)^2 = 12 b^2 (1 - b^2) = 12 (b^2 - b^4)$.\n   Let $u = b^2$. $h(u) = 12 (u - u^2)$. $h'(u) = 12 (1 - 2u)$. Set $h'(u) = 0$, $1 - 2u = 0$, $u = 1/2$.\n   $b^2 = 1/2$, $b = \\frac{1}{\\sqrt{2}} = \\frac{\\sqrt{2}}{2}$.\n   Maximum value of $f(b) = 2 \\sqrt{3} \\frac{1}{\\sqrt{2}} \\sqrt{1 - \\frac{1}{2}} = 2 \\sqrt{3} \\frac{1}{\\sqrt{2}} \\frac{1}{\\sqrt{2}} = \\sqrt{3}$.\n\n6. **Find $a$ and $c$ for maximum value:**\n   Maximum of $\\sqrt{2} \\cos \\theta + \\sin \\theta$ is achieved when $\\tan \\theta = \\frac{1}{\\sqrt{2}}$.\n   $\\cos \\theta = \\frac{\\sqrt{2}}{\\sqrt{3}}$, $\\sin \\theta = \\frac{1}{\\sqrt{3}}$.\n   $r = \\sqrt{1 - b^2} = \\sqrt{1 - \\frac{1}{2}} = \\frac{1}{\\sqrt{2}}$.\n   $a = r \\cos \\theta = \\frac{1}{\\sqrt{2}} \\frac{\\sqrt{2}}{\\sqrt{3}} = \\frac{1}{\\sqrt{3}}$.\n   $c = r \\sin \\theta = \\frac{1}{\\sqrt{2}} \\frac{1}{\\sqrt{3}} = \\frac{1}{\\sqrt{6}}$.\n\n7. **Verify the maximum value:**\n   For $a = \\frac{1}{\\sqrt{3}}, b = \\frac{1}{\\sqrt{2}}, c = \\frac{1}{\\sqrt{6}}$,\n   $2ab \\sqrt{2} + 2bc = 2 (\\frac{1}{\\sqrt{3}}) (\\frac{1}{\\sqrt{2}}) \\sqrt{2} + 2 (\\frac{1}{\\sqrt{2}}) (\\frac{1}{\\sqrt{6}}) = \\frac{2}{\\sqrt{3}} + \\frac{2}{\\sqrt{12}} = \\frac{2}{\\sqrt{3}} + \\frac{2}{2\\sqrt{3}} = \\frac{3}{\\sqrt{3}} = \\sqrt{3}$.\n\n**4. Final Answer**\n\nFinal Answer: The final answer is $\\boxed{\\sqrt{3}}$",
    "metrics": {
        "length": 3978,
        "has_latex": true
    },
    "validation_response": null
}