{
    "problem": "Find the smallest positive real number $x$ such that\n\\[\\lfloor x^2 \\rfloor - x \\lfloor x \\rfloor = 6.\\]",
    "solution": "### 1. Problem Statement\nFind the smallest positive real number $x$ such that\n\\[\\lfloor x^2 \\rfloor - x \\lfloor x \\rfloor = 6.\\]\nKey variables: $x$ (positive real number). Constraint: $\\lfloor x^2 \\rfloor - x \\lfloor x \\rfloor = 6$. We need to find the smallest such $x$.\n\n### 2. Solution Strategy\nLet $n = \\lfloor x \\rfloor$, where $n$ is a non-negative integer since $x > 0$. Then $n \\le x < n+1$.\nWe can rewrite the equation as $\\lfloor x^2 \\rfloor - xn = 6$, or $\\lfloor x^2 \\rfloor = xn + 6$.\nSince $\\lfloor x^2 \\rfloor$ is an integer, $xn + 6$ must be such that its floor value is equal to itself plus 6. This means $xn+6$ is not necessarily an integer, but $\\lfloor x^2 \\rfloor$ is an integer.\nLet $x = n + f$, where $0 \\le f < 1$. Then $\\lfloor x \\rfloor = n$.\nThe equation becomes $\\lfloor (n+f)^2 \\rfloor - (n+f)n = 6$.\n$\\lfloor n^2 + 2nf + f^2 \\rfloor - n^2 - nf = 6$.\n$\\lfloor n^2 + 2nf + f^2 \\rfloor = n^2 + nf + 6$.\nSince $n^2$ is an integer, we have $n^2 + \\lfloor 2nf + f^2 \\rfloor = n^2 + nf + 6$.\n$\\lfloor 2nf + f^2 \\rfloor = nf + 6$.\nThis means $nf + 6 \\le 2nf + f^2 < nf + 7$.\nThis is equivalent to two inequalities:\n1) $nf + 6 \\le 2nf + f^2 \\Rightarrow f^2 + nf - 6 \\ge 0$\n2) $2nf + f^2 < nf + 7 \\Rightarrow f^2 + nf - 7 < 0$\nCombining these, we need to find $f$ such that $f^2 + nf - 6 \\ge 0$ and $f^2 + nf - 7 < 0$, with $0 \\le f < 1$.\nLet's consider the case when $\\lfloor 2nf + f^2 \\rfloor = nf + 6 = K$, where $K$ is an integer.\nThen $nf = K - 6$, so $f = \\frac{K-6}{n}$. We must have $0 \\le f < 1$, so $0 \\le \\frac{K-6}{n} < 1$.\n$0 \\le K-6 < n$, which means $6 \\le K < n+6$.\nAlso, we need $\\lfloor 2nf + f^2 \\rfloor = \\lfloor 2n \\frac{K-6}{n} + (\\frac{K-6}{n})^2 \\rfloor = \\lfloor 2(K-6) + \\frac{(K-6)^2}{n^2} \\rfloor = K$.\nLet $m = K-6$. Then $f = m/n$, $K = m+6$. $6 \\le m+6 < n+6 \\Rightarrow 0 \\le m < n$.\n$\\lfloor 2m + \\frac{m^2}{n^2} \\rfloor = m+6$.\nSince $0 \\le m < n$, we have $0 \\le \\frac{m^2}{n^2} < 1$.\nSo $\\lfloor 2m + \\frac{m^2}{n^2} \\rfloor = 2m + \\lfloor \\frac{m^2}{n^2} \\rfloor$.\nWe need $2m + \\lfloor \\frac{m^2}{n^2} \\rfloor = m+6$.\n$m + \\lfloor \\frac{m^2}{n^2} \\rfloor = 6$.\n$m = 6 - \\lfloor \\frac{m^2}{n^2} \\rfloor$.\nSince $\\lfloor \\frac{m^2}{n^2} \\rfloor \\ge 0$, $m \\le 6$. Also $m \\ge 0$. So $0 \\le m \\le 6$.\nSince $\\lfloor \\frac{m^2}{n^2} \\rfloor$ is an integer, $m$ must be an integer.\nWe also need $0 \\le m < n$. So $n > m$.\n$m = 6 - \\lfloor \\frac{m^2}{n^2} \\rfloor$.\nIf $\\lfloor \\frac{m^2}{n^2} \\rfloor = 0$, then $m = 6$. We need $\\lfloor \\frac{6^2}{n^2} \\rfloor = \\lfloor \\frac{36}{n^2} \\rfloor = 0$.\nThis means $\\frac{36}{n^2} < 1$, so $n^2 > 36$, $n > 6$. Smallest integer $n = 7$.\nIf $m = 6$, $n = 7$, $f = \\frac{m}{n} = \\frac{6}{7}$. $x = n + f = 7 + \\frac{6}{7} = \\frac{55}{7}$.\nCheck: $\\lfloor x \\rfloor = 7$. $x \\lfloor x \\rfloor = \\frac{55}{7} \\times 7 = 55$.\n$x^2 = (\\frac{55}{7})^2 = \\frac{3025}{49}$. $\\lfloor x^2 \\rfloor = \\lfloor \\frac{3025}{49} \\rfloor = 61$.\n$\\lfloor x^2 \\rfloor - x \\lfloor x \\rfloor = 61 - 55 = 6$.\nSo $x = \\frac{55}{7}$ is a solution.\n\nIs it the smallest? We chose smallest $m=6$ and smallest $n>6$, $n=7$.\nIf we try $\\lfloor \\frac{m^2}{n^2} \\rfloor = 1$. $m = 6 - 1 = 5$. We need $\\lfloor \\frac{5^2}{n^2} \\rfloor = \\lfloor \\frac{25}{n^2} \\rfloor = 1$.\n$1 \\le \\frac{25}{n^2} < 2$. $n^2 \\le 25$ and $n^2 > \\frac{25}{2} = 12.5$.\n$12.5 < n^2 \\le 25$. $n$ integer. $n^2 = 16, 25$. $n = 4, 5$.\nWe need $n > m = 5$. So $n = 5$ is not possible, $n = 4$ is not possible.\nFor $n=5$, $n>m=5$ is false. For $n=4$, $n>m=5$ is false.\nFor $n=5$, if $n>m$, we need $n \\ge 6$.\nIf $\\lfloor \\frac{m^2}{n^2} \\rfloor = 2$. $m = 6 - 2 = 4$. We need $\\lfloor \\frac{4^2}{n^2} \\rfloor = \\lfloor \\frac{16}{n^2} \\rfloor = 2$.\n$2 \\le \\frac{16}{n^2} < 3$. $n^2 \\le \\frac{16}{2} = 8$ and $n^2 > \\frac{16}{3} = 5.33$.\n$5.33 < n^2 \\le 8$. No integer $n$.\n\nSo $x = \\frac{55}{7}$ is the smallest solution.\n\nFinal Answer: The final answer is $\\boxed{\\frac{55}{7}}$",
    "metrics": {
        "length": 3918,
        "has_latex": true
    },
    "validation_response": null
}