{
    "problem": "Let $a,$ $b,$ $c,$ and $d$ be the roots of \\[x^4 + 8x^3 + 9x^2 + 5x + 4 = 0.\\]Find the value of \\[\\frac{1}{ab} + \\frac{1}{ac} + \\frac{1}{ad} + \\frac{1}{bc} + \\frac{1}{bd} + \\frac{1}{cd}.\\]",
    "solution": "**Problem Statement**\n\n1. **Problem Statement:**\n   Let $a,$ $b,$ $c,$ and $d$ be the roots of the polynomial equation $x^4 + 8x^3 + 9x^2 + 5x + 4 = 0.$ We are asked to find the value of the expression \\[\\frac{1}{ab} + \\frac{1}{ac} + \\frac{1}{ad} + \\frac{1}{bc} + \\frac{1}{bd} + \\frac{1}{cd}.\\]\n\n2. **Key variables and constraints:**\n   - The roots of the equation are $a, b, c, d$.\n   - The equation is a quartic polynomial: $x^4 + 8x^3 + 9x^2 + 5x + 4 = 0$.\n   - We need to evaluate the given expression in terms of the roots.\n\n**Solution Strategy**\n\n1. **Combine fractions:** Combine the given fractions into a single fraction with a common denominator.\n2. **Apply Vieta's formulas:** Use Vieta's formulas to relate the numerator and denominator of the combined fraction to the coefficients of the given polynomial.\n3. **Calculate the value:** Substitute the values obtained from Vieta's formulas into the combined fraction to find the final answer.\n\n**Relevant formulas/theorems:**\n- **Vieta's formulas for a quartic equation** $Ax^4 + Bx^3 + Cx^2 + Dx + E = 0$ with roots $a, b, c, d$:\n    - $a + b + c + d = -\\frac{B}{A}$\n    - $ab + ac + ad + bc + bd + cd = \\frac{C}{A}$\n    - $abc + abd + acd + bcd = -\\frac{D}{A}$\n    - $abcd = \\frac{E}{A}$\n\n**Step-by-Step Solution**\n\n1. **Combine fractions:**\n   The expression is\n   \\[ \\frac{1}{ab} + \\frac{1}{ac} + \\frac{1}{ad} + \\frac{1}{bc} + \\frac{1}{bd} + \\frac{1}{cd}. \\]\n   To combine these fractions, we find a common denominator, which is $abcd$.\n   \\[ \\frac{cd}{ab \\cdot cd} + \\frac{bd}{ac \\cdot bd} + \\frac{bc}{ad \\cdot bc} + \\frac{ad}{bc \\cdot ad} + \\frac{ac}{bd \\cdot ac} + \\frac{ab}{cd \\cdot ab} \\]\n   \\[ = \\frac{cd}{abcd} + \\frac{bd}{abcd} + \\frac{bc}{abcd} + \\frac{ad}{abcd} + \\frac{ac}{abcd} + \\frac{ab}{abcd} \\]\n   \\[ = \\frac{ab + ac + ad + bc + bd + cd}{abcd}. \\]\n\n2. **Apply Vieta's formulas:**\n   For the given equation $x^4 + 8x^3 + 9x^2 + 5x + 4 = 0$, we have $A=1, B=8, C=9, D=5, E=4$.\n   Using Vieta's formulas, we have:\n   - Sum of products of roots taken two at a time: $ab + ac + ad + bc + bd + cd = \\frac{C}{A} = \\frac{9}{1} = 9$.\n   - Product of roots taken four at a time: $abcd = \\frac{E}{A} = \\frac{4}{1} = 4$.\n\n3. **Calculate the value:**\n   Substitute the values from Vieta's formulas into the combined fraction:\n   \\[ \\frac{ab + ac + ad + bc + bd + cd}{abcd} = \\frac{9}{4}. \\]\n\n**Final Answer**\n\n4. **Final Answer:**\n   The value of the expression is $\\frac{9}{4}$.\n\nFinal Answer: The final answer is $\\boxed{\\frac{9}{4}}$",
    "metrics": {
        "length": 2503,
        "has_latex": true
    },
    "validation_response": null
}