{
    "problem": "Let $k$ be a real number such that $k > 1$ and\n\\[\\sum_{n=1}^{\\infty} \\frac{5n-1}{k^n} = \\frac{13}{4}.\\]Find $k.$",
    "solution": "## Problem Solution\n\n**1. Problem Statement**\n\nFind the value of the real number $k$, where $k > 1$, that satisfies the equation\n\\[\\sum_{n=1}^{\\infty} \\frac{5n-1}{k^n} = \\frac{13}{4}.\\]\nHere, the key variables are $k$ and $n$. The constraint is $k > 1$. We need to solve for $k$.\n\n**2. Solution Strategy**\n\nWe will use the formulas for geometric series and its derivative to evaluate the given infinite sum.\nThe sum can be split into two parts: one involving $n/k^n$ and another involving $1/k^n$.\nLet $r = 1/k$. Since $k > 1$, we have $0 < r < 1$, which ensures the convergence of the geometric series.\nWe will use the following formulas for $|r|<1$:\n\\begin{enumerate}\n    \\item Geometric series sum: $\\sum_{n=0}^{\\infty} r^n = \\frac{1}{1-r}$\n    \\item Sum of $nr^n$: $\\sum_{n=1}^{\\infty} n r^n = \\frac{r}{(1-r)^2}$\n\\end{enumerate}\nWe will rewrite the given sum in terms of these known series, set it equal to $\\frac{13}{4}$, and solve for $r$. Then we will find $k = 1/r$.\n\n**3. Step-by-Step Solution**\n\nLet $r = \\frac{1}{k}$. Since $k>1$, we have $0 < r < 1$.\nThe given sum can be rewritten as:\n\\[ \\sum_{n=1}^{\\infty} \\frac{5n-1}{k^n} = \\sum_{n=1}^{\\infty} (5n-1) \\left(\\frac{1}{k}\\right)^n = \\sum_{n=1}^{\\infty} (5n-1) r^n \\]\nWe can split this sum into two parts:\n\\[ \\sum_{n=1}^{\\infty} (5n-1) r^n = 5 \\sum_{n=1}^{\\infty} n r^n - \\sum_{n=1}^{\\infty} r^n \\]\nWe know that for $|r| < 1$:\n\\[ \\sum_{n=1}^{\\infty} r^n = \\sum_{n=0}^{\\infty} r^n - r^0 = \\frac{1}{1-r} - 1 = \\frac{1 - (1-r)}{1-r} = \\frac{r}{1-r} \\]\n\\[ \\sum_{n=1}^{\\infty} n r^n = \\frac{r}{(1-r)^2} \\]\nSubstitute these sums into the expression:\n\\[ 5 \\sum_{n=1}^{\\infty} n r^n - \\sum_{n=1}^{\\infty} r^n = 5 \\left( \\frac{r}{(1-r)^2} \\right) - \\left( \\frac{r}{1-r} \\right) \\]\nWe are given that this sum is equal to $\\frac{13}{4}$:\n\\[ 5 \\frac{r}{(1-r)^2} - \\frac{r}{1-r} = \\frac{13}{4} \\]\nTo simplify, let $x = 1-r$. Then $r = 1-x$. Substitute these into the equation:\n\\[ 5 \\frac{1-x}{x^2} - \\frac{1-x}{x} = \\frac{13}{4} \\]\nMultiply both sides by $4x^2$ to clear the denominators:\n\\[ 4x^2 \\left( 5 \\frac{1-x}{x^2} - \\frac{1-x}{x} \\right) = 4x^2 \\left( \\frac{13}{4} \\right) \\]\n\\[ 4 \\cdot 5 (1-x) - 4x (1-x) = 13x^2 \\]\n\\[ 20 (1-x) - 4x (1-x) = 13x^2 \\]\n\\[ 20 - 20x - 4x + 4x^2 = 13x^2 \\]\n\\[ 20 - 24x + 4x^2 = 13x^2 \\]\nRearrange to form a quadratic equation:\n\\[ 13x^2 - 4x^2 + 24x - 20 = 0 \\]\n\\[ 9x^2 + 24x - 20 = 0 \\]\nUse the quadratic formula to solve for $x$:\n\\[ x = \\frac{-b \\pm \\sqrt{b^2 - 4ac}}{2a} = \\frac{-24 \\pm \\sqrt{24^2 - 4(9)(-20)}}{2(9)} = \\frac{-24 \\pm \\sqrt{576 + 720}}{18} = \\frac{-24 \\pm \\sqrt{1296}}{18} = \\frac{-24 \\pm 36}{18} \\]\nWe have two possible values for $x$:\n\\[ x_1 = \\frac{-24 + 36}{18} = \\frac{12}{18} = \\frac{2}{3} \\]\n\\[ x_2 = \\frac{-24 - 36}{18} = \\frac{-60}{18} = -\\frac{10}{3} \\]\nSince $x = 1-r$ and $0 < r < 1$, we must have $0 < 1-x < 1$, which implies $0 < x < 1$.\n$x_1 = \\frac{2}{3}$ is in the interval $(0, 1)$, while $x_2 = -\\frac{10}{3}$ is not.\nTherefore, we take $x = \\frac{2}{3}$.\nThen $r = 1 - x = 1 - \\frac{2}{3} = \\frac{1}{3}$.\nSince $r = \\frac{1}{k}$, we have $k = \\frac{1}{r} = \\frac{1}{1/3} = 3$.\n\nWe need to verify that $k=3$ satisfies the original equation.\nIf $k=3$, then $r = 1/3$.\n\\[ 5 \\frac{r}{(1-r)^2} - \\frac{r}{1-r} = 5 \\frac{1/3}{(1-1/3)^2} - \\frac{1/3}{1-1/3} = 5 \\frac{1/3}{(2/3)^2} - \\frac{1/3}{2/3} = 5 \\frac{1/3}{4/9} - \\frac{1}{2} = 5 \\cdot \\frac{1}{3} \\cdot \\frac{9}{4} - \\frac{1}{2} = \\frac{5 \\cdot 3}{4} - \\frac{1}{2} = \\frac{15}{4} - \\frac{2}{4} = \\frac{13}{4} \\]\nThe sum is indeed $\\frac{13}{4}$ for $k=3$. Also $k=3 > 1$, so the condition is satisfied.\n\n**4. Final Answer**\n\nFinal Answer: The final answer is $\\boxed{3}$",
    "metrics": {
        "length": 3646,
        "has_latex": true
    },
    "validation_response": null
}