{
    "problem": "Let $f(x)$ be a polynomial such that\n\\[f(x^2 + 1) = x^4 + 4x^2.\\]Find $f(x^2 - 1).$",
    "solution": "### Problem Statement\nLet $f(x)$ be a polynomial such that\n\\[f(x^2 + 1) = x^4 + 4x^2.\\]\nFind $f(x^2 - 1).$\n\nKey variables and constraints:\n- $f(x)$ is a polynomial.\n- Given the relation $f(x^2 + 1) = x^4 + 4x^2$.\n- We need to find the expression for $f(x^2 - 1).$\n\n### Solution Strategy\n1. **Find the expression for $f(x)$:** Let $y = x^2 + 1$. Express the right side of the given equation in terms of $y$. This will give us $f(y)$.\n2. **Substitute $x^2 - 1$ into $f(x)$:** Once we have the expression for $f(x)$, we can substitute $x^2 - 1$ for $x$ to find $f(x^2 - 1).$\n3. **Simplify the expression:** Expand and simplify the expression for $f(x^2 - 1)$ to get the final polynomial in terms of $x$.\n\n### Step-by-Step Solution\n1. **Find the expression for $f(x)$:**\n   Let $y = x^2 + 1$. Then $x^2 = y - 1$.\n   We are given $f(x^2 + 1) = x^4 + 4x^2$.\n   We need to express $x^4 + 4x^2$ in terms of $y$.\n   $x^4 = (x^2)^2 = (y - 1)^2 = y^2 - 2y + 1$.\n   $4x^2 = 4(y - 1) = 4y - 4$.\n   Therefore, $x^4 + 4x^2 = (y^2 - 2y + 1) + (4y - 4) = y^2 - 2y + 4y + 1 - 4 = y^2 + 2y - 3$.\n   So, we have $f(y) = y^2 + 2y - 3$.\n   Replacing $y$ with $x$, we get $f(x) = x^2 + 2x - 3$.\n\n2. **Substitute $x^2 - 1$ into $f(x)$:**\n   We need to find $f(x^2 - 1)$. Substitute $x^2 - 1$ for $x$ in the expression for $f(x)$:\n   $f(x^2 - 1) = (x^2 - 1)^2 + 2(x^2 - 1) - 3$.\n\n3. **Simplify the expression:**\n   Expand and simplify the expression:\n   $(x^2 - 1)^2 = (x^2)^2 - 2(x^2)(1) + 1^2 = x^4 - 2x^2 + 1$.\n   $2(x^2 - 1) = 2x^2 - 2$.\n   So, $f(x^2 - 1) = (x^4 - 2x^2 + 1) + (2x^2 - 2) - 3$.\n   Combine like terms:\n   $f(x^2 - 1) = x^4 - 2x^2 + 2x^2 + 1 - 2 - 3 = x^4 + (-2x^2 + 2x^2) + (1 - 2 - 3) = x^4 + 0x^2 - 4 = x^4 - 4$.\n\n4. **Verify the answer:**\n   We found $f(x) = x^2 + 2x - 3$. Let's check if $f(x^2 + 1) = x^4 + 4x^2$.\n   $f(x^2 + 1) = (x^2 + 1)^2 + 2(x^2 + 1) - 3 = (x^4 + 2x^2 + 1) + (2x^2 + 2) - 3 = x^4 + 2x^2 + 2x^2 + 1 + 2 - 3 = x^4 + 4x^2$.\n   This matches the given condition.\n   Now let's check $f(x^2 - 1) = x^4 - 4$.\n   Using $f(x) = x^2 + 2x - 3$, we calculated $f(x^2 - 1) = x^4 - 4$.\n\n### Final Answer\nFinal Answer: The final answer is $\\boxed{x^4 - 4}$",
    "metrics": {
        "length": 2162,
        "has_latex": true
    },
    "validation_response": null
}