{
    "problem": "The graph of the function $y=f(x)$ is shown below. For all $x > 4$, it is true that $f(x) > 0.4$. If $f(x) = \\frac{x^2}{Ax^2 + Bx + C}$, where $A,B,$ and $C$ are integers, then find $A+B+C$. [asy]\nimport graph; size(10.9cm); real lsf=0.5; pen dps=linewidth(0.7)+fontsize(10); defaultpen(dps); pen ds=black; real xmin=-5.29,xmax=5.61,ymin=-2.42,ymax=4.34;\n\nLabel laxis; laxis.p=fontsize(10);\n\nxaxis(\"$x$\",xmin,xmax,defaultpen+black,Ticks(laxis,Step=1.0,Size=2,NoZero),Arrows(6),above=true); yaxis(\"$y$\",ymin,ymax,defaultpen+black,Ticks(laxis,Step=1.0,Size=2,NoZero),Arrows(6),above=true); real f1(real x){return x^2/(2*x^2-2*x-12);} draw(graph(f1,xmin,-2.1),linewidth(1.2),Arrows(4)); draw(graph(f1,-1.84,2.67),linewidth(1.2),Arrows(4)); draw(graph(f1,3.24,xmax),linewidth(1.2),Arrows(4));\nlabel(\"$f$\",(-5.2,1),NE*lsf);\n\n// clip((xmin,ymin)--(xmin,ymax)--(xmax,ymax)--(xmax,ymin)--cycle);\ndraw((-2,-2.2)--(-2,4.2),dashed);\ndraw((3,-2.2)--(3,4.2),dashed);\ndraw((-5,1/2)--(5.5,1/2),dashed);\n[/asy]",
    "solution": "## Problem Solution\n\n**1. Problem Statement**\n\nThe problem provides the graph of a function $y=f(x)$ and states that for all $x > 4$, $f(x) > 0.4$. The function is given as $f(x) = \\frac{x^2}{Ax^2 + Bx + C}$, where $A, B, C$ are integers. We need to find the value of $A+B+C$.\n\nKey variables and constraints:\n- Function form: $f(x) = \\frac{x^2}{Ax^2 + Bx + C}$\n- $A, B, C$ are integers.\n- For $x>4$, $f(x) > 0.4$.\n- Graph of $f(x)$ is provided, showing vertical asymptotes at $x=-2$ and $x=3$, and a horizontal asymptote at $y = 1/2$.\n\n**2. Solution Strategy**\n\nWe will use the information from the graph to determine the values of $A, B, C$.\n- Vertical asymptotes are determined by the roots of the denominator $Ax^2 + Bx + C = 0$.\n- Horizontal asymptote is determined by the ratio of the leading coefficients of the numerator and denominator for rational functions where the degree of the numerator and denominator are the same.\n- We will use the condition $f(x) > 0.4$ for $x>4$ to verify our solution.\n- Finally, we calculate $A+B+C$.\n\n**3. Step-by-Step Solution**\n\n**Step 1: Determine denominator from vertical asymptotes.**\nFrom the graph, we observe vertical asymptotes at $x = -2$ and $x = 3$. Vertical asymptotes occur when the denominator of a rational function is zero and the numerator is non-zero. Thus, the denominator $Ax^2 + Bx + C = 0$ must have roots at $x=-2$ and $x=3$. This means that $(x+2)$ and $(x-3)$ are factors of the quadratic $Ax^2 + Bx + C$. We can write the denominator in factored form as $Ax^2 + Bx + C = A(x+2)(x-3)$.\n\n**Step 2: Expand the denominator and find relationships between $B, C$ and $A$.**\nExpanding $A(x+2)(x-3)$, we get:\n$A(x+2)(x-3) = A(x^2 - 3x + 2x - 6) = A(x^2 - x - 6) = Ax^2 - Ax - 6A$.\nComparing this with $Ax^2 + Bx + C$, we have:\n$B = -A$\n$C = -6A$\n\n**Step 3: Determine $A$ from the horizontal asymptote.**\nThe horizontal asymptote of the function $f(x) = \\frac{x^2}{Ax^2 + Bx + C}$ is given by the limit of $f(x)$ as $x \\to \\infty$ (or $x \\to -\\infty$). Since the degree of the numerator and denominator are the same (both are 2), the horizontal asymptote is the ratio of the leading coefficients, which is $\\frac{1}{A}$.\nFrom the graph, the horizontal asymptote is at $y = 1/2$. Therefore, $\\frac{1}{A} = \\frac{1}{2}$, which implies $A = 2$.\n\n**Step 4: Calculate $B$ and $C$ using the value of $A$.**\nUsing the relationships found in Step 2:\n$B = -A = -2$\n$C = -6A = -6(2) = -12$\n\n**Step 5: Verify the condition $f(x) > 0.4$ for $x > 4$.**\nWith $A=2, B=-2, C=-12$, the function is $f(x) = \\frac{x^2}{2x^2 - 2x - 12}$.\nWe need to verify if $f(x) > 0.4$ for $x > 4$.\n$\\frac{x^2}{2x^2 - 2x - 12} > 0.4 = \\frac{2}{5}$\n$5x^2 > 2(2x^2 - 2x - 12)$\n$5x^2 > 4x^2 - 4x - 24$\n$x^2 + 4x + 24 > 0$\nTo check if $x^2 + 4x + 24 > 0$ for all $x$, we examine the discriminant of the quadratic $x^2 + 4x + 24$.\nDiscriminant $\\Delta = b^2 - 4ac = 4^2 - 4(1)(24) = 16 - 96 = -80$.\nSince $\\Delta < 0$ and the coefficient of $x^2$ is positive (1), the quadratic $x^2 + 4x + 24$ is always positive for all real $x$. Thus, $x^2 + 4x + 24 > 0$ for all $x > 4$, and the condition $f(x) > 0.4$ for $x > 4$ is satisfied.\n\n**Step 6: Calculate $A+B+C$.**\n$A+B+C = 2 + (-2) + (-12) = 2 - 2 - 12 = -12$.\n\n**4. Final Answer**\n\nFinal Answer: The final answer is $\\boxed{-12}$",
    "metrics": {
        "length": 3298,
        "has_latex": true
    },
    "validation_response": null
}