{
    "problem": "Let $x,$ $y,$ and $z$ be positive real numbers such that $xyz = 32.$  Find the minimum value of\n\\[x^2 + 4xy + 4y^2 + 2z^2.\\]",
    "solution": "**1. Problem Statement**\n\nFind the minimum value of the expression $x^2 + 4xy + 4y^2 + 2z^2,$ where $x, y, z$ are positive real numbers such that $xyz = 32.$\n\nKey variables: $x, y, z$ (positive real numbers)\nConstraint: $xyz = 32$\nExpression to minimize: $x^2 + 4xy + 4y^2 + 2z^2$\n\n**2. Solution Strategy**\n\nWe can rewrite the expression as $(x+2y)^2 + 2z^2.$\nWe will use the AM-GM inequality to find the minimum value. We can also use calculus or Lagrange multipliers, but AM-GM is likely to be simpler given the structure of the expression and constraint.\nWe will try to rewrite the expression in terms of a sum of terms whose product is constant or related to the constraint $xyz = 32.$\nWe noticed that minimizing $(x+2y)^2 + 2z^2$ is related to minimizing $8xy + 2z^2$ by using the inequality $(x+2y)^2 \\ge 8xy.$ We will minimize $8xy + 2z^2$ subject to $xyz = 32$ and check if the equality condition for $(x+2y)^2 \\ge 8xy$ can be satisfied at the minimum point.\n\n**3. Step-by-Step Solution**\n\nWe rewrite the expression as\n\\[x^2 + 4xy + 4y^2 + 2z^2 = (x+2y)^2 + 2z^2.\\]\nBy AM-GM inequality, we know that $(x+2y)^2 \\ge (2\\sqrt{x \\cdot 2y})^2 = 8xy.$\nThus, $(x+2y)^2 + 2z^2 \\ge 8xy + 2z^2.$\nEquality holds when $x = 2y.$\nNow we need to minimize $8xy + 2z^2$ subject to $xyz = 32.$\nFrom $xyz = 32,$ we have $xy = \\frac{32}{z}.$\nSubstituting this into the expression, we get\n\\[8xy + 2z^2 = 8 \\cdot \\frac{32}{z} + 2z^2 = \\frac{256}{z} + 2z^2.\\]\nLet $f(z) = \\frac{256}{z} + 2z^2.$ We want to minimize $f(z)$ for $z > 0.$\nWe apply AM-GM inequality to the terms $\\frac{128}{z},$ $\\frac{128}{z},$ and $2z^2.$\n\\[\\frac{\\frac{128}{z} + \\frac{128}{z} + 2z^2}{3} \\ge \\sqrt[3]{\\frac{128}{z} \\cdot \\frac{128}{z} \\cdot 2z^2} = \\sqrt[3]{128^2 \\cdot 2} = \\sqrt[3]{(2^7)^2 \\cdot 2} = \\sqrt[3]{2^{14} \\cdot 2} = \\sqrt[3]{2^{15}} = 2^{15/3} = 2^5 = 32.\\]\nThus, $\\frac{256}{z} + 2z^2 \\ge 3 \\cdot 32 = 96.$\nEquality in AM-GM holds when $\\frac{128}{z} = 2z^2,$ which means $128 = 2z^3,$ $z^3 = 64,$ $z = 4.$\nFor equality in $(x+2y)^2 \\ge 8xy,$ we need $x = 2y.$\nFor equality in AM-GM inequality for $\\frac{128}{z} + \\frac{128}{z} + 2z^2,$ we need $\\frac{128}{z} = 2z^2,$ which gives $z = 4.$\nWhen $z = 4,$ $xy = \\frac{32}{z} = \\frac{32}{4} = 8.$\nSince we need $x = 2y,$ we have $(2y)y = 8,$ $2y^2 = 8,$ $y^2 = 4,$ $y = 2$ (since $y > 0$).\nThen $x = 2y = 2(2) = 4.$\nSo $x = 4, y = 2, z = 4.$  We check $xyz = 4 \\cdot 2 \\cdot 4 = 32.$ Condition satisfied.\nThe minimum value is achieved at $x = 4, y = 2, z = 4,$ and the minimum value is\n\\[(x+2y)^2 + 2z^2 = (4+2(2))^2 + 2(4^2) = (4+4)^2 + 2(16) = 8^2 + 32 = 64 + 32 = 96.\\]\n\n**4. Final Answer**\n\nFinal Answer: The final answer is $\\boxed{96}$",
    "metrics": {
        "length": 2669,
        "has_latex": true
    },
    "validation_response": null
}