{
    "problem": "Find the product of the nonreal roots of $x^4-4x^3+6x^2-4x=2005.$",
    "solution": "### Problem:\n1. **Problem Statement**\nFind the product of the nonreal roots of the equation $x^4-4x^3+6x^2-4x=2005.$\nKey variables:\n- Equation: $x^4-4x^3+6x^2-4x=2005$\n- Task: Find the product of the nonreal roots.\n\n2. **Solution Strategy**\n- Rewrite the equation in the form $(x-a)^4 = C$.\n- Find the roots of the simplified equation.\n- Identify the nonreal roots among them.\n- Calculate the product of the nonreal roots.\n- Relevant formula: Binomial expansion $(x-a)^4 = x^4 - 4ax^3 + 6a^2x^2 - 4a^3x + a^4$.\n\n3. **Step-by-Step Solution**\n- **Step 1: Rewrite the equation**\nThe given equation is $x^4-4x^3+6x^2-4x=2005$.\nWe observe that the first four terms on the left side resemble the binomial expansion of $(x-1)^4 = x^4 - 4x^3 + 6x^2 - 4x + 1$.\nWe can rewrite the equation by adding and subtracting 1 from the left side:\n$(x^4-4x^3+6x^2-4x+1) - 1 = 2005$\n$(x-1)^4 - 1 = 2005$\n$(x-1)^4 = 2005 + 1$\n$(x-1)^4 = 2006$\n\n- **Step 2: Find the roots**\nLet $y = x-1$. Then the equation becomes $y^4 = 2006$.\nThe roots of $y^4 = 2006$ are given by $y_k = \\sqrt[4]{2006} e^{i \\frac{2\\pi k}{4}}$ for $k=0, 1, 2, 3$.\nLet $R = \\sqrt[4]{2006}$.\nFor $k=0$: $y_0 = R e^{i 0} = R$\nFor $k=1$: $y_1 = R e^{i \\frac{\\pi}{2}} = R (\\cos(\\pi/2) + i \\sin(\\pi/2)) = Ri$\nFor $k=2$: $y_2 = R e^{i \\pi} = R (\\cos(\\pi) + i \\sin(\\pi)) = -R$\nFor $k=3$: $y_3 = R e^{i \\frac{3\\pi}{2}} = R (\\cos(3\\pi/2) + i \\sin(3\\pi/2)) = -Ri$\nThe roots for $y$ are $R, -R, Ri, -Ri$.\n\n- **Step 3: Find the roots for $x$**\nSince $y = x-1$, we have $x = y+1$.\n$x_1 = y_0 + 1 = R+1 = 1 + \\sqrt[4]{2006}$\n$x_2 = y_2 + 1 = -R+1 = 1 - \\sqrt[4]{2006}$\n$x_3 = y_1 + 1 = Ri+1 = 1 + i\\sqrt[4]{2006}$\n$x_4 = y_3 + 1 = -Ri+1 = 1 - i\\sqrt[4]{2006}$\n\n- **Step 4: Identify nonreal roots and calculate their product**\nThe roots $x_1 = 1 + \\sqrt[4]{2006}$ and $x_2 = 1 - \\sqrt[4]{2006}$ are real because $\\sqrt[4]{2006}$ is a real number.\nThe roots $x_3 = 1 + i\\sqrt[4]{2006}$ and $x_4 = 1 - i\\sqrt[4]{2006}$ are nonreal because their imaginary parts are nonzero ($\\pm \\sqrt[4]{2006} \\neq 0$).\nThe nonreal roots are $1 + i\\sqrt[4]{2006}$ and $1 - i\\sqrt[4]{2006}$.\nThe product of the nonreal roots is:\n$(1 + i\\sqrt[4]{2006}) (1 - i\\sqrt[4]{2006}) = 1^2 - (i\\sqrt[4]{2006})^2 = 1 - i^2 (\\sqrt[4]{2006})^2 = 1 - (-1) \\sqrt{2006} = 1 + \\sqrt{2006}$.\n\n4. **Final Answer**\nThe product of the nonreal roots is $1 + \\sqrt{2006}$.\n\nFinal Answer: The final answer is $\\boxed{1+\\sqrt{2006}}$",
    "metrics": {
        "length": 2420,
        "has_latex": true
    },
    "validation_response": null
}