{
    "problem": "Find all the solutions to\n\\[\\frac{1}{x^2 + 11x - 8} + \\frac{1}{x^2 + 2x - 8} + \\frac{1}{x^2 - 13x - 8} = 0.\\]Enter all the solutions, separated by commas.",
    "solution": "**Problem Statement**\n\nRewrite the problem in clear terms:\nFind all values of $x$ that satisfy the equation:\n\\[\\frac{1}{x^2 + 11x - 8} + \\frac{1}{x^2 + 2x - 8} + \\frac{1}{x^2 - 13x - 8} = 0.\\]\nKey variables: $x$.\nConstraints: The denominators must not be zero.\n\n**Solution Strategy**\n\n1. Combine the fractions on the left-hand side of the equation into a single fraction.\n2. For a fraction to be equal to zero, its numerator must be zero and its denominator must be non-zero.\n3. Set the numerator equal to zero and solve for $x$.\n4. Check if any of the solutions make the denominator zero in the original equation. If so, discard those solutions.\n\n**Step-by-Step Solution**\n\n1. **Combine the fractions:**\nTo add the fractions, we find a common denominator, which is the product of the denominators: $(x^2 + 11x - 8)(x^2 + 2x - 8)(x^2 - 13x - 8)$.\nAdding the fractions, we get:\n\\[\\frac{(x^2 + 2x - 8)(x^2 - 13x - 8) + (x^2 + 11x - 8)(x^2 - 13x - 8) + (x^2 + 11x - 8)(x^2 + 2x - 8)}{(x^2 + 11x - 8)(x^2 + 2x - 8)(x^2 - 13x - 8)} = 0.\\]\n\n2. **Set the numerator to zero:**\nFor the fraction to be zero, the numerator must be zero:\n\\[(x^2 + 2x - 8)(x^2 - 13x - 8) + (x^2 + 11x - 8)(x^2 - 13x - 8) + (x^2 + 11x - 8)(x^2 + 2x - 8) = 0.\\]\n\n3. **Expand and simplify the numerator:**\nLet's expand each product:\nTerm 1: $(x^2 + 2x - 8)(x^2 - 13x - 8) = x^4 - 13x^3 - 8x^2 + 2x^3 - 26x^2 - 16x - 8x^2 + 104x + 64 = x^4 - 11x^3 - 42x^2 + 88x + 64$\nTerm 2: $(x^2 + 11x - 8)(x^2 - 13x - 8) = x^4 - 13x^3 - 8x^2 + 11x^3 - 143x^2 - 88x - 8x^2 + 104x + 64 = x^4 - 2x^3 - 159x^2 + 16x + 64$\nTerm 3: $(x^2 + 11x - 8)(x^2 + 2x - 8) = x^4 + 2x^3 - 8x^2 + 11x^3 + 22x^2 - 88x - 8x^2 - 16x + 64 = x^4 + 13x^3 + 6x^2 - 104x + 64$\n\nAdding these three terms:\n$(x^4 - 11x^3 - 42x^2 + 88x + 64) + (x^4 - 2x^3 - 159x^2 + 16x + 64) + (x^4 + 13x^3 + 6x^2 - 104x + 64) = 3x^4 + (-11 - 2 + 13)x^3 + (-42 - 159 + 6)x^2 + (88 + 16 - 104)x + (64 + 64 + 64) = 3x^4 - 195x^2 + 192$\nSo we need to solve $3x^4 - 195x^2 + 192 = 0$.\nDivide by 3: $x^4 - 65x^2 + 64 = 0$.\nLet $y = x^2$. Then $y^2 - 65y + 64 = 0$.\nFactor the quadratic equation: $(y - 64)(y - 1) = 0$.\nThus $y = 64$ or $y = 1$.\nSince $y = x^2$, we have $x^2 = 64$ or $x^2 = 1$.\nIf $x^2 = 64$, then $x = \\pm 8$.\nIf $x^2 = 1$, then $x = \\pm 1$.\nThe possible solutions are $x = 8, -8, 1, -1$.\n\n4. **Check denominators:**\nWe need to check if any of these solutions make the denominators zero.\nFor $x^2 + 11x - 8 = 0$, $x^2 + 2x - 8 = 0$, $x^2 - 13x - 8 = 0$.\nFor $x=8$, $x^2 + 11x - 8 = 64 + 88 - 8 = 144 \\neq 0$, $x^2 + 2x - 8 = 64 + 16 - 8 = 72 \\neq 0$, $x^2 - 13x - 8 = 64 - 104 - 8 = -48 \\neq 0$.\nFor $x=-8$, $x^2 + 11x - 8 = 64 - 88 - 8 = -32 \\neq 0$, $x^2 + 2x - 8 = 64 - 16 - 8 = 40 \\neq 0$, $x^2 - 13x - 8 = 64 + 104 - 8 = 160 \\neq 0$.\nFor $x=1$, $x^2 + 11x - 8 = 1 + 11 - 8 = 4 \\neq 0$, $x^2 + 2x - 8 = 1 + 2 - 8 = -5 \\neq 0$, $x^2 - 13x - 8 = 1 - 13 - 8 = -20 \\neq 0$.\nFor $x=-1$, $x^2 + 11x - 8 = 1 - 11 - 8 = -18 \\neq 0$, $x^2 + 2x - 8 = 1 - 2 - 8 = -9 \\neq 0$, $x^2 - 13x - 8 = 1 + 13 - 8 = 6 \\neq 0$.\n\nAll four solutions are valid.\n\n**Final Answer**\n\n4. **Final Answer**\n   - \\boxed{-8, -1, 1, 8}",
    "metrics": {
        "length": 3126,
        "has_latex": true
    },
    "validation_response": null
}