{
    "problem": "Let $a,$ $b,$ $c,$ $d,$ $e,$ $f,$ $g,$ and $h$ be real numbers such that $abcd = 4$ and $efgh = 9.$  Find the minimum value of\n\\[(ae)^2 + (bf)^2 + (cg)^2 + (dh)^2.\\]",
    "solution": "### Problem Statement\n- **Rewrite the problem in clear terms:**\nWe are given eight real numbers $a, b, c, d, e, f, g, h.$ The product of the first four numbers is $abcd = 4,$ and the product of the next four numbers is $efgh = 9.$ We want to find the minimum possible value of the sum of squares of the products of corresponding pairs of numbers: $(ae)^2 + (bf)^2 + (cg)^2 + (dh)^2.$\n\n- **Highlight key variables and constraints:**\nVariables: $a, b, c, d, e, f, g, h \\in \\mathbb{R}$\nConstraints: $abcd = 4,$ $efgh = 9$\nObjective: Minimize $(ae)^2 + (bf)^2 + (cg)^2 + (dh)^2$\n\n### 2. Solution Strategy\n- **Approach:** We will use the AM-GM inequality to find the minimum value.\n- **Relevant formulas/theorems:**\n    - **AM-GM Inequality:** For non-negative real numbers $x_1, x_2, \\dots, x_n,$ we have\n      \\[\\frac{x_1 + x_2 + \\dots + x_n}{n} \\ge \\sqrt[n]{x_1 x_2 \\dots x_n}.\\]\n      Equality holds if and only if $x_1 = x_2 = \\dots = x_n.$\n\n### 3. Step-by-Step Solution\n- **Step 1:** Let $x = ae,$ $y = bf,$ $z = cg,$ and $w = dh.$ Then we want to minimize $x^2 + y^2 + z^2 + w^2.$\n- **Step 2:** Consider the product $xyzw.$\n   \\[xyzw = (ae)(bf)(cg)(dh) = (abcd)(efgh).\\]\n- **Step 3:** Substitute the given values $abcd = 4$ and $efgh = 9.$\n   \\[xyzw = (4)(9) = 36.\\]\n- **Step 4:** Apply the AM-GM inequality to the four non-negative numbers $x^2, y^2, z^2, w^2.$\n   \\[\\frac{x^2 + y^2 + z^2 + w^2}{4} \\ge \\sqrt[4]{x^2 y^2 z^2 w^2} = \\sqrt[4]{(xyzw)^2} = \\sqrt{|xyzw|}.\\]\n- **Step 5:** Substitute $xyzw = 36.$ Since $36 > 0,$ $|xyzw| = xyzw = 36.$\n   \\[\\frac{x^2 + y^2 + z^2 + w^2}{4} \\ge \\sqrt{36} = 6.\\]\n- **Step 6:** Multiply both sides by 4 to find the lower bound for $x^2 + y^2 + z^2 + w^2.$\n   \\[x^2 + y^2 + z^2 + w^2 \\ge 4 \\times 6 = 24.\\]\n- **Step 7:** Check the condition for equality in AM-GM inequality. Equality holds when $x^2 = y^2 = z^2 = w^2.$\n   Let $x^2 = y^2 = z^2 = w^2 = k.$ Then $x^2 y^2 z^2 w^2 = k^4.$\n   Also, $(xyzw)^2 = 36^2 = 1296.$\n   So $k^4 = 1296.$ Taking the fourth root of both sides, $k = \\sqrt[4]{1296} = \\sqrt{\\sqrt{1296}} = \\sqrt{36} = 6.$\n   Thus, for equality, we need $x^2 = y^2 = z^2 = w^2 = 6.$\n- **Step 8:** We need to show that there exist real numbers $a, b, c, d, e, f, g, h$ such that $abcd = 4,$ $efgh = 9,$ and $(ae)^2 = (bf)^2 = (cg)^2 = (dh)^2 = 6.$\n   Let $a = b = c = d = \\sqrt{2}.$ Then $abcd = (\\sqrt{2})^4 = 4.$\n   Let $e = f = g = h = \\sqrt{3}.$ Then $efgh = (\\sqrt{3})^4 = 9.$\n   Then $ae = bf = cg = dh = \\sqrt{2} \\sqrt{3} = \\sqrt{6}.$\n   $(ae)^2 = (bf)^2 = (cg)^2 = (dh)^2 = (\\sqrt{6})^2 = 6.$\n   In this case, $(ae)^2 + (bf)^2 + (cg)^2 + (dh)^2 = 6 + 6 + 6 + 6 = 24.$\n   Since we found real numbers satisfying the conditions and achieving the value 24, the minimum value is indeed 24.\n\n### 4. Final Answer\nThe minimum value of $(ae)^2 + (bf)^2 + (cg)^2 + (dh)^2$ is $\\boxed{24}.$",
    "metrics": {
        "length": 2842,
        "has_latex": true
    },
    "validation_response": null
}