{
    "problem": "Let $f : \\mathbb{R} \\to \\mathbb{R}$ be a function such that $f(1) = 1$ and\n\\[f(x^2 - y^2) = (x - y) (f(x) + f(y))\\]for all real numbers $x$ and $y.$\n\nLet $n$ be the number of possible values of $f(2),$ and let $s$ be the sum of all possible values of $f(2).$  Find $n \\times s.$",
    "solution": "### 1. **Problem Statement**\nGiven a function $f : \\mathbb{R} \\to \\mathbb{R}$ such that $f(1) = 1$ and $f(x^2 - y^2) = (x - y) (f(x) + f(y))$ for all real numbers $x$ and $y.$ We need to find the number of possible values of $f(2),$ denoted by $n,$ and the sum of all possible values of $f(2),$ denoted by $s.$  Finally, we need to calculate the product $n \\times s.$\n\nKey variables and constraints:\n- Functional equation: $f(x^2 - y^2) = (x - y) (f(x) + f(y))$\n- Condition: $f(1) = 1$\n- Goal: Find $n \\times s,$ where $n$ is the number of possible values of $f(2)$ and $s$ is the sum of these values.\n\n### 2. **Solution Strategy**\nWe will substitute specific values for $x$ and $y$ in the functional equation to deduce properties of $f(x).$ We will try to determine the form of the function $f(x).$ We will show that $f(x) = x$ is the only solution. Then we will find $f(2),$ $n,$ $s,$ and $n \\times s.$\n\nRelevant formulas/theorems:\n- None specifically needed, primarily algebraic manipulation and deduction from the functional equation.\n\n### 3. **Step-by-Step Solution**\nStep 1: Set $x = y$ in the functional equation.\n$f(x^2 - x^2) = (x - x) (f(x) + f(x))$\n$f(0) = 0 \\cdot (2f(x)) = 0.$\nThus, $f(0) = 0.$\n\nStep 2: Set $y = 0$ in the functional equation.\n$f(x^2 - 0^2) = (x - 0) (f(x) + f(0))$\n$f(x^2) = x (f(x) + 0) = x f(x).$\nThus, $f(x^2) = x f(x)$ for all $x \\in \\mathbb{R}.$\n\nStep 3: Set $x = 0$ in the functional equation.\n$f(0^2 - y^2) = (0 - y) (f(0) + f(y))$\n$f(-y^2) = -y (0 + f(y)) = -y f(y).$\nThus, $f(-y^2) = -y f(y)$ for all $y \\in \\mathbb{R}.$\n\nStep 4: Compare $f(x^2) = x f(x)$ and $f(-y^2) = -y f(y).$\nLet $z = y^2,$ where $z \\ge 0.$ Then $y = \\sqrt{z}$ or $y = -\\sqrt{z}.$\n$f(-z) = -\\sqrt{z} f(\\sqrt{z})$ and $f(-z) = -(-\\sqrt{z}) f(-\\sqrt{z}) = \\sqrt{z} f(-\\sqrt{z}).$\nSo $-\\sqrt{z} f(\\sqrt{z}) = \\sqrt{z} f(-\\sqrt{z})$ for $z \\ge 0.$\nIf $z > 0,$ then $-f(\\sqrt{z}) = f(-\\sqrt{z}).$\nIf $z = 0,$ $f(0) = 0$ and $-f(\\sqrt{0}) = f(-\\sqrt{0}) \\implies -f(0) = f(0) \\implies 0 = 0.$\nLet $u = \\sqrt{z} \\ge 0.$ Then $f(-u) = -f(u)$ for $u \\ge 0.$\nSince for any $x \\in \\mathbb{R},$ $x^2 \\ge 0,$ we have $f(-x^2) = -f(x^2).$\nWe also know $f(x^2) = x f(x)$ and $f(-x^2) = -x f(x).$\nFrom $f(-y^2) = -y f(y),$ let $y = -t.$ $f(-(-t)^2) = -(-t) f(-t).$\n$f(-t^2) = t f(-t).$\nSince $f(-t^2) = -t f(t),$ we have $-t f(t) = t f(-t).$\nIf $t \\ne 0,$ $-f(t) = f(-t).$\nIf $t = 0,$ $f(0) = -f(0) \\implies f(0) = 0.$\nSo $f(-x) = -f(x)$ for all $x \\in \\mathbb{R}.$  $f$ is an odd function.\n\nStep 5: Substitute $f(y) = -f(-y)$ into the original equation.\n$f(x^2 - y^2) = (x - y) (f(x) + f(y)).$\n$f(y^2 - x^2) = (y - x) (f(y) + f(x)) = -(x - y) (f(x) + f(y)) = -f(x^2 - y^2).$\nLet $u = x^2 - y^2.$ Then $f(-u) = -f(u),$ which we already found.\n\nStep 6: Consider $\\frac{f(x^2)}{x} = f(x)$ for $x \\ne 0.$\nSo $f(x) = \\frac{f(x^2)}{x}.$\nFrom $f(x^2 - y^2) = (x - y) (f(x) + f(y)),$ divide by $x - y$ for $x \\ne y.$\n$\\frac{f(x^2 - y^2)}{x - y} = f(x) + f(y).$\nIf we assume $f(x) = cx,$ then $\\frac{c(x^2 - y^2)}{x - y} = \\frac{c(x - y)(x + y)}{x - y} = c(x + y).$\nAnd $f(x) + f(y) = cx + cy = c(x + y).$\nSo $f(x) = cx$ is a solution for any constant $c.$\nUsing $f(1) = 1,$ we have $c \\cdot 1 = 1,$ so $c = 1.$\nTherefore $f(x) = x$ is a solution.\n\nStep 7: Check uniqueness.\nWe have $\\frac{f(x)}{x} = \\frac{f(y)}{y}$ if $y f(x) = x f(y).$\nFrom $0 = x f(y) - y f(x),$ we have $y f(x) = x f(y).$\nFor any $x \\ne 0,$ $\\frac{f(x)}{x} = \\frac{f(y)}{y}$ for all $y \\ne 0.$\nSo $\\frac{f(x)}{x} = c$ for some constant $c$ for all $x \\ne 0.$\n$f(x) = cx$ for $x \\ne 0.$\nSince $f(0) = 0,$ $f(x) = cx$ for all $x \\in \\mathbb{R}.$\nUsing $f(1) = 1,$ $c \\cdot 1 = 1,$ so $c = 1.$\nThus $f(x) = x$ is the unique solution.\n\nStep 8: Find $f(2),$ $n,$ $s,$ and $n \\times s.$\nSince $f(x) = x,$ $f(2) = 2.$\nThere is only one possible value for $f(2),$ so $n = 1.$\nThe sum of all possible values of $f(2)$ is $s = 2.$\n$n \\times s = 1 \\times 2 = 2.$\n\n### 4. **Final Answer**\nFinal Answer: The final answer is $\\boxed{2}$",
    "metrics": {
        "length": 3982,
        "has_latex": true
    },
    "validation_response": null
}