{
    "problem": "If $y=\\frac{12x^4+4x^3+9x^2+5x+3}{3x^4+2x^3+8x^2+3x+1}$, at what value of $y$ will there be a horizontal asymptote?",
    "solution": "### 1. Problem Statement\nFind the value of $y$ at which the function $y=\\frac{12x^4+4x^3+9x^2+5x+3}{3x^4+2x^3+8x^2+3x+1}$ has a horizontal asymptote. In other words, we need to determine the horizontal asymptote of the given rational function and find the value of $y$ it represents.\n\n### 2. Solution Strategy\nTo find the horizontal asymptote of a rational function $y = \\frac{P(x)}{Q(x)}$, where $P(x)$ and $Q(x)$ are polynomials, we compare the degrees of the numerator $P(x)$ and the denominator $Q(x)$.\nLet the degree of $P(x)$ be $n$ and the degree of $Q(x)$ be $m$.\n\n- If $n < m$, the horizontal asymptote is $y = 0$.\n- If $n = m$, the horizontal asymptote is $y = \\frac{\\text{leading coefficient of } P(x)}{\\text{leading coefficient of } Q(x)}$.\n- If $n > m$, there is no horizontal asymptote, but there may be an oblique asymptote.\n\nIn our case, $P(x) = 12x^4+4x^3+9x^2+5x+3$ and $Q(x) = 3x^4+2x^3+8x^2+3x+1$.\nThe degree of $P(x)$ is $n=4$.\nThe degree of $Q(x)$ is $m=4$.\nSince $n = m$, the horizontal asymptote is given by the ratio of the leading coefficients of $P(x)$ and $Q(x)$.\n\n### 3. Step-by-Step Solution\n- **Step 1:** Identify the polynomials in the numerator and denominator and their degrees.\n   Numerator: $P(x) = 12x^4+4x^3+9x^2+5x+3$, degree of $P(x)$ is 4.\n   Denominator: $Q(x) = 3x^4+2x^3+8x^2+3x+1$, degree of $Q(x)$ is 4.\n\n- **Step 2:** Compare the degrees of the numerator and denominator.\n   The degree of the numerator is equal to the degree of the denominator (both are 4).\n\n- **Step 3:** Determine the leading coefficients of the numerator and denominator.\n   The leading coefficient of the numerator $P(x)$ is 12 (coefficient of $x^4$).\n   The leading coefficient of the denominator $Q(x)$ is 3 (coefficient of $x^4$).\n\n- **Step 4:** Calculate the horizontal asymptote.\n   Since the degrees are equal, the horizontal asymptote is given by the ratio of the leading coefficients:\n   $y = \\frac{\\text{Leading coefficient of } P(x)}{\\text{Leading coefficient of } Q(x)} = \\frac{12}{3} = 4$.\n\n- **Step 5:** Verify the horizontal asymptote by evaluating the limit as $x \\to \\infty$.\n   $\\lim_{x \\to \\infty} \\frac{12x^4+4x^3+9x^2+5x+3}{3x^4+2x^3+8x^2+3x+1}$\n   Divide both numerator and denominator by $x^4$:\n   $\\lim_{x \\to \\infty} \\frac{\\frac{12x^4}{x^4}+\\frac{4x^3}{x^4}+\\frac{9x^2}{x^4}+\\frac{5x}{x^4}+\\frac{3}{x^4}}{\\frac{3x^4}{x^4}+\\frac{2x^3}{x^4}+\\frac{8x^2}{x^4}+\\frac{3x}{x^4}+\\frac{1}{x^4}} = \\lim_{x \\to \\infty} \\frac{12+\\frac{4}{x}+\\frac{9}{x^2}+\\frac{5}{x^3}+\\frac{3}{x^4}}{3+\\frac{2}{x}+\\frac{8}{x^2}+\\frac{3}{x^3}+\\frac{1}{x^4}}$\n   As $x \\to \\infty$, terms like $\\frac{c}{x^k}$ (where $c$ is a constant and $k>0$) approach 0.\n   So, the limit becomes $\\frac{12+0+0+0+0}{3+0+0+0+0} = \\frac{12}{3} = 4$.\n   Thus, the horizontal asymptote is $y = 4$.\n\n### 4. Final Answer\nThe value of $y$ at which there is a horizontal asymptote is $\\boxed{4}$.",
    "metrics": {
        "length": 2886,
        "has_latex": true
    },
    "validation_response": null
}