{
    "problem": "Let $x,$ $y,$ $z$ be positive real numbers such that\n\\[\\left( \\frac{x}{y} + \\frac{y}{z} + \\frac{z}{x} \\right) + \\left( \\frac{y}{x} + \\frac{z}{y} + \\frac{x}{z} \\right) = 8.\\]Find the minimum value of\n\\[\\left( \\frac{x}{y} + \\frac{y}{z} + \\frac{z}{x} \\right) \\left( \\frac{y}{x} + \\frac{z}{y} + \\frac{x}{z} \\right).\\]",
    "solution": "## 1. Problem Statement\nGiven positive real numbers $x, y, z$ such that\n\\[\\left( \\frac{x}{y} + \\frac{y}{z} + \\frac{z}{x} \\right) + \\left( \\frac{y}{x} + \\frac{z}{y} + \\frac{x}{z} \\right) = 8.\\]\nWe need to find the minimum value of\n\\[\\left( \\frac{x}{y} + \\frac{y}{z} + \\frac{z}{x} \\right) \\left( \\frac{y}{x} + \\frac{z}{y} + \\frac{x}{z} \\right).\\]\nLet $u = \\frac{x}{y} + \\frac{y}{z} + \\frac{z}{x}$ and $v = \\frac{y}{x} + \\frac{z}{y} + \\frac{x}{z}.$\nThe given condition is $u + v = 8.$\nWe want to find the minimum value of $uv.$\n\n## 2. Solution Strategy\nWe will use the AM-GM inequality to find the lower bounds for $u$ and $v.$ Then, we will express the product $uv$ in terms of one variable using the condition $u+v=8$ and find the minimum value.\n\nBy AM-GM inequality, for positive real numbers $a, b, c,$ we have $\\frac{a}{b} + \\frac{b}{c} + \\frac{c}{a} \\ge 3 \\sqrt[3]{\\frac{a}{b} \\cdot \\frac{b}{c} \\cdot \\frac{c}{a}} = 3.$\nThus, $u = \\frac{x}{y} + \\frac{y}{z} + \\frac{z}{x} \\ge 3$ and $v = \\frac{y}{x} + \\frac{z}{y} + \\frac{x}{z} \\ge 3.$\nSince $u + v = 8,$ and $u \\ge 3$ and $v \\ge 3,$ we have $3 \\le u \\le 5$ and $3 \\le v \\le 5.$\n\nLet $P = uv.$ Since $v = 8 - u,$ we have $P = u(8 - u) = 8u - u^2.$\nWe want to minimize $f(u) = 8u - u^2$ for $u \\in [3, 5].$\nThe function $f(u) = -u^2 + 8u$ is a quadratic function opening downwards. The vertex is at $u = -\\frac{8}{2(-1)} = 4.$ The function increases for $u < 4$ and decreases for $u > 4.$\nTo find the minimum value in the interval $[3, 5],$ we check the values at the endpoints $u=3$ and $u=5.$\n$f(3) = 8(3) - 3^2 = 24 - 9 = 15.$\n$f(5) = 8(5) - 5^2 = 40 - 25 = 15.$\nThe minimum value of $f(u)$ in the interval $[3, 5]$ is $15,$ which occurs at $u = 3$ and $u = 5.$\n\n## 3. Step-by-Step Solution\n1. **Define variables:** Let $u = \\frac{x}{y} + \\frac{y}{z} + \\frac{z}{x}$ and $v = \\frac{y}{x} + \\frac{z}{y} + \\frac{x}{z}.$\n2. **Given condition:** We are given $u + v = 8.$\n3. **Objective:** We want to find the minimum value of $uv.$\n4. **Apply AM-GM inequality:** For positive real numbers, $\\frac{x}{y} + \\frac{y}{z} + \\frac{z}{x} \\ge 3 \\sqrt[3]{\\frac{x}{y} \\cdot \\frac{y}{z} \\cdot \\frac{z}{x}} = 3.$ Thus $u \\ge 3.$ Similarly, $v \\ge 3.$\n5. **Express product in terms of one variable:** Since $u + v = 8,$ we have $v = 8 - u.$ Then $uv = u(8 - u) = 8u - u^2.$ Let $f(u) = 8u - u^2.$\n6. **Determine the range of $u$:** Since $v = 8 - u \\ge 3,$ we have $u \\le 5.$ Also, we know $u \\ge 3.$ So $3 \\le u \\le 5.$\n7. **Minimize the quadratic function:** We want to minimize $f(u) = 8u - u^2$ on the interval $[3, 5].$ The vertex of the parabola $f(u) = -u^2 + 8u$ is at $u = 4.$ Since the parabola opens downwards, the minimum value in the interval $[3, 5]$ must occur at the endpoints.\n8. **Evaluate at endpoints:**\n   - $f(3) = 8(3) - 3^2 = 24 - 9 = 15.$\n   - $f(5) = 8(5) - 5^2 = 40 - 25 = 15.$\n9. **Minimum value:** The minimum value of $uv$ is $15.$\n\n## 4. Final Answer\nThe minimum value of $\\left( \\frac{x}{y} + \\frac{y}{z} + \\frac{z}{x} \\right) \\left( \\frac{y}{x} + \\frac{z}{y} + \\frac{x}{z} \\right)$ is $\\boxed{15}.$",
    "metrics": {
        "length": 3068,
        "has_latex": true
    },
    "validation_response": null
}