{
    "problem": "Find the center of the hyperbola $4x^2 - 24x - 25y^2 + 250y - 489 = 0.$",
    "solution": "## Problem Solution\n\n### 1. Problem Statement\nFind the center of the hyperbola given by the equation $4x^2 - 24x - 25y^2 + 250y - 489 = 0$.\nThe key variables are the coefficients of $x^2$, $x$, $y^2$, $y$ and the constant term in the equation of the hyperbola. We need to find the coordinates of the center $(h, k)$ of this hyperbola.\n\n### 2. Solution Strategy\nTo find the center of the hyperbola, we will rewrite the given equation in the standard form of a hyperbola by completing the square for the $x$ terms and the $y$ terms. The standard form of a hyperbola is either $\\frac{(x-h)^2}{a^2} - \\frac{(y-k)^2}{b^2} = 1$ (horizontal transverse axis) or $\\frac{(y-k)^2}{a^2} - \\frac{(x-h)^2}{b^2} = 1$ (vertical transverse axis), where $(h, k)$ is the center of the hyperbola.\n\nRelevant formulas:\n- Standard form of hyperbola with horizontal transverse axis: $\\frac{(x-h)^2}{a^2} - \\frac{(y-k)^2}{b^2} = 1$\n- Standard form of hyperbola with vertical transverse axis: $\\frac{(y-k)^2}{a^2} - \\frac{(x-h)^2}{b^2} = 1$\n- Completing the square for $ax^2 + bx$: $a(x^2 + \\frac{b}{a}x) = a(x^2 + \\frac{b}{a}x + (\\frac{b}{2a})^2 - (\\frac{b}{2a})^2) = a((x + \\frac{b}{2a})^2 - (\\frac{b}{2a})^2) = a(x + \\frac{b}{2a})^2 - \\frac{b^2}{4a}$\n\n### 3. Step-by-Step Solution\nGiven equation: $4x^2 - 24x - 25y^2 + 250y - 489 = 0$\n\nStep 1: Group the $x$ terms and $y$ terms together.\n$(4x^2 - 24x) - (25y^2 - 250y) - 489 = 0$\n\nStep 2: Factor out the coefficients of $x^2$ and $y^2$ from their respective groups.\n$4(x^2 - 6x) - 25(y^2 - 10y) - 489 = 0$\n\nStep 3: Complete the square for the expression in the parentheses for $x$ terms and $y$ terms.\nFor $x^2 - 6x$: To complete the square, we add and subtract $(\\frac{-6}{2})^2 = (-3)^2 = 9$.\n$x^2 - 6x = (x^2 - 6x + 9) - 9 = (x-3)^2 - 9$\n\nFor $y^2 - 10y$: To complete the square, we add and subtract $(\\frac{-10}{2})^2 = (-5)^2 = 25$.\n$y^2 - 10y = (y^2 - 10y + 25) - 25 = (y-5)^2 - 25$\n\nStep 4: Substitute the completed square forms back into the equation.\n$4((x-3)^2 - 9) - 25((y-5)^2 - 25) - 489 = 0$\n\nStep 5: Expand and simplify the equation.\n$4(x-3)^2 - 36 - 25(y-5)^2 + 625 - 489 = 0$\n$4(x-3)^2 - 25(y-5)^2 - 36 + 625 - 489 = 0$\n$4(x-3)^2 - 25(y-5)^2 + 100 = 0$\n\nStep 6: Rearrange the equation to resemble the standard form of a hyperbola.\n$4(x-3)^2 - 25(y-5)^2 = -100$\n\nStep 7: Divide both sides by $-100$ to get 1 on the right side.\n$\\frac{4(x-3)^2}{-100} - \\frac{25(y-5)^2}{-100} = \\frac{-100}{-100}$\n$\\frac{(x-3)^2}{-25} - \\frac{(y-5)^2}{-4} = 1$\n\nStep 8: Rewrite the equation in the standard form of a hyperbola.\n$\\frac{(y-5)^2}{4} - \\frac{(x-3)^2}{25} = 1$\n\nStep 9: Identify the center $(h, k)$ from the standard form.\nComparing with the standard form $\\frac{(y-k)^2}{a^2} - \\frac{(x-h)^2}{b^2} = 1$, we have $h = 3$ and $k = 5$.\nThus, the center of the hyperbola is $(3, 5)$.\n\n### 4. Final Answer\nThe center of the hyperbola is $\\boxed{(3, 5)}$\n\n**Verification:**\nWe can expand the standard form we derived and check if it matches the original equation.\n$\\frac{(y-5)^2}{4} - \\frac{(x-3)^2}{25} = 1$\nMultiply by $100$ to clear the denominators:\n$25(y-5)^2 - 4(x-3)^2 = 100$\n$25(y^2 - 10y + 25) - 4(x^2 - 6x + 9) = 100$\n$25y^2 - 250y + 625 - 4x^2 + 24x - 36 = 100$\n$-4x^2 + 24x + 25y^2 - 250y + 625 - 36 - 100 = 0$\n$-4x^2 + 24x + 25y^2 - 250y + 489 = 0$\nMultiply by $-1$:\n$4x^2 - 24x - 25y^2 + 250y - 489 = 0$\nThis matches the original equation. The center is indeed $(3, 5)$.",
    "metrics": {
        "length": 3416,
        "has_latex": true
    },
    "validation_response": null
}