{
    "problem": "Compute the unique positive integer $n$ such that\n\\[2 \\cdot 2^2 + 3 \\cdot 2^3 + 4 \\cdot 2^4 + \\dots + n \\cdot 2^n = 2^{n + 10}.\\]",
    "solution": "## Problem Statement\n\n1. **Problem Statement**\nFind the unique positive integer $n$ that satisfies the equation:\n\\[2 \\cdot 2^2 + 3 \\cdot 2^3 + 4 \\cdot 2^4 + \\dots + n \\cdot 2^n = 2^{n + 10}.\\]\n\n2. **Key Variables and Constraints**\n- $n$: a positive integer, the unknown we need to find.\n- The equation involves a sum on the left-hand side and a power of 2 on the right-hand side.\n- We need to find the *unique* positive integer solution for $n$.\n\n## Solution Strategy\n\n1. **Simplify the Left-Hand Side (LHS):**\n   - Recognize that the LHS is a sum of the form $\\sum_{k=2}^{n} k \\cdot 2^k$.\n   - Find a closed-form expression for this sum using the technique for summing arithmetico-geometric series. We will use differentiation of the geometric series formula.\n\n2. **Set up the Equation:**\n   - Once we have the closed-form expression for the LHS, set it equal to the RHS, which is $2^{n+10}$.\n\n3. **Solve for $n$:**\n   - Simplify the equation and solve for $n$.\n   - Verify that the obtained value of $n$ is a positive integer and is the unique solution.\n\n**Relevant Formulas/Theorems:**\n- Geometric series sum: $\\sum_{k=0}^{n} x^k = \\frac{1 - x^{n+1}}{1 - x}$ for $x \\neq 1$.\n- Differentiation to derive sum of arithmetico-geometric series.\n\n## Step-by-Step Solution\n\n1. **Simplify the Left-Hand Side (LHS):**\n   Let $S = \\sum_{k=2}^{n} k \\cdot 2^k = 2 \\cdot 2^2 + 3 \\cdot 2^3 + 4 \\cdot 2^4 + \\dots + n \\cdot 2^n$.\n   Consider the sum $T(x) = \\sum_{k=1}^{n} k x^k = 1 \\cdot x + 2 \\cdot x^2 + 3 \\cdot x^3 + \\dots + n \\cdot x^n$.\n   We know that for $|x| < 1$, $\\sum_{k=0}^{n} x^k = \\frac{1 - x^{n+1}}{1 - x}$.\n   Differentiate both sides with respect to $x$:\n   \\[\\frac{d}{dx} \\left( \\sum_{k=0}^{n} x^k \\right) = \\frac{d}{dx} \\left( \\frac{1 - x^{n+1}}{1 - x} \\right)\\]\n   \\[\\sum_{k=1}^{n} k x^{k-1} = \\frac{-(n+1)x^n (1 - x) - (1 - x^{n+1}) (-1)}{(1 - x)^2} = \\frac{-(n+1)x^n + (n+1)x^{n+1} + 1 - x^{n+1}}{(1 - x)^2} = \\frac{1 - (n+1)x^n + nx^{n+1}}{(1 - x)^2}\\]\n   Multiply both sides by $x$:\n   \\[T(x) = \\sum_{k=1}^{n} k x^k = \\frac{x (1 - (n+1)x^n + nx^{n+1})}{(1 - x)^2} = \\frac{x - (n+1)x^{n+1} + nx^{n+2}}{(1 - x)^2}\\]\n   Now, we set $x = 2$:\n   \\[T(2) = \\sum_{k=1}^{n} k 2^k = \\frac{2 - (n+1)2^{n+1} + n2^{n+2}}{(1 - 2)^2} = \\frac{2 - (n+1)2^{n+1} + n2^{n+2}}{(-1)^2} = 2 - (n+1)2^{n+1} + n2^{n+2}\\]\n   \\[T(2) = 2 - n2^{n+1} - 2^{n+1} + 2n2^{n+1} = 2 - 2^{n+1} + n2^{n+1} = 2 + (n - 1)2^{n+1}\\]\n   We need to calculate $S = \\sum_{k=2}^{n} k \\cdot 2^k = T(2) - 1 \\cdot 2^1 = T(2) - 2$.\n   \\[S = (2 + (n - 1)2^{n+1}) - 2 = (n - 1)2^{n+1}\\]\n\n2. **Set up the Equation and Solve for $n$:**\n   We are given that $S = 2^{n + 10}$. Therefore, we have the equation:\n   \\[(n - 1)2^{n+1} = 2^{n + 10}\\]\n   Divide both sides by $2^{n+1}$ (since $2^{n+1} \\neq 0$):\n   \\[n - 1 = \\frac{2^{n + 10}}{2^{n+1}} = 2^{(n + 10) - (n+1)} = 2^{9} = 512\\]\n   \\[n = 512 + 1 = 513\\]\n\n3. **Verify the Answer:**\n   - $n = 513$ is a positive integer.\n   - LHS = $(n - 1)2^{n+1} = (513 - 1)2^{513+1} = 512 \\cdot 2^{514} = 2^9 \\cdot 2^{514} = 2^{514 + 9} = 2^{523}$.\n   - RHS = $2^{n + 10} = 2^{513 + 10} = 2^{523}$.\n   - LHS = RHS, so the solution is correct.\n   - To ensure uniqueness, consider the function $f(n) = (n-1)2^{n+1} - 2^{n+10} = 2^{n+1} (n-1 - 2^9)$. For $n > 1$, $2^{n+1}$ is increasing, and $n-1-2^9$ is increasing. Thus $f(n)$ is strictly increasing for $n > 1$. Hence there is at most one solution. Since we found $n=513$ is a solution, it must be unique.\n\n## Final Answer\n\n1. **Final Answer**\nThe unique positive integer $n$ is $\\boxed{513}$.",
    "metrics": {
        "length": 3538,
        "has_latex": true
    },
    "validation_response": null
}