{
    "problem": "The equation $x^2 + 2x = i$ has two complex solutions. Determine the product of their real parts.",
    "solution": "### 1. Problem Statement\nFind the product of the real parts of the two complex solutions to the equation $x^2 + 2x = i$.\n\nKey variables and constraints:\n- Equation: $x^2 + 2x = i$\n- Unknown: product of the real parts of the two complex solutions for $x$.\n\n### 2. Solution Strategy\nFirst, we will rewrite the given equation in the standard quadratic form $ax^2 + bx + c = 0$. Then, we will use the quadratic formula to find the two complex solutions. For each solution, we will identify the real part. Finally, we will calculate the product of these real parts.\n\nRelevant formulas:\n- Quadratic Formula: For $ax^2 + bx + c = 0$, the solutions are $x = \\frac{-b \\pm \\sqrt{b^2 - 4ac}}{2a}$.\n- Complex number in the form $z = a + bi$, the real part is $a$.\n\n### 3. Step-by-Step Solution\nStep 1: Rewrite the equation in standard quadratic form.\n$x^2 + 2x = i$\n$x^2 + 2x - i = 0$\nHere, $a = 1$, $b = 2$, $c = -i$.\n\nStep 2: Apply the quadratic formula to find the solutions for $x$.\n$x = \\frac{-b \\pm \\sqrt{b^2 - 4ac}}{2a} = \\frac{-2 \\pm \\sqrt{2^2 - 4(1)(-i)}}{2(1)} = \\frac{-2 \\pm \\sqrt{4 + 4i}}{2} = \\frac{-2 \\pm \\sqrt{4(1 + i)}}{2} = \\frac{-2 \\pm 2\\sqrt{1 + i}}{2} = -1 \\pm \\sqrt{1 + i}$\nSo the two solutions are $x_1 = -1 + \\sqrt{1 + i}$ and $x_2 = -1 - \\sqrt{1 + i}$.\n\nStep 3: Find the square root of the complex number $1 + i$.\nLet $\\sqrt{1 + i} = u + vi$, where $u, v \\in \\mathbb{R}$.\nSquaring both sides, $1 + i = (u + vi)^2 = u^2 + 2uvi + (vi)^2 = (u^2 - v^2) + 2uvi$.\nEquating real and imaginary parts:\n$u^2 - v^2 = 1$  (1)\n$2uv = 1$     (2)\nFrom (2), $v = \\frac{1}{2u}$. Substitute into (1):\n$u^2 - \\left(\\frac{1}{2u}\\right)^2 = 1$\n$u^2 - \\frac{1}{4u^2} = 1$\nMultiply by $4u^2$: $4u^4 - 1 = 4u^2$\n$4u^4 - 4u^2 - 1 = 0$\nLet $y = u^2$. Then $4y^2 - 4y - 1 = 0$.\n$y = \\frac{-(-4) \\pm \\sqrt{(-4)^2 - 4(4)(-1)}}{2(4)} = \\frac{4 \\pm \\sqrt{16 + 16}}{8} = \\frac{4 \\pm \\sqrt{32}}{8} = \\frac{4 \\pm 4\\sqrt{2}}{8} = \\frac{1 \\pm \\sqrt{2}}{2}$.\nSince $u^2 = y \\ge 0$, we take the positive solution: $u^2 = \\frac{1 + \\sqrt{2}}{2}$.\n$u = \\pm \\sqrt{\\frac{1 + \\sqrt{2}}{2}}$.\nIf $u = \\sqrt{\\frac{1 + \\sqrt{2}}{2}}$, then $v = \\frac{1}{2u} = \\frac{1}{2\\sqrt{\\frac{1 + \\sqrt{2}}{2}}} = \\sqrt{\\frac{1}{4 \\cdot \\frac{1 + \\sqrt{2}}{2}}} = \\sqrt{\\frac{1}{2(1 + \\sqrt{2})}} = \\sqrt{\\frac{\\sqrt{2} - 1}{2(\\sqrt{2} + 1)(\\sqrt{2} - 1)}} = \\sqrt{\\frac{\\sqrt{2} - 1}{2(2 - 1)}} = \\sqrt{\\frac{\\sqrt{2} - 1}{2}}$.\nSo $\\sqrt{1 + i} = \\pm \\left( \\sqrt{\\frac{1 + \\sqrt{2}}{2}} + i \\sqrt{\\frac{\\sqrt{2} - 1}{2}} \\right)$.\n\nStep 4: Find the two complex solutions $x_1$ and $x_2$.\nUsing the positive square root: $\\sqrt{1 + i} = \\sqrt{\\frac{1 + \\sqrt{2}}{2}} + i \\sqrt{\\frac{\\sqrt{2} - 1}{2}}$.\n$x_1 = -1 + \\sqrt{1 + i} = -1 + \\sqrt{\\frac{1 + \\sqrt{2}}{2}} + i \\sqrt{\\frac{\\sqrt{2} - 1}{2}} = \\left( -1 + \\sqrt{\\frac{1 + \\sqrt{2}}{2}} \\right) + i \\sqrt{\\frac{\\sqrt{2} - 1}{2}}$.\nUsing the negative square root: $-\\sqrt{1 + i} = -\\sqrt{\\frac{1 + \\sqrt{2}}{2}} - i \\sqrt{\\frac{\\sqrt{2} - 1}{2}}$.\n$x_2 = -1 - \\sqrt{1 + i} = -1 - \\sqrt{\\frac{1 + \\sqrt{2}}{2}} - i \\sqrt{\\frac{\\sqrt{2} - 1}{2}} = \\left( -1 - \\sqrt{\\frac{1 + \\sqrt{2}}{2}} \\right) - i \\sqrt{\\frac{\\sqrt{2} - 1}{2}}$.\n\nStep 5: Determine the real parts of $x_1$ and $x_2$.\nRe$(x_1) = -1 + \\sqrt{\\frac{1 + \\sqrt{2}}{2}}$\nRe$(x_2) = -1 - \\sqrt{\\frac{1 + \\sqrt{2}}{2}}$\n\nStep 6: Calculate the product of the real parts.\nProduct = Re$(x_1) \\cdot$ Re$(x_2) = \\left( -1 + \\sqrt{\\frac{1 + \\sqrt{2}}{2}} \\right) \\left( -1 - \\sqrt{\\frac{1 + \\sqrt{2}}{2}} \\right)$\nThis is of the form $(a - b)(a + b) = a^2 - b^2$ with $a = -1$ and $b = \\sqrt{\\frac{1 + \\sqrt{2}}{2}}$.\nProduct $= (-1)^2 - \\left( \\sqrt{\\frac{1 + \\sqrt{2}}{2}} \\right)^2 = 1 - \\frac{1 + \\sqrt{2}}{2} = \\frac{2 - (1 + \\sqrt{2})}{2} = \\frac{2 - 1 - \\sqrt{2}}{2} = \\frac{1 - \\sqrt{2}}{2}$.\n\n### 4. Final Answer\nFinal Answer: The final answer is $\\boxed{\\frac{1 - \\sqrt{2}}{2}}$",
    "metrics": {
        "length": 3854,
        "has_latex": true
    },
    "validation_response": null
}