{
    "problem": "Find \\[\\left|\\left(\\frac 35+\\frac 45i\\right)^6\\right|\\]",
    "solution": "## Problem Solution\n\n### 1. Problem Statement\nFind the modulus of the complex number $\\left(\\frac 35+\\frac 45i\\right)^6$.\nLet $z = \\frac 35+\\frac 45i$. We are asked to calculate $|z^6|$.\n\n### 2. Solution Strategy\nWe will use the property that for any complex number $z$ and any integer $n$, the modulus of $z^n$ is equal to the $n$-th power of the modulus of $z$, i.e., $|z^n| = |z|^n$.\nFirst, we will find the modulus of the complex number $z = \\frac 35+\\frac 45i$.\nThen, we will raise this modulus to the power of 6 to find the modulus of $\\left(\\frac 35+\\frac 45i\\right)^6$.\n\nThe formula for the modulus of a complex number $z = a+bi$, where $a$ and $b$ are real numbers, is given by $|z| = \\sqrt{a^2+b^2}$.\n\n### 3. Step-by-Step Solution\nLet $z = \\frac 35+\\frac 45i$. We need to calculate $|z^6|$.\nUsing the property $|z^n| = |z|^n$, we have\n\\[|z^6| = |z|^6 = \\left|\\frac 35+\\frac 45i\\right|^6\\]\nNow, we calculate the modulus of $z = \\frac 35+\\frac 45i$.\nHere, the real part is $a = \\frac 35$ and the imaginary part is $b = \\frac 45$.\nUsing the formula for the modulus, $|z| = \\sqrt{a^2+b^2}$, we get\n\\[|z| = \\left|\\frac 35+\\frac 45i\\right| = \\sqrt{\\left(\\frac 35\\right)^2+\\left(\\frac 45\\right)^2}\\]\nCalculate the squares of the real and imaginary parts:\n\\[\\left(\\frac 35\\right)^2 = \\frac{3^2}{5^2} = \\frac{9}{25}\\]\n\\[\\left(\\frac 45\\right)^2 = \\frac{4^2}{5^2} = \\frac{16}{25}\\]\nAdd the squares:\n\\[\\left(\\frac 35\\right)^2+\\left(\\frac 45\\right)^2 = \\frac{9}{25}+\\frac{16}{25} = \\frac{9+16}{25} = \\frac{25}{25} = 1\\]\nTake the square root to find the modulus of $z$:\n\\[|z| = \\sqrt{1} = 1\\]\nNow, we need to find $|z^6| = |z|^6$. Since $|z|=1$, we have\n\\[|z^6| = |z|^6 = (1)^6 = 1\\]\n\n### 4. Final Answer\nThe final answer is $\\boxed{1}$\n\nVerification:\nThe modulus of a complex number is a non-negative real number. Our result is 1, which is a valid modulus. We used the property $|z^n| = |z|^n$ and the definition of the modulus correctly. The calculations are straightforward and accurate.\nThe complex number $\\frac 35+\\frac 45i$ lies on the unit circle in the complex plane because its modulus is 1. Raising it to any integer power will still result in a complex number on the unit circle, and thus its modulus will remain 1.",
    "metrics": {
        "length": 2087,
        "has_latex": false
    },
    "validation_response": null
}