{
    "problem": "Let $x,$ $y,$ and $z$ be real numbers such that\n\\[x^3 + y^3 + z^3 - 3xyz = 1.\\]Find the minimum value of $x^2 + y^2 + z^2.$",
    "solution": "## Problem Statement\n- Given variables: $x, y, z \\in \\mathbb{R}$\n- Constraint: $x^3 + y^3 + z^3 - 3xyz = 1$\n- Objective: Find the minimum value of $x^2 + y^2 + z^2$\n\n## Solution Strategy\n1. **Factorization Identity:** Utilize the identity $x^3 + y^3 + z^3 - 3xyz = (x+y+z)(x^2+y^2+z^2-xy-yz-zx).$\n2. **Variable Substitution:** Let $u = x+y+z$ and $v = x^2+y^2+z^2.$ Express $x^2+y^2+z^2-xy-yz-zx$ in terms of $u$ and $v.$\n3. **Constraint in Terms of u and v:** Rewrite the given constraint $x^3 + y^3 + z^3 - 3xyz = 1$ using $u$ and $v.$\n4. **Minimize v:** Express $v$ as a function of $u$ and find the minimum value of $v$ using calculus or AM-GM inequality.\n5. **Verification:** Check if the minimum value is achievable and find corresponding values of $x, y, z.$\n\n## Step-by-Step Solution\n1. **Factorization Identity:**\nWe know the factorization formula for the sum of cubes minus $3xyz$:\n\\[x^3 + y^3 + z^3 - 3xyz = (x+y+z)(x^2+y^2+z^2-xy-yz-zx).\\]\nGiven $x^3 + y^3 + z^3 - 3xyz = 1,$ we have\n\\[(x+y+z)(x^2+y^2+z^2-xy-yz-zx) = 1.\\]\n\n2. **Variable Substitution:**\nLet $u = x+y+z$ and $v = x^2+y^2+z^2.$\nWe know that $(x+y+z)^2 = x^2+y^2+z^2+2(xy+yz+zx).$\nSo $u^2 = v + 2(xy+yz+zx),$ which means $xy+yz+zx = \\frac{u^2-v}{2}.$\nNow we can express $x^2+y^2+z^2-xy-yz-zx$ in terms of $u$ and $v$:\n\\[x^2+y^2+z^2-xy-yz-zx = v - \\frac{u^2-v}{2} = v - \\frac{u^2}{2} + \\frac{v}{2} = \\frac{3}{2}v - \\frac{1}{2}u^2.\\]\n\n3. **Constraint in Terms of u and v:**\nSubstituting into the factored equation, we get\n\\[u \\left( \\frac{3}{2}v - \\frac{1}{2}u^2 \\right) = 1.\\]\nMultiplying by 2 to clear fractions, we have\n\\[u (3v - u^2) = 2.\\]\n\\[3uv - u^3 = 2.\\]\nWe want to minimize $v,$ so we express $v$ in terms of $u$:\n\\[3uv = u^3 + 2.\\]\n\\[v = \\frac{u^3 + 2}{3u} = \\frac{u^3}{3u} + \\frac{2}{3u} = \\frac{u^2}{3} + \\frac{2}{3u}.\\]\nSince $x^2+y^2+z^2-xy-yz-zx = \\frac{1}{2}((x-y)^2+(y-z)^2+(z-x)^2) \\ge 0$ and $(x+y+z)(x^2+y^2+z^2-xy-yz-zx) = 1,$ we must have $x+y+z = u > 0.$\nSo we need to minimize $v(u) = \\frac{u^2}{3} + \\frac{2}{3u}$ for $u > 0.$\n\n4. **Minimize v:**\nTo find the minimum value of $v(u),$ we take the derivative with respect to $u$ and set it to zero:\n\\[v'(u) = \\frac{2u}{3} - \\frac{2}{3u^2}.\\]\nSet $v'(u) = 0$:\n\\[\\frac{2u}{3} - \\frac{2}{3u^2} = 0.\\]\n\\[\\frac{2u}{3} = \\frac{2}{3u^2}.\\]\n\\[u = \\frac{1}{u^2}.\\]\n\\[u^3 = 1.\\]\nSince $u$ is a real number, $u = 1.$\nTo check if this is a minimum, we find the second derivative:\n\\[v''(u) = \\frac{2}{3} - \\left( -\\frac{2 \\cdot 2}{3} u^{-3} \\right) = \\frac{2}{3} + \\frac{4}{3u^3}.\\]\nFor $u = 1,$ $v''(1) = \\frac{2}{3} + \\frac{4}{3(1)^3} = \\frac{2}{3} + \\frac{4}{3} = \\frac{6}{3} = 2 > 0.$\nSince $v''(1) > 0,$ $u = 1$ is a local minimum. As $u=1$ is the only critical point for $u>0,$ it is the global minimum.\nThe minimum value of $v$ is $v(1) = \\frac{1^2}{3} + \\frac{2}{3(1)} = \\frac{1}{3} + \\frac{2}{3} = \\frac{3}{3} = 1.$\n\n5. **Verification:**\nWe need to check if there exist real numbers $x, y, z$ such that $x+y+z = 1$ and $x^2+y^2+z^2 = 1$ and $x^3+y^3+z^3-3xyz = 1.$\nFor $x=1, y=0, z=0,$ we have:\n$x+y+z = 1+0+0 = 1.$\n$x^2+y^2+z^2 = 1^2+0^2+0^2 = 1.$\n$x^3+y^3+z^3-3xyz = 1^3+0^3+0^3-3(1)(0)(0) = 1.$\nAll conditions are satisfied. Therefore, the minimum value of $x^2+y^2+z^2$ is 1.\n\nFinal Answer: The final answer is $\\boxed{1}$",
    "metrics": {
        "length": 3270,
        "has_latex": true
    },
    "validation_response": null
}