{
    "problem": "Let $f : \\mathbb{R} \\to \\mathbb{R}$ be a function such that\n\\[f(x) f(y) - f(xy) = x + y\\]for all real numbers $x$ and $y.$\n\nLet $n$ be the number of possible values of $f(2),$ and let $s$ be the sum of all possible values of $f(2).$  Find $n \\times s.$",
    "solution": "**1. Problem Statement**\n\nGiven the functional equation $f(x) f(y) - f(xy) = x + y$ for all real numbers $x$ and $y,$ we need to find the number of possible values of $f(2),$ denoted by $n,$ and the sum of all possible values of $f(2),$ denoted by $s.$  Finally, we need to calculate the product $n \\times s.$\n\n**2. Solution Strategy**\n\nWe will substitute specific values for $x$ and $y$ into the functional equation to deduce properties of $f(x).$ We will first find possible values for $f(1),$ and then use these values to determine the form of $f(x).$ Finally, we will check if the derived forms of $f(x)$ satisfy the original equation.\n\n**3. Step-by-Step Solution**\n\n**Step 1: Find possible values for $f(1).$**\nSet $x = 1$ and $y = 1$ in the given equation:\n\\[f(1) f(1) - f(1 \\cdot 1) = 1 + 1\\]\n\\[f(1)^2 - f(1) = 2\\]\n\\[f(1)^2 - f(1) - 2 = 0\\]\nThis is a quadratic equation in $f(1).$ We can factor it as:\n\\[(f(1) - 2)(f(1) + 1) = 0\\]\nThus, the possible values for $f(1)$ are $f(1) = 2$ or $f(1) = -1.$\n\n**Step 2: Case 1: $f(1) = 2.$**\nSet $y = 1$ in the given equation:\n\\[f(x) f(1) - f(x \\cdot 1) = x + 1\\]\n\\[f(x) \\cdot 2 - f(x) = x + 1\\]\n\\[2 f(x) - f(x) = x + 1\\]\n\\[f(x) = x + 1\\]\nLet's verify if $f(x) = x + 1$ is a solution to the original equation:\n\\[f(x) f(y) - f(xy) = (x + 1)(y + 1) - (xy + 1) = xy + x + y + 1 - xy - 1 = x + y\\]\nYes, $f(x) = x + 1$ is a solution. In this case, $f(2) = 2 + 1 = 3.$\n\n**Step 3: Case 2: $f(1) = -1.$**\nSet $y = 1$ in the given equation:\n\\[f(x) f(1) - f(x \\cdot 1) = x + 1\\]\n\\[f(x) \\cdot (-1) - f(x) = x + 1\\]\n\\[-f(x) - f(x) = x + 1\\]\n\\[-2 f(x) = x + 1\\]\n\\[f(x) = -\\frac{x + 1}{2}\\]\nLet's verify if $f(x) = -\\frac{x + 1}{2}$ is a solution to the original equation:\n\\[f(x) f(y) - f(xy) = \\left( -\\frac{x + 1}{2} \\right) \\left( -\\frac{y + 1}{2} \\right) - \\left( -\\frac{xy + 1}{2} \\right) = \\frac{(x + 1)(y + 1)}{4} + \\frac{xy + 1}{2} = \\frac{xy + x + y + 1 + 2(xy + 1)}{4} = \\frac{3xy + x + y + 3}{4}\\]\nWe need to check if this is equal to $x + y.$\n\\[\\frac{3xy + x + y + 3}{4} = x + y\\]\n\\[3xy + x + y + 3 = 4x + 4y\\]\n\\[3xy - 3x - 3y + 3 = 0\\]\n\\[xy - x - y + 1 = 0\\]\n\\[(x - 1)(y - 1) = 0\\]\nThis equation must hold for all real numbers $x$ and $y,$ but $(x - 1)(y - 1) = 0$ is only true when $x = 1$ or $y = 1.$  Therefore, $f(x) = -\\frac{x + 1}{2}$ is not a solution.\n\n**Step 4: Determine possible values of $f(2).$**\nFrom our analysis, the only valid solution is $f(x) = x + 1.$  For this solution, $f(2) = 2 + 1 = 3.$\nThus, there is only one possible value for $f(2),$ which is $3.$\n\n**Step 5: Calculate $n$ and $s.$**\nThe number of possible values of $f(2)$ is $n = 1.$\nThe sum of all possible values of $f(2)$ is $s = 3.$\n\n**Step 6: Calculate $n \\times s.$**\n$n \\times s = 1 \\times 3 = 3.$\n\n**4. Final Answer**\n\nFinal Answer: The final answer is $\\boxed{3}$",
    "metrics": {
        "length": 2799,
        "has_latex": true
    },
    "validation_response": null
}