{
    "problem": "Let $a$, $b$, and $c$ be positive real numbers. What is the smallest possible value of $(a+b+c)\\left(\\frac{1}{a+b}+\\frac{1}{a+c}+\\frac{1}{b+c}\\right)$?",
    "solution": "## Problem Solution\n\n### 1. Problem Statement\nDetermine the smallest possible value of the expression $(a+b+c)\\left(\\frac{1}{a+b}+\\frac{1}{a+c}+\\frac{1}{b+c}\\right)$, given that $a$, $b$, and $c$ are positive real numbers.\n\nKey variables: $a, b, c$\nConstraint: $a, b, c > 0$\nExpression to minimize: $(a+b+c)\\left(\\frac{1}{a+b}+\\frac{1}{a+c}+\\frac{1}{b+c}\\right)$\n\n### 2. Solution Strategy\nWe will use algebraic manipulation and the AM-GM inequality (specifically, $x + \\frac{1}{x} \\ge 2$ for $x>0$) to find the minimum value. We will also verify when the equality holds to ensure the minimum value is achievable.\n\nAlternatively, we can use the Cauchy-Schwarz Inequality.\n\nLet's first expand the expression and rearrange terms to reveal a structure that is easier to minimize.\n\n### 3. Step-by-Step Solution\n\nLet the given expression be $E$.\n$$E = (a+b+c)\\left(\\frac{1}{a+b}+\\frac{1}{a+c}+\\frac{1}{b+c}\\right)$$\nExpand the expression:\n$$E = (a+b+c) \\frac{1}{a+b} + (a+b+c) \\frac{1}{a+c} + (a+b+c) \\frac{1}{b+c}$$\n$$E = \\frac{a+b+c}{a+b} + \\frac{a+b+c}{a+c} + \\frac{a+b+c}{b+c}$$\nSeparate terms in the numerator:\n$$E = \\left(\\frac{a+b}{a+b} + \\frac{c}{a+b}\\right) + \\left(\\frac{a+c}{a+c} + \\frac{b}{a+c}\\right) + \\left(\\frac{b+c}{b+c} + \\frac{a}{b+c}\\right)$$\n$$E = \\left(1 + \\frac{c}{a+b}\\right) + \\left(1 + \\frac{b}{a+c}\\right) + \\left(1 + \\frac{a}{b+c}\\right)$$\n$$E = 3 + \\frac{c}{a+b} + \\frac{b}{a+c} + \\frac{a}{b+c}$$\nRearrange the terms to pair up reciprocals:\n$$E = 3 + \\left(\\frac{a}{b+c} + \\frac{b}{a+c} + \\frac{c}{a+b}\\right)$$\n\nLet $x = a+b$, $y = a+c$, $z = b+c$.\nThen $a = \\frac{x+y-z}{2}$, $b = \\frac{x-y+z}{2}$, $c = \\frac{-x+y+z}{2}$.\nAnd $a+b+c = \\frac{x+y+z}{2}$.\nThe expression becomes\n$$E = (a+b+c)\\left(\\frac{1}{a+b}+\\frac{1}{a+c}+\\frac{1}{b+c}\\right) = \\frac{x+y+z}{2} \\left(\\frac{1}{x} + \\frac{1}{y} + \\frac{1}{z}\\right)$$\n$$E = \\frac{1}{2} \\left( (x+y+z) \\left(\\frac{1}{x} + \\frac{1}{y} + \\frac{1}{z}\\right) \\right)$$\n$$E = \\frac{1}{2} \\left( x\\left(\\frac{1}{x} + \\frac{1}{y} + \\frac{1}{z}\\right) + y\\left(\\frac{1}{x} + \\frac{1}{y} + \\frac{1}{z}\\right) + z\\left(\\frac{1}{x} + \\frac{1}{y} + \\frac{1}{z}\\right) \\right)$$\n$$E = \\frac{1}{2} \\left( \\frac{x}{x} + \\frac{x}{y} + \\frac{x}{z} + \\frac{y}{x} + \\frac{y}{y} + \\frac{y}{z} + \\frac{z}{x} + \\frac{z}{y} + \\frac{z}{z} \\right)$$\n$$E = \\frac{1}{2} \\left( 1 + \\frac{x}{y} + \\frac{x}{z} + \\frac{y}{x} + 1 + \\frac{y}{z} + \\frac{z}{x} + \\frac{z}{y} + 1 \\right)$$\n$$E = \\frac{1}{2} \\left( 3 + \\left(\\frac{x}{y} + \\frac{y}{x}\\right) + \\left(\\frac{x}{z} + \\frac{z}{x}\\right) + \\left(\\frac{y}{z} + \\frac{z}{y}\\right) \\right)$$\nWe know that for any positive real number $t$, $t + \\frac{1}{t} \\ge 2$ by AM-GM inequality (or because $( \\sqrt{t} - \\frac{1}{\\sqrt{t}} )^2 \\ge 0 \\implies t - 2 + \\frac{1}{t} \\ge 0 \\implies t + \\frac{1}{t} \\ge 2$).\nEquality holds when $t = 1$.\n\nApplying this to each term:\n$\\frac{x}{y} + \\frac{y}{x} \\ge 2$\n$\\frac{x}{z} + \\frac{z}{x} \\ge 2$\n$\\frac{y}{z} + \\frac{z}{y} \\ge 2$\n\nSo, $E \\ge \\frac{1}{2} (3 + 2 + 2 + 2) = \\frac{1}{2} (9) = \\frac{9}{2}$.\n\nEquality holds when $\\frac{x}{y} = 1$, $\\frac{x}{z} = 1$, $\\frac{y}{z} = 1$.\nThis means $x = y = z$.\n$a+b = a+c = b+c$.\nFrom $a+b = a+c$, we get $b=c$.\nFrom $a+c = b+c$, we get $a=b$.\nSo $a=b=c$.\nFor example, let $a=b=c=1$. Then $a, b, c > 0$.\n$E = (1+1+1)\\left(\\frac{1}{1+1}+\\frac{1}{1+1}+\\frac{1}{1+1}\\right) = 3 \\left(\\frac{1}{2} + \\frac{1}{2} + \\frac{1}{2}\\right) = 3 \\times \\frac{3}{2} = \\frac{9}{2}$.\n\nThe minimum value is indeed $\\frac{9}{2}$.\n\n### 4. Final Answer\nThe smallest possible value of $(a+b+c)\\left(\\frac{1}{a+b}+\\frac{1}{a+c}+\\frac{1}{b+c}\\right)$ is $\\boxed{\\frac{9}{2}}$.\n\nVerification:\nWe have shown using AM-GM inequality that the expression is always greater than or equal to $\\frac{9}{2}$. We also showed that equality is achieved when $a=b=c$, and for $a=b=c=1$ (positive real numbers), the value is exactly $\\frac{9}{2}$. Therefore, the minimum value is indeed $\\frac{9}{2}$.\n\nFinal Answer: The final answer is $\\boxed{\\frac{9}{2}}$",
    "metrics": {
        "length": 3997,
        "has_latex": true
    },
    "validation_response": null
}