{
    "problem": "Let $r_1,$ $r_2,$ and $r_3$ be the roots of\n\\[x^3 - 3x^2 + 8 = 0.\\]Find the monic polynomial, in $x,$ whose roots are $2r_1,$ $2r_2,$ and $2r_3.$",
    "solution": "## Problem Solution\n\n**1. Problem Statement**\n\nFind the monic polynomial whose roots are $2r_1,$ $2r_2,$ and $2r_3,$ where $r_1,$ $r_2,$ and $r_3$ are the roots of the cubic equation $x^3 - 3x^2 + 8 = 0.$\n- **Key variables:** $r_1, r_2, r_3$ are roots of $x^3 - 3x^2 + 8 = 0$.\n- **Constraint:** We need to find a *monic* polynomial with roots $2r_1, 2r_2, 2r_3.$\n\n**2. Solution Strategy**\n\nLet $P(x) = x^3 - 3x^2 + 8.$ We are given that $r_1, r_2, r_3$ are the roots of $P(x) = 0.$ We want to find a polynomial $Q(x)$ whose roots are $2r_1, 2r_2, 2r_3.$\n\nIf $r$ is a root of $P(x) = 0,$ then we want to find a polynomial that has $2r$ as a root.\nLet $y = 2x.$ Then $x = \\frac{y}{2}.$\nIf $x$ is a root of $P(x) = 0,$ we substitute $x = \\frac{y}{2}$ into $P(x) = 0$ to obtain a polynomial in $y$ whose roots are $2x.$\nThe polynomial $Q(y) = P\\left(\\frac{y}{2}\\right)$ will have roots $2r_1, 2r_2, 2r_3.$\nAfter finding $Q(y),$ we replace $y$ with $x$ to get the desired polynomial $Q(x).$\n\n**Relevant Formulas/Theorems:**\n- Root transformation in polynomials.\n- A polynomial is monic if its leading coefficient is 1.\n\n**3. Step-by-Step Solution**\n\nGiven the polynomial $P(x) = x^3 - 3x^2 + 8.$\nLet $y = 2x.$ Then $x = \\frac{y}{2}.$\nSubstitute $x = \\frac{y}{2}$ into $P(x) = 0:$\n\\[P\\left(\\frac{y}{2}\\right) = \\left(\\frac{y}{2}\\right)^3 - 3\\left(\\frac{y}{2}\\right)^2 + 8 = 0\\]\nExpand the expression:\n\\[\\frac{y^3}{2^3} - 3 \\cdot \\frac{y^2}{2^2} + 8 = 0\\]\n\\[\\frac{y^3}{8} - 3 \\cdot \\frac{y^2}{4} + 8 = 0\\]\nTo eliminate the fractions and obtain a polynomial with integer coefficients, multiply the entire equation by the least common multiple of the denominators, which is 8:\n\\[8 \\cdot \\left(\\frac{y^3}{8} - \\frac{3y^2}{4} + 8\\right) = 8 \\cdot 0\\]\n\\[8 \\cdot \\frac{y^3}{8} - 8 \\cdot \\frac{3y^2}{4} + 8 \\cdot 8 = 0\\]\n\\[y^3 - 2 \\cdot 3y^2 + 64 = 0\\]\n\\[y^3 - 6y^2 + 64 = 0\\]\nThis is the polynomial in $y$ whose roots are $2r_1, 2r_2, 2r_3.$\nTo express the polynomial in terms of $x,$ we replace $y$ with $x:$\n\\[Q(x) = x^3 - 6x^2 + 64\\]\nThe polynomial $Q(x) = x^3 - 6x^2 + 64$ is a monic polynomial because the coefficient of the highest power term $x^3$ is 1.\n\n**Verification:**\nLet $r$ be a root of $x^3 - 3x^2 + 8 = 0.$ We want to check if $2r$ is a root of $x^3 - 6x^2 + 64 = 0.$\nSubstitute $x = 2r$ into $x^3 - 6x^2 + 64:$\n\\[(2r)^3 - 6(2r)^2 + 64 = 8r^3 - 6(4r^2) + 64 = 8r^3 - 24r^2 + 64 = 8(r^3 - 3r^2 + 8)\\]\nSince $r$ is a root of $x^3 - 3x^2 + 8 = 0,$ we have $r^3 - 3r^2 + 8 = 0.$\nTherefore, $8(r^3 - 3r^2 + 8) = 8(0) = 0.$\nSo $2r$ is indeed a root of $x^3 - 6x^2 + 64 = 0.$\nHence, if $r_1, r_2, r_3$ are roots of $x^3 - 3x^2 + 8 = 0,$ then $2r_1, 2r_2, 2r_3$ are roots of $x^3 - 6x^2 + 64 = 0.$\n\n**4. Final Answer**\n\nFinal Answer: The final answer is $\\boxed{x^3 - 6x^2 + 64}$",
    "metrics": {
        "length": 2774,
        "has_latex": true
    },
    "validation_response": null
}