{
    "problem": "Let $a,$ $b,$ $c$ be real numbers such that $1 \\le a \\le b \\le c \\le 4.$  Find the minimum value of\n\\[(a - 1)^2 + \\left( \\frac{b}{a} - 1 \\right)^2 + \\left( \\frac{c}{b} - 1 \\right)^2 + \\left( \\frac{4}{c} - 1 \\right)^2.\\]",
    "solution": "## Solution:\n\n**1. Problem Statement**\n\nWe are asked to find the minimum value of the expression\n\\[(a - 1)^2 + \\left( \\frac{b}{a} - 1 \\right)^2 + \\left( \\frac{c}{b} - 1 \\right)^2 + \\left( \\frac{4}{c} - 1 \\right)^2\\]\nwhere $a, b, c$ are real numbers such that $1 \\le a \\le b \\le c \\le 4.$\n\nKey variables: $a, b, c.$\nConstraints: $1 \\le a \\le b \\le c \\le 4.$\n\n**2. Solution Strategy**\n\nLet $x_1 = a,$ $x_2 = \\frac{b}{a},$ $x_3 = \\frac{c}{b},$ $x_4 = \\frac{4}{c}.$\nThen the expression becomes $S = (x_1 - 1)^2 + (x_2 - 1)^2 + (x_3 - 1)^2 + (x_4 - 1)^2.$\nWe have $x_1 x_2 x_3 x_4 = a \\cdot \\frac{b}{a} \\cdot \\frac{c}{b} \\cdot \\frac{4}{c} = 4.$\nFrom the constraints $1 \\le a \\le b \\le c \\le 4,$ we have $x_1 = a \\ge 1,$ $x_2 = \\frac{b}{a} \\ge 1,$ $x_3 = \\frac{c}{b} \\ge 1,$ $x_4 = \\frac{4}{c} \\ge \\frac{4}{4} = 1.$\nSo we want to minimize $S = (x_1 - 1)^2 + (x_2 - 1)^2 + (x_3 - 1)^2 + (x_4 - 1)^2$ subject to $x_1 x_2 x_3 x_4 = 4$ and $x_i \\ge 1$ for $i = 1, 2, 3, 4.$\nBy AM-GM inequality, if $x_i - 1 \\ge 0,$ we want to make $x_i - 1$ as close as possible. This suggests that we should make $x_1 = x_2 = x_3 = x_4.$\nIf $x_1 = x_2 = x_3 = x_4 = x,$ then $x^4 = 4,$ so $x = \\sqrt{2}.$\nIn this case, $x_1 = x_2 = x_3 = x_4 = \\sqrt{2}.$\nThen $a = x_1 = \\sqrt{2}.$ $b = a x_2 = (\\sqrt{2})^2 = 2.$ $c = b x_3 = 2 \\sqrt{2}.$\nWe check if $1 \\le a \\le b \\le c \\le 4.$\n$1 \\le \\sqrt{2} \\le 2 \\le 2 \\sqrt{2} \\le 4.$\n$1 \\le 1.414 \\le 2 \\le 2.828 \\le 4.$ The condition is satisfied.\nThe value of the expression is $S = (\\sqrt{2} - 1)^2 + (\\sqrt{2} - 1)^2 + (\\sqrt{2} - 1)^2 + (\\sqrt{2} - 1)^2 = 4 (\\sqrt{2} - 1)^2 = 4 (2 - 2 \\sqrt{2} + 1) = 4 (3 - 2 \\sqrt{2}) = 12 - 8 \\sqrt{2}.$\n\nWe use Lagrange multipliers to confirm this is the minimum.\nLet $f(x_1, x_2, x_3, x_4) = (x_1 - 1)^2 + (x_2 - 1)^2 + (x_3 - 1)^2 + (x_4 - 1)^2$ and $g(x_1, x_2, x_3, x_4) = x_1 x_2 x_3 x_4 - 4 = 0.$\n$\\nabla f = (2(x_1 - 1), 2(x_2 - 1), 2(x_3 - 1), 2(x_4 - 1)).$\n$\\nabla g = (x_2 x_3 x_4, x_1 x_3 x_4, x_1 x_2 x_4, x_1 x_2 x_3).$\n$\\nabla f = \\lambda \\nabla g.$\n$2(x_i - 1) = \\lambda \\prod_{j \\ne i} x_j = \\lambda \\frac{4}{x_i}.$\n$x_i (x_i - 1) = 2 \\lambda.$\nSo $x_1 (x_1 - 1) = x_2 (x_2 - 1) = x_3 (x_3 - 1) = x_4 (x_4 - 1).$\nLet $h(x) = x(x - 1) = x^2 - x.$ $h'(x) = 2x - 1 > 0$ for $x \\ge 1.$ So $h(x)$ is increasing for $x \\ge 1.$\nThus $h(x_1) = h(x_2) = h(x_3) = h(x_4)$ implies $x_1 = x_2 = x_3 = x_4.$\nSince $x_1 x_2 x_3 x_4 = 4,$ $x_1^4 = 4,$ $x_1 = \\sqrt{2}.$\nSo $x_1 = x_2 = x_3 = x_4 = \\sqrt{2}$ is the critical point.\n\n**3. Step-by-Step Solution**\n\nLet $x_1 = a,$ $x_2 = \\frac{b}{a},$ $x_3 = \\frac{c}{b},$ $x_4 = \\frac{4}{c}.$\nThe expression becomes $(x_1 - 1)^2 + (x_2 - 1)^2 + (x_3 - 1)^2 + (x_4 - 1)^2.$\nThe constraint is $x_1 x_2 x_3 x_4 = 4$ and $x_i \\ge 1.$\nBy Lagrange multiplier method, we have $x_1 (x_1 - 1) = x_2 (x_2 - 1) = x_3 (x_3 - 1) = x_4 (x_4 - 1).$\nSince $h(x) = x(x - 1)$ is strictly increasing for $x \\ge 1,$ we must have $x_1 = x_2 = x_3 = x_4.$\nFrom $x_1 x_2 x_3 x_4 = 4,$ we have $x_1^4 = 4,$ so $x_1 = \\sqrt{2}.$\nThus $x_1 = x_2 = x_3 = x_4 = \\sqrt{2}.$\nThen $a = x_1 = \\sqrt{2},$ $b = a x_2 = (\\sqrt{2})^2 = 2,$ $c = b x_3 = 2 \\sqrt{2}.$\nWe check if the conditions $1 \\le a \\le b \\le c \\le 4$ are satisfied.\n$1 \\le \\sqrt{2} \\le 2 \\le 2 \\sqrt{2} \\le 4$ is true.\nThe minimum value is $(x_1 - 1)^2 + (x_2 - 1)^2 + (x_3 - 1)^2 + (x_4 - 1)^2 = 4 (\\sqrt{2} - 1)^2 = 4 (2 - 2 \\sqrt{2} + 1) = 4 (3 - 2 \\sqrt{2}) = 12 - 8 \\sqrt{2}.$\n\n**4. Final Answer**\n\nFinal Answer: The final answer is $\\boxed{12 - 8 \\sqrt{2}}$",
    "metrics": {
        "length": 3504,
        "has_latex": true
    },
    "validation_response": null
}