{
    "problem": "Find $x,$ given that $x$ is nonzero and the numbers $\\{x\\},$ $\\lfloor x \\rfloor,$ and $x$ form an arithmetic sequence in that order. (We define $\\{x\\} = x - \\lfloor x\\rfloor.$)",
    "solution": "### Problem Statement\nFind the value of $x,$ given that $x$ is a nonzero number and the fractional part of $x,$ the floor of $x,$ and $x$ itself, denoted as $\\{x\\},$ $\\lfloor x \\rfloor,$ and $x$ respectively, form an arithmetic sequence in that order. Recall that the fractional part of $x$ is defined as $\\{x\\} = x - \\lfloor x\\rfloor.$\n\nKey variables and constraints:\n- $x \\ne 0$\n- $\\{x\\},$ $\\lfloor x \\rfloor,$ $x$ form an arithmetic sequence\n- $\\{x\\} = x - \\lfloor x\\rfloor$\n\n### Solution Strategy\nFor three numbers $a, b, c$ to form an arithmetic sequence, the difference between consecutive terms must be constant, i.e., $b - a = c - b.$\nIn our case, $a = \\{x\\},$ $b = \\lfloor x \\rfloor,$ $c = x.$\nSo, the condition for an arithmetic sequence is $\\lfloor x \\rfloor - \\{x\\} = x - \\lfloor x \\rfloor.$\nWe will use the definition of the fractional part $\\{x\\} = x - \\lfloor x\\rfloor$ to solve this equation for $x.$\n\n### Step-by-Step Solution\n1. **Set up the arithmetic sequence condition:**\n   For $\\{x\\},$ $\\lfloor x \\rfloor,$ and $x$ to form an arithmetic sequence, we must have:\n   $$ \\lfloor x \\rfloor - \\{x\\} = x - \\lfloor x \\rfloor $$\n\n2. **Substitute the definition of fractional part:**\n   We know that $\\{x\\} = x - \\lfloor x\\rfloor.$ Substitute this into the equation from step 1:\n   $$ \\lfloor x \\rfloor - (x - \\lfloor x\\rfloor) = x - \\lfloor x \\rfloor $$\n\n3. **Simplify the equation:**\n   $$ \\lfloor x \\rfloor - x + \\lfloor x\\rfloor = x - \\lfloor x \\rfloor $$\n   $$ 2\\lfloor x \\rfloor - x = x - \\lfloor x \\rfloor $$\n\n4. **Rearrange terms to solve for $x$ in terms of $\\lfloor x \\rfloor$:**\n   Add $x$ and $\\lfloor x \\rfloor$ to both sides of the equation:\n   $$ 2\\lfloor x \\rfloor + \\lfloor x \\rfloor = x + x $$\n   $$ 3\\lfloor x \\rfloor = 2x $$\n   $$ x = \\frac{3}{2} \\lfloor x \\rfloor $$\n\n5. **Consider the properties of floor function:**\n   Let $n = \\lfloor x \\rfloor,$ where $n$ is an integer. Then $x = \\frac{3}{2} n.$\n   Substitute $x = \\frac{3}{2} n$ back into $\\lfloor x \\rfloor = n$ to check for consistency:\n   $$ \\lfloor \\frac{3}{2} n \\rfloor = n $$\n\n6. **Determine possible integer values for $n$:**\n   For the equation $\\lfloor \\frac{3}{2} n \\rfloor = n$ to hold, we must have:\n   $$ n \\le \\frac{3}{2} n < n+1 $$\n   We have two inequalities to consider:\n   a) $n \\le \\frac{3}{2} n$\n      Multiply by 2: $2n \\le 3n$\n      Subtract $2n$ from both sides: $0 \\le n$\n   b) $\\frac{3}{2} n < n+1$\n      Multiply by 2: $3n < 2(n+1)$\n      $3n < 2n + 2$\n      Subtract $2n$ from both sides: $n < 2$\n   Combining both inequalities, we have $0 \\le n < 2.$\n   Since $n$ is an integer, possible values for $n$ are $n = 0$ and $n = 1.$\n\n7. **Find the corresponding values for $x$ and check conditions:**\n   Case 1: $n = 0.$\n      $x = \\frac{3}{2} n = \\frac{3}{2} \\times 0 = 0.$\n      However, the problem states that $x$ is nonzero. So $x=0$ is not a valid solution.\n\n   Case 2: $n = 1.$\n      $x = \\frac{3}{2} n = \\frac{3}{2} \\times 1 = \\frac{3}{2}.$\n      Check if $\\lfloor x \\rfloor = n = 1.$ $\\lfloor \\frac{3}{2} \\rfloor = 1.$ This is consistent.\n      Check if $\\{x\\},$ $\\lfloor x \\rfloor,$ $x$ form an arithmetic sequence for $x = \\frac{3}{2}.$\n      $\\{x\\} = x - \\lfloor x \\rfloor = \\frac{3}{2} - 1 = \\frac{1}{2}.$\n      $\\lfloor x \\rfloor = 1.$\n      $x = \\frac{3}{2}.$\n      The sequence is $\\frac{1}{2}, 1, \\frac{3}{2}.$\n      The common difference is $1 - \\frac{1}{2} = \\frac{1}{2}$ and $\\frac{3}{2} - 1 = \\frac{1}{2}.$\n      So, it is an arithmetic sequence. Also, $x = \\frac{3}{2}$ is nonzero.\n\n### Final Answer\nFinal Answer: The final answer is $\\boxed{\\frac{3}{2}}$",
    "metrics": {
        "length": 3590,
        "has_latex": true
    },
    "validation_response": null
}