{
    "problem": "A parabola has focus $(3,3)$ and directrix $3x + 7y = 21.$  Express the equation of the parabola in the form\n\\[ax^2 + bxy + cy^2 + dx + ey + f = 0,\\]where $a,$ $b,$ $c,$ $d,$ $e,$ $f$ are integers, $a$ is a positive integer, and $\\gcd(|a|,|b|,|c|,|d|,|e|,|f|) = 1.$",
    "solution": "## Problem Statement\nFind the equation of a parabola with focus at $(3,3)$ and directrix $3x + 7y = 21$. Express the equation in the form $ax^2 + bxy + cy^2 + dx + ey + f = 0$, where $a, b, c, d, e, f$ are integers, $a > 0$, and $\\gcd(|a|,|b|,|c|,|d|,|e|,|f|) = 1$.\n\n## Solution Strategy\nThe definition of a parabola is the set of all points equidistant from the focus and the directrix. Let $P=(x,y)$ be a point on the parabola, $F=(3,3)$ be the focus, and the directrix be the line $3x + 7y - 21 = 0$. We need to set the distance from $P$ to $F$ equal to the distance from $P$ to the directrix.\n\nThe distance from $P(x,y)$ to the focus $F(3,3)$ is given by the distance formula:\n\\[PF = \\sqrt{(x-3)^2 + (y-3)^2}.\\]\nThe distance from $P(x,y)$ to the directrix $3x + 7y - 21 = 0$ is given by the formula for the distance from a point to a line:\n\\[PD = \\frac{|3x + 7y - 21|}{\\sqrt{3^2 + 7^2}} = \\frac{|3x + 7y - 21|}{\\sqrt{9 + 49}} = \\frac{|3x + 7y - 21|}{\\sqrt{58}}.\\]\nFor a point to be on the parabola, we must have $PF = PD$.\n\n## Step-by-Step Solution\nSetting $PF = PD$, we have\n\\[\\sqrt{(x-3)^2 + (y-3)^2} = \\frac{|3x + 7y - 21|}{\\sqrt{58}}.\\]\nSquare both sides to eliminate the square root and absolute value:\n\\[(x-3)^2 + (y-3)^2 = \\frac{(3x + 7y - 21)^2}{58}.\\]\nMultiply both sides by 58 to clear the fraction:\n\\[58[(x-3)^2 + (y-3)^2] = (3x + 7y - 21)^2.\\]\nExpand both sides:\n\\[58[(x^2 - 6x + 9) + (y^2 - 6y + 9)] = (3x + 7y - 21)(3x + 7y - 21).\\]\n\\[58[x^2 - 6x + y^2 - 6y + 18] = (3x + 7y)^2 - 2 \\cdot 21 (3x + 7y) + 21^2.\\]\n\\[58x^2 - 348x + 58y^2 - 348y + 58 \\cdot 18 = (9x^2 + 42xy + 49y^2) - 42(3x + 7y) + 441.\\]\n\\[58x^2 - 348x + 58y^2 - 348y + 1044 = 9x^2 + 42xy + 49y^2 - 126x - 294y + 441.\\]\nRearrange the terms to the form $ax^2 + bxy + cy^2 + dx + ey + f = 0$:\n\\[(58 - 9)x^2 - 42xy + (58 - 49)y^2 + (-348 + 126)x + (-348 + 294)y + (1044 - 441) = 0.\\]\n\\[49x^2 - 42xy + 9y^2 - 222x - 54y + 603 = 0.\\]\nWe have $a=49, b=-42, c=9, d=-222, e=-54, f=603$.\nWe need to check if $\\gcd(49, 42, 9, 222, 54, 603) = 1$.\n$\\gcd(49, 42) = 7$.\n$\\gcd(7, 9) = 1$.\nThus $\\gcd(49, 42, 9, 222, 54, 603) = 1$.\nAlso $a=49 > 0$.\n\n## Final Answer\nFinal Answer: The final answer is $\\boxed{49x^2 - 42xy + 9y^2 - 222x - 54y + 603 = 0}$",
    "metrics": {
        "length": 2218,
        "has_latex": true
    },
    "validation_response": null
}