{
    "problem": "Find the positive real number $x$ for which\n\\[5 \\sqrt{1 + x} + 5 \\sqrt{1 - x} = 7 \\sqrt{2}.\\]",
    "solution": "```latex\n\\documentclass{article}\n\\usepackage{amsmath}\n\\usepackage{amssymb}\n\\usepackage{boxedminipage}\n\n\\begin{document}\n\n\\section*{Problem Statement}\n\\textbf{Problem:} Find the positive real number $x$ for which\n\\[5 \\sqrt{1 + x} + 5 \\sqrt{1 - x} = 7 \\sqrt{2}.\\]\n\n\\textbf{Rephrased Problem:}\nWe are asked to find the value of $x$ that satisfies the equation $5 \\sqrt{1 + x} + 5 \\sqrt{1 - x} = 7 \\sqrt{2}$, where $x$ is a positive real number.\nFor the square roots to be defined for real numbers, we must have $1+x \\ge 0$ and $1-x \\ge 0$, which means $x \\ge -1$ and $x \\le 1$.\nGiven that $x$ is a positive real number, we are looking for a solution in the interval $0 < x \\le 1$.\n\n\\textbf{Key Variables and Constraints:}\n- Variable: $x$ (positive real number)\n- Constraint: $0 < x \\le 1$\n- Equation: $5 \\sqrt{1 + x} + 5 \\sqrt{1 - x} = 7 \\sqrt{2}$\n\n\\section*{Solution Strategy}\nTo solve the given equation for $x$, we will follow these steps:\n1. Simplify the equation by dividing both sides by 5.\n2. Square both sides of the equation to eliminate the square roots.\n3. Simplify the resulting equation and isolate the term with the remaining square root.\n4. Square both sides again to eliminate the remaining square root.\n5. Solve the resulting algebraic equation for $x^2$, and then for $x$.\n6. Verify that the obtained value of $x$ is a positive real number and satisfies the original equation.\n\nRelevant formulas:\n- $(a+b)^2 = a^2 + b^2 + 2ab$\n- $(a-b)(a+b) = a^2 - b^2$\n- $\\sqrt{a} \\sqrt{b} = \\sqrt{ab}$\n\n\\section*{Step-by-Step Solution}\n\\textbf{Step 1:} Divide both sides of the equation by 5.\n\\[\\sqrt{1 + x} + \\sqrt{1 - x} = \\frac{7 \\sqrt{2}}{5}\\]\n\n\\textbf{Step 2:} Square both sides of the equation.\n\\[(\\sqrt{1 + x} + \\sqrt{1 - x})^2 = \\left(\\frac{7 \\sqrt{2}}{5}\\right)^2\\]\nExpand the left side using $(a+b)^2 = a^2 + b^2 + 2ab$:\n\\[(\\sqrt{1 + x})^2 + (\\sqrt{1 - x})^2 + 2 \\sqrt{1 + x} \\sqrt{1 - x} = \\frac{49 \\times 2}{25}\\]\n\\[1 + x + 1 - x + 2 \\sqrt{(1 + x)(1 - x)} = \\frac{98}{25}\\]\n\n\\textbf{Step 3:} Simplify and isolate the term with the square root.\n\\[2 + 2 \\sqrt{1 - x^2} = \\frac{98}{25}\\]\nSubtract 2 from both sides:\n\\[2 \\sqrt{1 - x^2} = \\frac{98}{25} - 2\\]\nConvert 2 to a fraction with denominator 25: $2 = \\frac{50}{25}$.\n\\[2 \\sqrt{1 - x^2} = \\frac{98}{25} - \\frac{50}{25} = \\frac{48}{25}\\]\nDivide both sides by 2:\n\\[\\sqrt{1 - x^2} = \\frac{48}{25 \\times 2} = \\frac{24}{25}\\]\n\n\\textbf{Step 4:} Square both sides again.\n\\[(\\sqrt{1 - x^2})^2 = \\left(\\frac{24}{25}\\right)^2\\]\n\\[1 - x^2 = \\frac{24^2}{25^2} = \\frac{576}{625}\\]\n\n\\textbf{Step 5:} Solve for $x^2$ and then $x$.\n\\[x^2 = 1 - \\frac{576}{625}\\]\n\\[x^2 = \\frac{625}{625} - \\frac{576}{625} = \\frac{625 - 576}{625} = \\frac{49}{625}\\]\nTake the square root of both sides:\n\\[x = \\pm \\sqrt{\\frac{49}{625}} = \\pm \\frac{\\sqrt{49}}{\\sqrt{625}} = \\pm \\frac{7}{25}\\]\nSince we are looking for a positive real number $x$, we take the positive root:\n\\[x = \\frac{7}{25}\\]\n\n\\textbf{Step 6:} Verify the solution.\nCheck if $x = \\frac{7}{25}$ satisfies the original equation:\n\\[5 \\sqrt{1 + x} + 5 \\sqrt{1 - x} = 5 \\sqrt{1 + \\frac{7}{25}} + 5 \\sqrt{1 - \\frac{7}{25}}\\]\n\\[= 5 \\sqrt{\\frac{25 + 7}{25}} + 5 \\sqrt{\\frac{25 - 7}{25}} = 5 \\sqrt{\\frac{32}{25}} + 5 \\sqrt{\\frac{18}{25}}\\]\n\\[= 5 \\frac{\\sqrt{32}}{5} + 5 \\frac{\\sqrt{18}}{5} = \\sqrt{32} + \\sqrt{18}\\]\n\\[= \\sqrt{16 \\times 2} + \\sqrt{9 \\times 2} = 4 \\sqrt{2} + 3 \\sqrt{2} = 7 \\sqrt{2}\\]\nThe left side equals the right side, so $x = \\frac{7}{25}$ is the correct solution.\nAlso, $x = \\frac{7}{25}$ is a positive real number and $0 < \\frac{7}{25} \\le 1$, so it satisfies the constraints.\n\n\\section*{Final Answer}\nThe positive real number $x$ for which $5 \\sqrt{1 + x} + 5 \\sqrt{1 - x} = 7 \\sqrt{2}$ is\n\\[\\boxed{x = \\frac{7}{25}}\\]\n\n\\textbf{Verification:}\nWe verified in Step 6 that for $x = \\frac{7}{25}$, the equation $5 \\sqrt{1 + x} + 5 \\sqrt{1 - x} = 7 \\sqrt{2}$ holds.\nAlso, $x = \\frac{7}{25}$ is a positive real number.\n\n\\end{document}\n```",
    "metrics": {
        "length": 3939,
        "has_latex": true
    },
    "validation_response": null
}