{
    "problem": "Let $a,$ $b,$ $c,$ $d$ be real numbers such that\n\\[\\frac{(a - b)(c - d)}{(b - c)(d - a)} = \\frac{2}{5}.\\]Find the sum of all possible values of\n\\[\\frac{(a - c)(b - d)}{(a - b)(c - d)}.\\]",
    "solution": "**Problem Statement**\n\nGiven real numbers $a, b, c, d$ such that\n\\[\\frac{(a - b)(c - d)}{(b - c)(d - a)} = \\frac{2}{5}.\\]\nWe are asked to find the sum of all possible values of\n\\[\\frac{(a - c)(b - d)}{(a - b)(c - d)}.\\]\n\n**Solution Strategy**\n\nLet $x = a - b$, $y = b - c$, $z = c - d$, and $w = d - a$.\nThen we have $x + y + z + w = (a - b) + (b - c) + (c - d) + (d - a) = 0$.\nThe given condition is $\\frac{xz}{yw} = \\frac{2}{5}$.\nWe want to find the value of $\\frac{(a - c)(b - d)}{(a - b)(c - d)} = \\frac{((a - b) + (b - c))((b - c) + (c - d))}{(a - b)(c - d)} = \\frac{(x + y)(y + z)}{xz}$.\nSince $x + y + z + w = 0$, we have $w = -(x + y + z)$.\nSubstituting $w = -(x + y + z)$ into the given condition:\n$\\frac{xz}{y(-(x + y + z))} = \\frac{2}{5}$\n$\\frac{xz}{-y(x + y + z)} = \\frac{2}{5}$\n$5xz = -2y(x + y + z)$\n$5xz = -2xy - 2y^2 - 2yz$\n$2y^2 + 2xy + 2yz + 5xz = 0$\n\nWe want to find the value of $\\frac{(x + y)(y + z)}{xz} = \\frac{xy + xz + y^2 + yz}{xz} = \\frac{xy}{xz} + \\frac{xz}{xz} + \\frac{y^2}{xz} + \\frac{yz}{xz} = \\frac{y}{z} + 1 + \\frac{y^2}{xz} + \\frac{y}{x} = 1 + \\frac{y}{x} + \\frac{y}{z} + \\frac{y^2}{xz}$.\nFrom the equation $2y^2 + 2xy + 2yz + 5xz = 0$, we divide by $xz$ (assuming $xz \\neq 0$, which is necessary for the given condition to be defined and non-zero and for the expression we want to evaluate to be defined):\n$\\frac{2y^2}{xz} + \\frac{2xy}{xz} + \\frac{2yz}{xz} + \\frac{5xz}{xz} = 0$\n$\\frac{2y^2}{xz} + \\frac{2y}{z} + \\frac{2y}{x} + 5 = 0$\nDivide by 2:\n$\\frac{y^2}{xz} + \\frac{y}{z} + \\frac{y}{x} + \\frac{5}{2} = 0$\n$\\frac{y^2}{xz} + \\frac{y}{x} + \\frac{y}{z} = -\\frac{5}{2}$\nNow, we can substitute this into the expression we want to find:\n$\\frac{(a - c)(b - d)}{(a - b)(c - d)} = 1 + \\frac{y}{x} + \\frac{y}{z} + \\frac{y^2}{xz} = 1 + \\left( \\frac{y}{x} + \\frac{y}{z} + \\frac{y^2}{xz} \\right) = 1 + \\left( -\\frac{5}{2} \\right) = 1 - \\frac{5}{2} = -\\frac{3}{2}$.\n\nThus, there is only one possible value for the expression $\\frac{(a - c)(b - d)}{(a - b)(c - d)}$, which is $-\\frac{3}{2}$.\nThe sum of all possible values is just $-\\frac{3}{2}$.\n\n**Final Answer:**\nThe final answer is $\\boxed{-\\frac{3}{2}}$",
    "metrics": {
        "length": 2133,
        "has_latex": true
    },
    "validation_response": null
}