{
    "problem": "Find the smallest positive real number $c,$ such that for all nonnegative real numbers $x$ and $y,$\n\\[\\sqrt{xy} + c |x - y| \\ge \\frac{x + y}{2}.\\]",
    "solution": "## Problem Statement\nFind the smallest positive real number $c,$ such that for all nonnegative real numbers $x$ and $y,$\n\\[\\sqrt{xy} + c |x - y| \\ge \\frac{x + y}{2}.\\]\nKey variables are $c, x, y$.\nConstraints are $c > 0$, $x \\ge 0$, $y \\ge 0$.\n\n## Solution Strategy\nWe want to find the smallest $c$ that satisfies the inequality for all nonnegative $x, y$.\nWe can rearrange the inequality to isolate $c$.\nIf $x \\ne y,$ we have $c \\ge \\frac{\\frac{x + y}{2} - \\sqrt{xy}}{|x - y|}$.\nWe need to find the maximum value of the right-hand side for all $x \\ge 0, y \\ge 0, x \\ne y$.\nLet's assume $x \\ge y \\ge 0$ without loss of generality. Then $|x - y| = x - y$.\nWe need to maximize $f(x, y) = \\frac{\\frac{x + y}{2} - \\sqrt{xy}}{x - y} = \\frac{x + y - 2\\sqrt{xy}}{2(x - y)} = \\frac{(\\sqrt{x} - \\sqrt{y})^2}{2(\\sqrt{x} - \\sqrt{y})(\\sqrt{x} + \\sqrt{y})} = \\frac{\\sqrt{x} - \\sqrt{y}}{2(\\sqrt{x} + \\sqrt{y})}$ for $x > y \\ge 0$.\nLet $u = \\sqrt{x}$ and $v = \\sqrt{y}$. Then $u > v \\ge 0$.\nWe want to maximize $g(u, v) = \\frac{u - v}{2(u + v)}$.\nLet $t = \\frac{v}{u},$ where $0 \\le t < 1$.\n$g(u, v) = \\frac{u - tu}{2(u + tu)} = \\frac{1 - t}{2(1 + t)}$.\nTo maximize $g(t)$, we need to minimize $t$. The minimum value of $t$ is $0,$ which occurs when $v = 0$ (i.e., $y = 0$) and $u > 0$ (i.e., $x > 0$).\nWhen $t = 0,$ $g(0) = \\frac{1 - 0}{2(1 + 0)} = \\frac{1}{2}$.\nSo the maximum value of $\\frac{\\sqrt{x} - \\sqrt{y}}{2(\\sqrt{x} + \\sqrt{y})}$ is $\\frac{1}{2}.$\nTherefore, we must have $c \\ge \\frac{1}{2}.$\n\nWe need to verify if $c = \\frac{1}{2}$ works.\nWe want to check if $\\sqrt{xy} + \\frac{1}{2} |x - y| \\ge \\frac{x + y}{2}$ for all $x, y \\ge 0$.\nMultiply by 2: $2\\sqrt{xy} + |x - y| \\ge x + y$.\nRearrange: $|x - y| \\ge x + y - 2\\sqrt{xy} = (\\sqrt{x} - \\sqrt{y})^2$.\nWe need to show $|x - y| \\ge (\\sqrt{x} - \\sqrt{y})^2$.\nSince $|x - y| = |\\sqrt{x}^2 - \\sqrt{y}^2| = |\\sqrt{x} - \\sqrt{y}| |\\sqrt{x} + \\sqrt{y}|.$\nThe inequality becomes $|\\sqrt{x} - \\sqrt{y}| |\\sqrt{x} + \\sqrt{y}| \\ge (\\sqrt{x} - \\sqrt{y})^2$.\nIf $\\sqrt{x} = \\sqrt{y},$ then $0 \\ge 0,$ which is true.\nIf $\\sqrt{x} \\ne \\sqrt{y},$ then $|\\sqrt{x} - \\sqrt{y}| > 0.$ Divide by $|\\sqrt{x} - \\sqrt{y}|$:\n$|\\sqrt{x} + \\sqrt{y}| \\ge |\\sqrt{x} - \\sqrt{y}|$.\nSince $\\sqrt{x} + \\sqrt{y} \\ge 0,$ $|\\sqrt{x} + \\sqrt{y}| = \\sqrt{x} + \\sqrt{y}.$\nWe need to check $\\sqrt{x} + \\sqrt{y} \\ge |\\sqrt{x} - \\sqrt{y}|$.\nThis is always true because $\\sqrt{x} + \\sqrt{y} \\ge \\sqrt{x} - \\sqrt{y}$ and $\\sqrt{x} + \\sqrt{y} \\ge -(\\sqrt{x} - \\sqrt{y}) = \\sqrt{y} - \\sqrt{x}$ for $\\sqrt{x}, \\sqrt{y} \\ge 0.$\nAlternatively, square both sides: $(\\sqrt{x} + \\sqrt{y})^2 \\ge (\\sqrt{x} - \\sqrt{y})^2$.\n$x + 2\\sqrt{xy} + y \\ge x - 2\\sqrt{xy} + y$.\n$4\\sqrt{xy} \\ge 0,$ which is true for $x, y \\ge 0.$\n\n## Step-by-Step Solution\n1. **Rearrange the inequality:**\n   We start with the given inequality:\n   \\[\\sqrt{xy} + c |x - y| \\ge \\frac{x + y}{2}.\\]\n   We want to isolate $c|x - y|$:\n   \\[c |x - y| \\ge \\frac{x + y}{2} - \\sqrt{xy}.\\]\n\n2. **Consider the case $x \\neq y$:**\n   If $x \\neq y,$ we can divide by $|x - y|$:\n   \\[c \\ge \\frac{\\frac{x + y}{2} - \\sqrt{xy}}{|x - y|} = \\frac{x + y - 2\\sqrt{xy}}{2|x - y|} = \\frac{(\\sqrt{x} - \\sqrt{y})^2}{2|x - y|}.\\]\n\n3. **Simplify the expression:**\n   We know $|x - y| = |\\sqrt{x}^2 - \\sqrt{y}^2| = |\\sqrt{x} - \\sqrt{y}| |\\sqrt{x} + \\sqrt{y}|.$\n   So, for $x \\neq y,$\n   \\[\\frac{(\\sqrt{x} - \\sqrt{y})^2}{2|x - y|} = \\frac{(\\sqrt{x} - \\sqrt{y})^2}{2|\\sqrt{x} - \\sqrt{y}| |\\sqrt{x} + \\sqrt{y}|} = \\frac{|\\sqrt{x} - \\sqrt{y}|}{2|\\sqrt{x} + \\sqrt{y}|} = \\frac{|\\sqrt{x} - \\sqrt{y}|}{2(\\sqrt{x} + \\sqrt{y})}.\\]\n\n4. **Maximize the expression:**\n   We want to find the maximum value of $f(x, y) = \\frac{|\\sqrt{x} - \\sqrt{y}|}{2(\\sqrt{x} + \\sqrt{y})}$ for nonnegative $x, y$ with $x \\neq y.$\n   Without loss of generality, assume $x > y \\ge 0.$ Then $|\\sqrt{x} - \\sqrt{y}| = \\sqrt{x} - \\sqrt{y}.$\n   So, $f(x, y) = \\frac{\\sqrt{x} - \\sqrt{y}}{2(\\sqrt{x} + \\sqrt{y})}.$\n   Let $t = \\frac{\\sqrt{y}}{\\sqrt{x}},$ so $0 \\le t < 1.$\n   $f(x, y) = \\frac{\\sqrt{x} - t\\sqrt{x}}{2(\\sqrt{x} + t\\sqrt{x})} = \\frac{1 - t}{2(1 + t)}.$\n   This function is maximized when $t$ is minimized. The minimum value of $t$ is $0,$ which occurs when $y = 0$ and $x > 0.$\n   The maximum value is $\\frac{1 - 0}{2(1 + 0)} = \\frac{1}{2}.$\n   Therefore, $c \\ge \\frac{1}{2}.$\n\n5. **Verify $c = \\frac{1}{2}$ works:**\n   We need to show $\\sqrt{xy} + \\frac{1}{2} |x - y| \\ge \\frac{x + y}{2}.$\n   Multiply by 2: $2\\sqrt{xy} + |x - y| \\ge x + y.$\n   $|x - y| \\ge x + y - 2\\sqrt{xy} = (\\sqrt{x} - \\sqrt{y})^2.$\n   We know $|x - y| = |\\sqrt{x}^2 - \\sqrt{y}^2| = |\\sqrt{x} - \\sqrt{y}| |\\sqrt{x} + \\sqrt{y}|.$\n   So we need to show $|\\sqrt{x} - \\sqrt{y}| |\\sqrt{x} + \\sqrt{y}| \\ge (\\sqrt{x} - \\sqrt{y})^2.$\n   If $\\sqrt{x} = \\sqrt{y},$ it is $0 \\ge 0.$ If $\\sqrt{x} \\neq \\sqrt{y},$ divide by $|\\sqrt{x} - \\sqrt{y}|$:\n   $|\\sqrt{x} + \\sqrt{y}| \\ge |\\sqrt{x} - \\sqrt{y}|.$\n   Since $\\sqrt{x} + \\sqrt{y} \\ge 0,$ $|\\sqrt{x} + \\sqrt{y}| = \\sqrt{x} + \\sqrt{y}.$\n   We need to show $\\sqrt{x} + \\sqrt{y} \\ge |\\sqrt{x} - \\sqrt{y}|,$ which is true.\n\n## Final Answer\nFinal Answer: The final answer is $\\boxed{\\frac{1}{2}}$",
    "metrics": {
        "length": 5117,
        "has_latex": true
    },
    "validation_response": null
}