{
    "problem": "Determine the exact value of the series\n\\[\\frac{1}{5 + 1} + \\frac{2}{5^2 + 1} + \\frac{4}{5^4 + 1} + \\frac{8}{5^8 + 1} + \\frac{16}{5^{16} + 1} + \\dotsb.\\]",
    "solution": "### Problem Statement\nDetermine the exact value of the infinite series:\n\\[\\frac{1}{5 + 1} + \\frac{2}{5^2 + 1} + \\frac{4}{5^4 + 1} + \\frac{8}{5^8 + 1} + \\frac{16}{5^{16} + 1} + \\dotsb.\\]\nThis is an infinite sum where the $n$-th term (starting from $n=0$) is given by $a_n = \\frac{2^n}{5^{2^n} + 1}$. We need to find the sum $S = \\sum_{n=0}^{\\infty} a_n$.\n\n### Solution Strategy\nWe will attempt to express the general term $a_n = \\frac{2^n}{5^{2^n} + 1}$ as a difference of two terms to create a telescoping series. We will use the algebraic identity $\\frac{1}{x+1} = \\frac{1}{x-1} - \\frac{2}{x^2-1}$. Let $x = 5^{2^n}$.\n\n### Step-by-Step Solution\n1. **Rewrite the term using the identity:**\n   Let $x = 5^{2^n}$. Then $x+1 = 5^{2^n} + 1$ and $x^2-1 = (5^{2^n})^2 - 1 = 5^{2^{n+1}} - 1$.\n   Using the identity $\\frac{1}{x+1} = \\frac{1}{x-1} - \\frac{2}{x^2-1}$, we have\n   \\[ \\frac{1}{5^{2^n} + 1} = \\frac{1}{5^{2^n} - 1} - \\frac{2}{5^{2^{n+1}} - 1}. \\]\n\n2. **Multiply by $2^n$ to match the numerator:**\n   Multiply both sides by $2^n$:\n   \\[ \\frac{2^n}{5^{2^n} + 1} = \\frac{2^n}{5^{2^n} - 1} - \\frac{2 \\cdot 2^n}{5^{2^{n+1}} - 1} = \\frac{2^n}{5^{2^n} - 1} - \\frac{2^{n+1}}{5^{2^{n+1}} - 1}. \\]\n\n3. **Define $b_n$ and express $a_n$ as a difference:**\n   Let $b_n = \\frac{2^n}{5^{2^n} - 1}$. Then the $n$-th term of the series can be written as\n   \\[ a_n = \\frac{2^n}{5^{2^n} + 1} = b_n - b_{n+1}. \\]\n\n4. **Write out the series as a telescoping sum:**\n   The series becomes\n   \\begin{align*} S &= \\sum_{n=0}^{\\infty} \\frac{2^n}{5^{2^n} + 1} = \\sum_{n=0}^{\\infty} (b_n - b_{n+1}) \\\\ &= (b_0 - b_1) + (b_1 - b_2) + (b_2 - b_3) + \\dotsb \\end{align*}\n\n5. **Calculate the partial sum and find the limit:**\n   The partial sum $S_N = \\sum_{n=0}^{N} (b_n - b_{n+1})$ is a telescoping sum:\n   \\[ S_N = (b_0 - b_1) + (b_1 - b_2) + \\dots + (b_N - b_{N+1}) = b_0 - b_{N+1}. \\]\n   We need to find the limit of $b_{N+1}$ as $N \\to \\infty$:\n   \\[ \\lim_{N \\to \\infty} b_{N+1} = \\lim_{N \\to \\infty} \\frac{2^{N+1}}{5^{2^{N+1}} - 1}. \\]\n   As $N \\to \\infty$, $2^{N+1} \\to \\infty$ and $5^{2^{N+1}} - 1 \\to \\infty$. However, the exponential term $5^{2^{N+1}}$ grows much faster than $2^{N+1}$. Thus, the limit is 0.\n   \\[ \\lim_{N \\to \\infty} \\frac{2^{N+1}}{5^{2^{N+1}} - 1} = 0. \\]\n\n6. **Calculate $b_0$ and the sum $S$:**\n   We have $b_0 = \\frac{2^0}{5^{2^0} - 1} = \\frac{1}{5^1 - 1} = \\frac{1}{5 - 1} = \\frac{1}{4}$.\n   Therefore, the sum of the series is\n   \\[ S = \\lim_{N \\to \\infty} S_N = b_0 - \\lim_{N \\to \\infty} b_{N+1} = b_0 - 0 = b_0 = \\frac{1}{4}. \\]\n\n### Final Answer\nFinal Answer: The final answer is $\\boxed{\\frac{1}{4}}$",
    "metrics": {
        "length": 2610,
        "has_latex": true
    },
    "validation_response": null
}