{
    "problem": "Find the maximum of\n\\[\\sqrt{x + 27} + \\sqrt{13 - x} + \\sqrt{x}\\]for $0 \\le x \\le 13.$",
    "solution": "## Problem Statement\n\nFind the maximum value of the function\n\\[f(x) = \\sqrt{x + 27} + \\sqrt{13 - x} + \\sqrt{x}\\]\nfor $x$ in the interval $0 \\le x \\le 13.$\nHere, $x$ is the key variable, and the constraints are $0 \\le x \\le 13$. We need to maximize the given function within this interval.\n\n## Solution Strategy\n\nTo find the maximum value of the function $f(x)$ on the closed interval $[0, 13]$, we will use calculus. The steps are as follows:\n1. Find the derivative of $f(x)$, denoted as $f'(x)$.\n2. Find the critical points by setting $f'(x) = 0$ and solving for $x$.\n3. Check if the critical points lie within the interval $[0, 13]$.\n4. Evaluate $f(x)$ at the critical points within the interval and at the endpoints of the interval, $x = 0$ and $x = 13$.\n5. The largest of these values will be the maximum value of $f(x)$ on the interval $[0, 13]$.\n\nRelevant formulas:\n- Derivative of $\\sqrt{u(x)}$ is $\\frac{u'(x)}{2\\sqrt{u(x)}}$.\n\n## Step-by-Step Solution\n\n1. **Find the derivative $f'(x)$:**\n   \\[f(x) = \\sqrt{x + 27} + \\sqrt{13 - x} + \\sqrt{x}\\]\n   \\[f'(x) = \\frac{d}{dx} (\\sqrt{x + 27}) + \\frac{d}{dx} (\\sqrt{13 - x}) + \\frac{d}{dx} (\\sqrt{x})\\]\n   \\[f'(x) = \\frac{1}{2\\sqrt{x + 27}} \\cdot \\frac{d}{dx}(x + 27) + \\frac{1}{2\\sqrt{13 - x}} \\cdot \\frac{d}{dx}(13 - x) + \\frac{1}{2\\sqrt{x}} \\cdot \\frac{d}{dx}(x)\\]\n   \\[f'(x) = \\frac{1}{2\\sqrt{x + 27}} \\cdot 1 + \\frac{1}{2\\sqrt{13 - x}} \\cdot (-1) + \\frac{1}{2\\sqrt{x}} \\cdot 1\\]\n   \\[f'(x) = \\frac{1}{2\\sqrt{x + 27}} - \\frac{1}{2\\sqrt{13 - x}} + \\frac{1}{2\\sqrt{x}}\\]\n\n2. **Find critical points by setting $f'(x) = 0$:**\n   \\[\\frac{1}{2\\sqrt{x + 27}} - \\frac{1}{2\\sqrt{13 - x}} + \\frac{1}{2\\sqrt{x}} = 0\\]\n   Multiply by 2:\n   \\[\\frac{1}{\\sqrt{x + 27}} - \\frac{1}{\\sqrt{13 - x}} + \\frac{1}{\\sqrt{x}} = 0\\]\n   Rearrange the equation:\n   \\[\\frac{1}{\\sqrt{x + 27}} + \\frac{1}{\\sqrt{x}} = \\frac{1}{\\sqrt{13 - x}}\\]\n   Let's test if $x = 9$ is a solution:\n   LHS = $\\frac{1}{\\sqrt{9 + 27}} + \\frac{1}{\\sqrt{9}} = \\frac{1}{\\sqrt{36}} + \\frac{1}{3} = \\frac{1}{6} + \\frac{1}{3} = \\frac{1 + 2}{6} = \\frac{3}{6} = \\frac{1}{2}$\n   RHS = $\\frac{1}{\\sqrt{13 - 9}} = \\frac{1}{\\sqrt{4}} = \\frac{1}{2}$\n   LHS = RHS. So $x = 9$ is a critical point.\n\n3. **Check if the critical point is within $[0, 13]$:**\n   Yes, $x = 9$ is within the interval $[0, 13]$.\n\n4. **Evaluate $f(x)$ at critical points and endpoints:**\n   - At $x = 0$:\n     \\[f(0) = \\sqrt{0 + 27} + \\sqrt{13 - 0} + \\sqrt{0} = \\sqrt{27} + \\sqrt{13} = 3\\sqrt{3} + \\sqrt{13}\\]\n   - At $x = 13$:\n     \\[f(13) = \\sqrt{13 + 27} + \\sqrt{13 - 13} + \\sqrt{13} = \\sqrt{40} + \\sqrt{0} + \\sqrt{13} = \\sqrt{40} + \\sqrt{13} = 2\\sqrt{10} + \\sqrt{13}\\]\n   - At $x = 9$:\n     \\[f(9) = \\sqrt{9 + 27} + \\sqrt{13 - 9} + \\sqrt{9} = \\sqrt{36} + \\sqrt{4} + \\sqrt{9} = 6 + 2 + 3 = 11\\]\n\n5. **Compare the values:**\n   We have $f(0) = 3\\sqrt{3} + \\sqrt{13}$, $f(13) = 2\\sqrt{10} + \\sqrt{13}$, and $f(9) = 11$.\n   Approximate values:\n   $f(0) = 3\\sqrt{3} + \\sqrt{13} \\approx 3 \\times 1.732 + 3.606 = 5.196 + 3.606 = 8.802$\n   $f(13) = 2\\sqrt{10} + \\sqrt{13} \\approx 2 \\times 3.162 + 3.606 = 6.324 + 3.606 = 9.930$\n   $f(9) = 11$\n   Comparing the values, we see that $11$ is the largest value.\n\nTo confirm that $f(9) = 11$ is indeed the maximum, we can analyze the second derivative $f''(x)$.\n\\[f''(x) = -\\frac{1}{4} \\left[ (x + 27)^{-3/2} + (13 - x)^{-3/2} + x^{-3/2} \\right]\\]\nFor $0 < x < 13$, $f''(x) < 0$, which means $f(x)$ is concave down. Thus, the critical point $x = 9$ corresponds to a local maximum. Since it is the only critical point in the interval, it is the global maximum in the interval. And comparing with endpoints confirms that $f(9) = 11$ is the maximum value.\n\n## Final Answer\n\n1. **Problem Statement**\n   Find the maximum value of the function $f(x) = \\sqrt{x + 27} + \\sqrt{13 - x} + \\sqrt{x}$ for $0 \\le x \\le 13.$ The variable is $x$, and the constraint is $0 \\le x \\le 13$.\n\n2. **Solution Strategy**\n   We will find the derivative of $f(x)$, find critical points by setting the derivative to zero, and evaluate $f(x)$ at critical points and endpoints to determine the maximum value.\n\n3. **Step-by-Step Solution**\n   - Derivative: $f'(x) = \\frac{1}{2\\sqrt{x + 27}} - \\frac{1}{2\\sqrt{13 - x}} + \\frac{1}{2\\sqrt{x}}$\n   - Critical points: Set $f'(x) = 0 \\implies \\frac{1}{\\sqrt{x + 27}} + \\frac{1}{\\sqrt{x}} = \\frac{1}{\\sqrt{13 - x}}$. We found $x = 9$ is a solution.\n   - Evaluate $f(x)$ at $x = 0, 9, 13$:\n     $f(0) = 3\\sqrt{3} + \\sqrt{13}$\n     $f(9) = 11$\n     $f(13) = 2\\sqrt{10} + \\sqrt{13}$\n   - Compare values: $f(0) \\approx 8.802$, $f(13) \\approx 9.930$, $f(9) = 11$.\n\n4. **Final Answer**\n   The maximum value is $\\boxed{11}$",
    "metrics": {
        "length": 4634,
        "has_latex": true
    },
    "validation_response": null
}