{
    "problem": "Find all solutions to the inequality \\[\\sqrt[3]{x}+ \\frac{2}{\\sqrt[3]{x}+ 3} \\le 0,\\]giving your answer in interval notation.",
    "solution": "### 1. Problem Statement\nWe are asked to find all real solutions to the inequality\n\\[\\sqrt[3]{x}+ \\frac{2}{\\sqrt[3]{x}+ 3} \\le 0.\\]\nThe variable is $x$, and we need to find the range of values of $x$ that satisfy the inequality.\n\n### 2. Solution Strategy\nLet $y = \\sqrt[3]{x}$. Substituting this into the inequality, we obtain\n\\[y + \\frac{2}{y+3} \\le 0.\\]\nWe will first solve for $y$. Once we have the solution for $y$, we can find the solution for $x$ using the relation $x = y^3$.\nTo solve the inequality for $y$, we combine the terms on the left side into a single fraction:\n\\[\\frac{y(y+3)}{y+3} + \\frac{2}{y+3} = \\frac{y(y+3) + 2}{y+3} = \\frac{y^2+3y+2}{y+3}.\\]\nSo the inequality becomes\n\\[\\frac{y^2+3y+2}{y+3} \\le 0.\\]\nWe factor the numerator: $y^2+3y+2 = (y+1)(y+2)$.\nThus, the inequality is\n\\[\\frac{(y+1)(y+2)}{y+3} \\le 0.\\]\nWe find the critical points by setting the numerator and denominator to zero: $y+1=0 \\implies y=-1$, $y+2=0 \\implies y=-2$, $y+3=0 \\implies y=-3$.\nThese critical points divide the real number line into four intervals: $(-\\infty, -3)$, $(-3, -2)$, $(-2, -1)$, and $(-1, \\infty)$. We will test a value from each interval to determine the sign of the expression $\\frac{(y+1)(y+2)}{y+3}$ in each interval.\n\n### 3. Step-by-Step Solution\n\n1. **Substitute $y = \\sqrt[3]{x}$**:\n   The inequality becomes $y + \\frac{2}{y+3} \\le 0$.\n\n2. **Combine terms into a single fraction**:\n   \\[y + \\frac{2}{y+3} = \\frac{y(y+3) + 2}{y+3} = \\frac{y^2+3y+2}{y+3} = \\frac{(y+1)(y+2)}{y+3}.\\]\n   So the inequality is $\\frac{(y+1)(y+2)}{y+3} \\le 0$.\n\n3. **Find critical points**:\n   The critical points are the values of $y$ that make the numerator or denominator zero. These are $y=-1, y=-2, y=-3$.\n\n4. **Test intervals**:\n   We consider the intervals determined by the critical points: $(-\\infty, -3)$, $(-3, -2]$, $[-2, -1]$, $[-1, \\infty)$.\n   - For $y \\in (-\\infty, -3)$, let $y=-4$. Then $\\frac{(-4+1)(-4+2)}{-4+3} = \\frac{(-3)(-2)}{-1} = \\frac{6}{-1} = -6 \\le 0$. The inequality holds.\n   - For $y \\in (-3, -2)$, let $y=-2.5$. Then $\\frac{(-2.5+1)(-2.5+2)}{-2.5+3} = \\frac{(-1.5)(-0.5)}{0.5} = \\frac{0.75}{0.5} = 1.5 > 0$. The inequality does not hold.\n   - For $y \\in [-2, -1]$, let $y=-1.5$. Then $\\frac{(-1.5+1)(-1.5+2)}{-1.5+3} = \\frac{(-0.5)(0.5)}{1.5} = \\frac{-0.25}{1.5} < 0$. The inequality holds.\n   - For $y \\in [-1, \\infty)$, let $y=0$. Then $\\frac{(0+1)(0+2)}{0+3} = \\frac{(1)(2)}{3} = \\frac{2}{3} > 0$. The inequality does not hold.\n\n5. **Determine the solution for $y$**:\n   The inequality holds for $y \\in (-\\infty, -3) \\cup [-2, -1]$. We include the endpoints $y=-2$ and $y=-1$ because the inequality is $\\le 0$, and the numerator becomes zero at these points. We exclude $y=-3$ because the denominator becomes zero, making the expression undefined.\n\n6. **Find the solution for $x$ using $x = y^3$**:\n   - If $y \\in (-\\infty, -3)$, then $x = y^3 \\in (-\\infty, (-3)^3) = (-\\infty, -27)$.\n   - If $y \\in [-2, -1]$, then $x = y^3 \\in [(-2)^3, (-1)^3] = [-8, -1]$.\n\n7. **Combine the intervals for $x$**:\n   The solution for $x$ is $(-\\infty, -27) \\cup [-8, -1]$.\n\n### 4. Final Answer\nThe solution to the inequality is $x \\in (-\\infty, -27) \\cup [-8, -1]$. In interval notation, this is $\\boxed{(-\\infty, -27) \\cup [-8, -1]}$.",
    "metrics": {
        "length": 3250,
        "has_latex": true
    },
    "validation_response": null
}