{
    "problem": "Find the solutions to\n\\[\\frac{13x - x^2}{x + 1} \\left( x + \\frac{13 - x}{x + 1} \\right) = 42.\\]Enter all the solutions, separated by commas.",
    "solution": "```tex\n1. **Problem Statement**\n   - Solve the equation:\n   \\[\\frac{13x - x^2}{x + 1} \\left( x + \\frac{13 - x}{x + 1} \\right) = 42\\]\n   - We need to find all values of $x$ that satisfy this equation.\n   - We must ensure that $x \\neq -1$ as the denominator $x+1$ cannot be zero.\n\n2. **Solution Strategy**\n   - Simplify the expression within the parenthesis.\n   - Combine terms and simplify the equation to a polynomial equation.\n   - Solve the polynomial equation to find the roots.\n   - Verify that the solutions are valid by substituting them back into the original equation and ensuring $x \\neq -1$.\n\n3. **Step-by-Step Solution**\n   - **Step 1: Simplify the expression inside the parenthesis.**\n     \\[x + \\frac{13 - x}{x + 1} = \\frac{x(x + 1) + (13 - x)}{x + 1} = \\frac{x^2 + x + 13 - x}{x + 1} = \\frac{x^2 + 13}{x + 1}\\]\n   - **Step 2: Substitute the simplified expression back into the original equation.**\n     \\[\\frac{13x - x^2}{x + 1} \\cdot \\frac{x^2 + 13}{x + 1} = 42\\]\n   - **Step 3: Combine the fractions and eliminate the denominator.**\n     \\[\\frac{(13x - x^2)(x^2 + 13)}{(x + 1)^2} = 42\\]\n     \\[(13x - x^2)(x^2 + 13) = 42(x + 1)^2\\]\n   - **Step 4: Expand both sides of the equation.**\n     \\[13x(x^2 + 13) - x^2(x^2 + 13) = 42(x^2 + 2x + 1)\\]\n     \\[13x^3 + 169x - x^4 - 13x^2 = 42x^2 + 84x + 42\\]\n   - **Step 5: Rearrange the equation to form a quartic polynomial equation.**\n     \\[-x^4 + 13x^3 - 13x^2 + 169x - 42x^2 - 84x - 42 = 0\\]\n     \\[-x^4 + 13x^3 - 55x^2 + 85x - 42 = 0\\]\n     Multiply by -1 to get:\n     \\[x^4 - 13x^3 + 55x^2 - 85x + 42 = 0\\]\n   - **Step 6: Find the roots of the quartic equation.**\n     By Rational Root Theorem, test integer divisors of 42.\n     For $x=1$: $1^4 - 13(1)^3 + 55(1)^2 - 85(1) + 42 = 1 - 13 + 55 - 85 + 42 = 0$. So $x=1$ is a root.\n     For $x=6$: $6^4 - 13(6)^3 + 55(6)^2 - 85(6) + 42 = 1296 - 2808 + 1980 - 510 + 42 = 0$. So $x=6$ is a root.\n     Since $x=1$ and $x=6$ are roots, $(x-1)(x-6) = x^2 - 7x + 6$ is a factor.\n     Divide $x^4 - 13x^3 + 55x^2 - 85x + 42$ by $x^2 - 7x + 6$ to get $x^2 - 6x + 7$.\n     So, $(x^2 - 7x + 6)(x^2 - 6x + 7) = 0$.\n     We need to solve $x^2 - 6x + 7 = 0$.\n     Using the quadratic formula:\n     \\[x = \\frac{-(-6) \\pm \\sqrt{(-6)^2 - 4(1)(7)}}{2(1)} = \\frac{6 \\pm \\sqrt{36 - 28}}{2} = \\frac{6 \\pm \\sqrt{8}}{2} = \\frac{6 \\pm 2\\sqrt{2}}{2} = 3 \\pm \\sqrt{2}\\]\n     The four solutions are $x = 1, 6, 3 + \\sqrt{2}, 3 - \\sqrt{2}$.\n   - **Step 7: Verify the solutions.**\n     We have already checked $x=1$ and $x=6$ in the thought process. We have also checked $x = 3 \\pm \\sqrt{2}$ conceptually by reverse engineering from the quadratic equation.\n     None of the solutions are $x = -1$, so they are all valid.\n\n4. **Final Answer**\n   The solutions are $1, 6, 3 + \\sqrt{2}, 3 - \\sqrt{2}$.\n\nFinal Answer: $\\boxed{1, 6, 3 + \\sqrt{2}, 3 - \\sqrt{2}}$\n```",
    "metrics": {
        "length": 2839,
        "has_latex": true
    },
    "validation_response": null
}