{
    "problem": "Let $a$ and $b$ be positive real numbers.  Find the minimum value of\n\\[a^2 + b^2 + \\frac{1}{(a + b)^2}.\\]",
    "solution": "**1. Problem Statement**\n\nFind the minimum value of the expression $a^2 + b^2 + \\frac{1}{(a + b)^2}$, where $a$ and $b$ are positive real numbers.\nKey variables: $a, b$\nConstraint: $a > 0, b > 0$\n\n**2. Solution Strategy**\n\nWe will use the inequality $a^2 + b^2 \\ge \\frac{(a+b)^2}{2}$ which holds for all real numbers $a, b$, and equality holds when $a=b$.\nLet $x = a+b$. Since $a, b > 0$, we have $x > 0$.\nThen the expression becomes $a^2 + b^2 + \\frac{1}{(a+b)^2} \\ge \\frac{(a+b)^2}{2} + \\frac{1}{(a+b)^2} = \\frac{x^2}{2} + \\frac{1}{x^2}$.\nWe need to find the minimum value of $f(x) = \\frac{x^2}{2} + \\frac{1}{x^2}$ for $x > 0$.\nWe will use calculus to find the minimum value of $f(x)$.\nWe will differentiate $f(x)$ with respect to $x$, find the critical points by setting the derivative to zero, and check the second derivative to confirm it is a minimum.\n\nRelevant formulas/theorems:\n- Inequality: $a^2 + b^2 \\ge \\frac{(a+b)^2}{2}$\n- Calculus for finding minimum value using derivatives.\n\n**3. Step-by-Step Solution**\n\nLet $x = a+b$. Since $a, b > 0$, we have $x > 0$.\nWe know that $a^2 + b^2 \\ge \\frac{(a+b)^2}{2}$. This can be shown by $a^2 + b^2 - \\frac{(a+b)^2}{2} = \\frac{2a^2 + 2b^2 - (a^2 + 2ab + b^2)}{2} = \\frac{a^2 - 2ab + b^2}{2} = \\frac{(a-b)^2}{2} \\ge 0$.\nTherefore, $a^2 + b^2 + \\frac{1}{(a+b)^2} \\ge \\frac{(a+b)^2}{2} + \\frac{1}{(a+b)^2} = \\frac{x^2}{2} + \\frac{1}{x^2}$.\nLet $f(x) = \\frac{x^2}{2} + \\frac{1}{x^2}$ for $x > 0$.\nTo find the minimum value of $f(x)$, we calculate the first derivative of $f(x)$ with respect to $x$:\n\\[f'(x) = \\frac{d}{dx} \\left( \\frac{x^2}{2} + \\frac{1}{x^2} \\right) = \\frac{2x}{2} - \\frac{2}{x^3} = x - \\frac{2}{x^3}.\\]\nSet $f'(x) = 0$ to find critical points:\n\\[x - \\frac{2}{x^3} = 0 \\implies x = \\frac{2}{x^3} \\implies x^4 = 2 \\implies x = \\sqrt[4]{2}\\]\nSince $x > 0$, we take the positive root $x = \\sqrt[4]{2}$.\nTo check if this is a minimum, we calculate the second derivative:\n\\[f''(x) = \\frac{d}{dx} \\left( x - \\frac{2}{x^3} \\right) = 1 - 2(-3)x^{-4} = 1 + \\frac{6}{x^4}.\\]\nFor $x = \\sqrt[4]{2} > 0$, $f''(\\sqrt[4]{2}) = 1 + \\frac{6}{(\\sqrt[4]{2})^4} = 1 + \\frac{6}{2} = 1 + 3 = 4 > 0$.\nSince $f''(\\sqrt[4]{2}) > 0$, $x = \\sqrt[4]{2}$ is a local minimum. Since there is only one critical point for $x>0$, it is the global minimum.\nThe minimum value of $f(x)$ is:\n\\[f(\\sqrt[4]{2}) = \\frac{(\\sqrt[4]{2})^2}{2} + \\frac{1}{(\\sqrt[4]{2})^2} = \\frac{\\sqrt{2}}{2} + \\frac{1}{\\sqrt{2}} = \\frac{\\sqrt{2}}{2} + \\frac{\\sqrt{2}}{2} = \\sqrt{2}.\\]\nThe equality $a^2 + b^2 = \\frac{(a+b)^2}{2}$ holds when $a = b$.\nWe need to check if we can find positive $a, b$ such that $a=b$ and $a+b = \\sqrt[4]{2}$.\nIf $a = b$, then $a+b = 2a = \\sqrt[4]{2}$, so $a = b = \\frac{\\sqrt[4]{2}}{2}$.\nSince $\\sqrt[4]{2} > 0$, we have $a = b = \\frac{\\sqrt[4]{2}}{2} > 0$.\nThus, the minimum value is achieved when $a = b = \\frac{\\sqrt[4]{2}}{2}$.\n\n**4. Final Answer**\n\nFinal Answer: The final answer is $\\boxed{\\sqrt{2}}$",
    "metrics": {
        "length": 2942,
        "has_latex": true
    },
    "validation_response": null
}