{
    "problem": "Let $z$ be a nonreal complex number such that $|z| = 1.$  Find the real part of $\\frac{1}{1 - z}.$",
    "solution": "**1. Problem Statement**\n\nLet $z$ be a complex number such that:\n- $z$ is nonreal, i.e., $\\text{Im}(z) \\neq 0$.\n- $|z| = 1$.\n\nWe need to find the real part of the complex number $\\frac{1}{1 - z}.$\n\n**2. Solution Strategy**\n\nWe will use the algebraic form of a complex number $z = x + yi$, where $x$ and $y$ are real numbers.\nGiven $|z| = 1,$ we have $x^2 + y^2 = 1.$\nSince $z$ is nonreal, we have $y \\neq 0.$\nWe will substitute $z = x + yi$ into the expression $\\frac{1}{1 - z},$ simplify it into the form $a + bi,$ and then identify the real part $a.$\nAlternatively, we can use the polar form of a complex number $z = e^{i\\theta} = \\cos \\theta + i \\sin \\theta$ with $|z| = 1.$ Since $z$ is nonreal, $\\sin \\theta \\neq 0.$\nFinally, we can use a geometric approach using the property $|w-1| = |w|$ if and only if $\\text{Re}(w) = \\frac{1}{2}.$\n\n**3. Step-by-Step Solution**\n\nLet $z = x + yi,$ where $x, y \\in \\mathbb{R}.$\nGiven $|z| = 1,$ we have $|x + yi| = \\sqrt{x^2 + y^2} = 1,$ so $x^2 + y^2 = 1.$\nSince $z$ is nonreal, $y \\neq 0.$\n\nWe want to find the real part of $\\frac{1}{1 - z}.$\nSubstitute $z = x + yi$:\n$$ \\frac{1}{1 - z} = \\frac{1}{1 - (x + yi)} = \\frac{1}{(1 - x) - yi} $$\nTo find the real part, we rationalize the denominator by multiplying the numerator and denominator by the conjugate of the denominator, which is $(1 - x) + yi$:\n$$ \\frac{1}{(1 - x) - yi} \\cdot \\frac{(1 - x) + yi}{(1 - x) + yi} = \\frac{(1 - x) + yi}{((1 - x) - yi)((1 - x) + yi)} $$\nThe denominator is $((1 - x) - yi)((1 - x) + yi) = (1 - x)^2 - (yi)^2 = (1 - x)^2 - (y^2 i^2) = (1 - x)^2 - (-y^2) = (1 - x)^2 + y^2.$\nExpand the denominator: $(1 - x)^2 + y^2 = 1 - 2x + x^2 + y^2.$\nSince $x^2 + y^2 = 1,$ we substitute this into the denominator: $1 - 2x + x^2 + y^2 = 1 - 2x + 1 = 2 - 2x = 2(1 - x).$\nThe expression becomes:\n$$ \\frac{(1 - x) + yi}{2 - 2x} = \\frac{1 - x}{2 - 2x} + \\frac{yi}{2 - 2x} = \\frac{1 - x}{2(1 - x)} + i \\frac{y}{2(1 - x)} $$\nThe real part of $\\frac{1}{1 - z}$ is $\\frac{1 - x}{2(1 - x)}.$\nAs long as $1 - x \\neq 0,$ we can simplify $\\frac{1 - x}{2(1 - x)} = \\frac{1}{2}.$\nIf $1 - x = 0,$ then $x = 1.$  Since $x^2 + y^2 = 1,$ we have $1^2 + y^2 = 1,$ so $1 + y^2 = 1,$ which means $y^2 = 0,$ so $y = 0.$\nIf $x = 1$ and $y = 0,$ then $z = x + yi = 1 + 0i = 1.$  In this case $1 - z = 1 - 1 = 0,$ and $\\frac{1}{1 - z}$ is undefined.  However, we are considering the case when $z$ is nonreal, so $y \\neq 0,$ which means $z \\neq 1,$ and thus $x \\neq 1.$  Therefore $1 - x \\neq 0.$\nThus, the real part of $\\frac{1}{1 - z}$ is $\\frac{1}{2}.$\n\n**4. Final Answer**\n\nFinal Answer: The final answer is $\\boxed{\\frac{1}{2}}$",
    "metrics": {
        "length": 2620,
        "has_latex": true
    },
    "validation_response": null
}