{
    "problem": "Find all the integer roots of\n\\[x^3 - 3x^2 - 13x + 15 = 0.\\]Enter all the integer roots, separated by commas.",
    "solution": "### 1. Problem Statement\nFind all integer values of $x$ that satisfy the cubic equation $x^3 - 3x^2 - 13x + 15 = 0$. We are looking for integer solutions to this polynomial equation.\n\n### 2. Solution Strategy\nWe will use the Rational Root Theorem to identify potential rational roots, which in our case must be integers. The Rational Root Theorem states that if a polynomial $P(x) = a_n x^n + a_{n-1} x^{n-1} + \\dots + a_1 x + a_0$ has integer coefficients, then any rational root $p/q$ (where $p$ and $q$ are coprime integers) must have $p$ dividing $a_0$ and $q$ dividing $a_n$.\nFor our polynomial $x^3 - 3x^2 - 13x + 15 = 0$, the leading coefficient is $a_3 = 1$ and the constant term is $a_0 = 15$. Thus, any integer root must be a divisor of 15. We will test all integer divisors of 15 to see if they are roots. The divisors of 15 are $\\pm 1, \\pm 3, \\pm 5, \\pm 15$.\n\n### 3. Step-by-Step Solution\nLet $P(x) = x^3 - 3x^2 - 13x + 15$. We test each divisor of 15:\n- For $x = 1$:\n  $P(1) = (1)^3 - 3(1)^2 - 13(1) + 15 = 1 - 3 - 13 + 15 = 0$.\n  So, $x = 1$ is an integer root.\n\n- For $x = -1$:\n  $P(-1) = (-1)^3 - 3(-1)^2 - 13(-1) + 15 = -1 - 3(1) + 13 + 15 = -1 - 3 + 13 + 15 = 24 \\neq 0$.\n  So, $x = -1$ is not an integer root.\n\n- For $x = 3$:\n  $P(3) = (3)^3 - 3(3)^2 - 13(3) + 15 = 27 - 3(9) - 39 + 15 = 27 - 27 - 39 + 15 = -24 \\neq 0$.\n  So, $x = 3$ is not an integer root.\n\n- For $x = -3$:\n  $P(-3) = (-3)^3 - 3(-3)^2 - 13(-3) + 15 = -27 - 3(9) + 39 + 15 = -27 - 27 + 39 + 15 = 0$.\n  So, $x = -3$ is an integer root.\n\n- For $x = 5$:\n  $P(5) = (5)^3 - 3(5)^2 - 13(5) + 15 = 125 - 3(25) - 65 + 15 = 125 - 75 - 65 + 15 = 0$.\n  So, $x = 5$ is an integer root.\n\n- For $x = -5$:\n  $P(-5) = (-5)^3 - 3(-5)^2 - 13(-5) + 15 = -125 - 3(25) + 65 + 15 = -125 - 75 + 65 + 15 = -120 \\neq 0$.\n  So, $x = -5$ is not an integer root.\n\n- For $x = 15$:\n  $P(15) = (15)^3 - 3(15)^2 - 13(15) + 15 = 3375 - 675 - 195 + 15 = 2520 \\neq 0$.\n  So, $x = 15$ is not an integer root.\n\n- For $x = -15$:\n  $P(-15) = (-15)^3 - 3(-15)^2 - 13(-15) + 15 = -3375 - 675 + 195 + 15 = -3840 \\neq 0$.\n  So, $x = -15$ is not an integer root.\n\nThe integer roots are $1, -3, 5$. Since the polynomial is of degree 3, there can be at most 3 roots. We have found 3 integer roots, so these are all the integer roots.\n\n### 4. Final Answer\nThe integer roots are $1, -3, 5$.\n\nFinal Answer: $\\boxed{1, -3, 5}$",
    "metrics": {
        "length": 2363,
        "has_latex": true
    },
    "validation_response": null
}