{
    "problem": "The graph of $y = f(x)$ is shown below.\n\n[asy]\nunitsize(0.5 cm);\n\nreal func(real x) {\n  real y;\n  if (x >= -3 && x <= 0) {y = -2 - x;}\n  if (x >= 0 && x <= 2) {y = sqrt(4 - (x - 2)^2) - 2;}\n  if (x >= 2 && x <= 3) {y = 2*(x - 2);}\n  return(y);\n}\n\nint i, n;\n\nfor (i = -5; i <= 5; ++i) {\n  draw((i,-5)--(i,5),gray(0.7));\n  draw((-5,i)--(5,i),gray(0.7));\n}\n\ndraw((-5,0)--(5,0),Arrows(6));\ndraw((0,-5)--(0,5),Arrows(6));\n\nlabel(\"$x$\", (5,0), E);\nlabel(\"$y$\", (0,5), N);\n\ndraw(graph(func,-3,3),red);\n\nlabel(\"$y = f(x)$\", (3,-2), UnFill);\n[/asy]\n\nWhich is the graph of $y = f(x - 1)$?\n\n[asy]\nunitsize(0.5 cm);\n\npicture[] graf;\nint i, n;\n\nreal func(real x) {\n  real y;\n  if (x >= -3 && x <= 0) {y = -2 - x;}\n  if (x >= 0 && x <= 2) {y = sqrt(4 - (x - 2)^2) - 2;}\n  if (x >= 2 && x <= 3) {y = 2*(x - 2);}\n  return(y);\n}\n\nfor (n = 1; n <= 5; ++n) {\n  graf[n] = new picture;\n  for (i = -5; i <= 5; ++i) {\n    draw(graf[n],(i,-5)--(i,5),gray(0.7));\n    draw(graf[n],(-5,i)--(5,i),gray(0.7));\n  }\n  draw(graf[n],(-5,0)--(5,0),Arrows(6));\n  draw(graf[n],(0,-5)--(0,5),Arrows(6));\n\n  label(graf[n],\"$x$\", (5,0), E);\n  label(graf[n],\"$y$\", (0,5), N);\n}\n\ndraw(graf[1],shift(0,1)*graph(func,-3,3),red);\ndraw(graf[2],shift(-1,0)*graph(func,-3,3),red);\ndraw(graf[3],reflect((1,0),(1,1))*graph(func,-3,3),red);\ndraw(graf[4],shift(1,0)*graph(func,-3,3),red);\ndraw(graf[5],shift(0,-1)*graph(func,-3,3),red);\n\nlabel(graf[1], \"A\", (0,-6));\nlabel(graf[2], \"B\", (0,-6));\nlabel(graf[3], \"C\", (0,-6));\nlabel(graf[4], \"D\", (0,-6));\nlabel(graf[5], \"E\", (0,-6));\n\nadd(graf[1]);\nadd(shift((12,0))*(graf[2]));\nadd(shift((24,0))*(graf[3]));\nadd(shift((6,-12))*(graf[4]));\nadd(shift((18,-12))*(graf[5]));\n[/asy]\n\nEnter the letter of the graph of $y = f(x - 1).$",
    "solution": "**1. Problem Statement**\n\nThe problem asks us to identify the graph of the function $y = f(x - 1)$, given the graph of the function $y = f(x)$. We are given five options (A, B, C, D, E) and we need to choose the correct one.\n\n**2. Solution Strategy**\n\nThe transformation from $y = f(x)$ to $y = f(x - 1)$ is a horizontal shift. Specifically, replacing $x$ with $(x - 1)$ in the function $f(x)$ shifts the graph of $y = f(x)$ to the right by 1 unit. We will identify key points on the original graph $y = f(x)$ and apply this horizontal shift to these points. Then we will compare the shifted points with the given options to determine the correct graph.\n\n**3. Step-by-Step Solution**\n\nFirst, let's analyze the given graph of $y = f(x)$ and identify some key points. From the provided Asymptote code and the graph, we can identify the function's piecewise definition and some points.\n\nThe function $f(x)$ is defined as:\n- For $-3 \\le x \\le 0$, $f(x) = -2 - x$.\n- For $0 \\le x \\le 2$, $f(x) = \\sqrt{4 - (x - 2)^2} - 2$.\n- For $2 \\le x \\le 3$, $f(x) = 2(x - 2)$.\n\nLet's find the coordinates of some key points on the graph of $y = f(x)$:\n- At $x = -3$, $f(-3) = -2 - (-3) = 1$. Point: $(-3, 1)$.\n- At $x = 0$, $f(0) = -2 - 0 = -2$. Point: $(0, -2)$.\n- At $x = 2$, $f(2) = \\sqrt{4 - (2 - 2)^2} - 2 = 0$. Point: $(2, 0)$.\n- At $x = 3$, $f(3) = 2(3 - 2) = 2$. Point: $(3, 2)$.\n\nNow, we need to shift these points horizontally to the right by 1 unit to find the corresponding points on the graph of $y = f(x - 1)$. To shift a point $(x, y)$ to the right by 1 unit, we transform it to $(x + 1, y)$.\n\n- $(-3, 1)$ becomes $(-3 + 1, 1) = (-2, 1)$.\n- $(0, -2)$ becomes $(0 + 1, -2) = (1, -2)$.\n- $(2, 0)$ becomes $(2 + 1, 0) = (3, 0)$.\n- $(3, 2)$ becomes $(3 + 1, 2) = (4, 2)$.\n\nNow we examine the provided options A, B, C, D, E and check which graph passes through the points $(-2, 1)$, $(1, -2)$, $(3, 0)$, and $(4, 2)$. By visually inspecting the graphs, we can see that graph D passes through these points.\n\nGraph A is shifted upwards.\nGraph B is shifted to the left.\nGraph C is reflected.\nGraph D is shifted to the right.\nGraph E is shifted downwards.\n\nThe transformation $y = f(x - 1)$ represents a horizontal shift to the right by 1 unit. Therefore, graph D is the correct choice.\n\n**4. Final Answer**\n\nFinal Answer: The final answer is $\\boxed{D}$",
    "metrics": {
        "length": 2343,
        "has_latex": true
    },
    "validation_response": null
}