{
    "problem": "Let $\\omega$ be a nonreal root of $z^3 = 1.$  Let $a_1,$ $a_2,$ $\\dots,$ $a_n$ be real numbers such that\n\\[\\frac{1}{a_1 + \\omega} + \\frac{1}{a_2 + \\omega} + \\dots + \\frac{1}{a_n + \\omega} = 2 + 5i.\\]Compute\n\\[\\frac{2a_1 - 1}{a_1^2 - a_1 + 1} + \\frac{2a_2 - 1}{a_2^2 - a_2 + 1} + \\dots + \\frac{2a_n - 1}{a_n^2 - a_n + 1}.\\]",
    "solution": "**1. Problem Statement**\n\nGiven that $\\omega$ is a nonreal root of $z^3 = 1$, and $a_1, a_2, \\dots, a_n$ are real numbers such that\n\\[\\frac{1}{a_1 + \\omega} + \\frac{1}{a_2 + \\omega} + \\dots + \\frac{1}{a_n + \\omega} = 2 + 5i.\\]\nWe need to compute the value of\n\\[\\frac{2a_1 - 1}{a_1^2 - a_1 + 1} + \\frac{2a_2 - 1}{a_2^2 - a_2 + 1} + \\dots + \\frac{2a_n - 1}{a_n^2 - a_n + 1}.\\]\nKey variables and constraints:\n- $\\omega$ is a nonreal root of $z^3 = 1$\n- $a_1, a_2, \\dots, a_n$ are real numbers\n- Given sum $\\sum_{k=1}^n \\frac{1}{a_k + \\omega} = 2 + 5i$\n- Compute sum $\\sum_{k=1}^n \\frac{2a_k - 1}{a_k^2 - a_k + 1}$\n\n**2. Solution Strategy**\n\nWe will first simplify the expression $\\frac{1}{a + \\omega}$ by multiplying the numerator and denominator by the conjugate of $a + \\omega$, which is $a + \\omega^2$ (since $\\omega^2 = \\overline{\\omega}$ for nonreal cube roots of unity and $a$ is real). Then we will separate the real and imaginary parts of the given sum and equate them to the real and imaginary parts of $2 + 5i$. Finally, we will express the target sum in terms of the real and imaginary parts we obtained.\n\nRelevant formulas/theorems:\n- Properties of cube roots of unity: $\\omega^3 = 1$, $1 + \\omega + \\omega^2 = 0$, $\\omega^2 = \\overline{\\omega}$.\n- Rationalizing complex denominators.\n\n**3. Step-by-Step Solution**\n\nLet's consider a single term $\\frac{1}{a_k + \\omega}$. We multiply the numerator and denominator by $a_k + \\omega^2$:\n\\begin{align*} \\frac{1}{a_k + \\omega} &= \\frac{1}{a_k + \\omega} \\cdot \\frac{a_k + \\omega^2}{a_k + \\omega^2} \\\\ &= \\frac{a_k + \\omega^2}{(a_k + \\omega)(a_k + \\omega^2)} \\\\ &= \\frac{a_k + \\omega^2}{a_k^2 + a_k\\omega^2 + a_k\\omega + \\omega^3} \\\\ &= \\frac{a_k + \\omega^2}{a_k^2 + a_k(\\omega + \\omega^2) + 1}\\end{align*}\nSince $1 + \\omega + \\omega^2 = 0$, we have $\\omega + \\omega^2 = -1$.\n\\[\\frac{1}{a_k + \\omega} = \\frac{a_k + \\omega^2}{a_k^2 - a_k + 1}\\]\nAlso, $\\omega^2 = -1 - \\omega$.\n\\[\\frac{1}{a_k + \\omega} = \\frac{a_k - 1 - \\omega}{a_k^2 - a_k + 1} = \\frac{a_k - 1}{a_k^2 - a_k + 1} - \\frac{\\omega}{a_k^2 - a_k + 1} = \\frac{a_k - 1}{a_k^2 - a_k + 1} - \\omega \\frac{1}{a_k^2 - a_k + 1}\\]\nSumming over $k = 1, \\dots, n$:\n\\[\\sum_{k=1}^n \\frac{1}{a_k + \\omega} = \\sum_{k=1}^n \\left( \\frac{a_k - 1}{a_k^2 - a_k + 1} - \\omega \\frac{1}{a_k^2 - a_k + 1} \\right) = \\sum_{k=1}^n \\frac{a_k - 1}{a_k^2 - a_k + 1} - \\omega \\sum_{k=1}^n \\frac{1}{a_k^2 - a_k + 1}\\]\nLet $X = \\sum_{k=1}^n \\frac{a_k - 1}{a_k^2 - a_k + 1}$ and $Y = \\sum_{k=1}^n \\frac{1}{a_k^2 - a_k + 1}$.\nThen we have $X - \\omega Y = 2 + 5i$. Let $\\omega = -\\frac{1}{2} + i\\frac{\\sqrt{3}}{2}$.\n$X - \\left(-\\frac{1}{2} + i\\frac{\\sqrt{3}}{2}\\right) Y = 2 + 5i$\n$X + \\frac{1}{2} Y - i\\frac{\\sqrt{3}}{2} Y = 2 + 5i$\nComparing real and imaginary parts:\nReal part: $X + \\frac{1}{2} Y = 2$\nImaginary part: $-\\frac{\\sqrt{3}}{2} Y = 5 \\implies Y = -\\frac{10}{\\sqrt{3}}$\nSubstitute $Y$ into the real part equation:\n$X + \\frac{1}{2} \\left( -\\frac{10}{\\sqrt{3}} \\right) = 2$\n$X - \\frac{5}{\\sqrt{3}} = 2$\n$X = 2 + \\frac{5}{\\sqrt{3}}$\nWe want to compute $\\sum_{k=1}^n \\frac{2a_k - 1}{a_k^2 - a_k + 1}$.\nWe can write $2a_k - 1 = 2(a_k - 1) + 2 - 1 = 2(a_k - 1) + 1$.\n\\[\\sum_{k=1}^n \\frac{2a_k - 1}{a_k^2 - a_k + 1} = \\sum_{k=1}^n \\frac{2(a_k - 1) + 1}{a_k^2 - a_k + 1} = 2 \\sum_{k=1}^n \\frac{a_k - 1}{a_k^2 - a_k + 1} + \\sum_{k=1}^n \\frac{1}{a_k^2 - a_k + 1} = 2X + Y\\]\n$2X + Y = 2 \\left( 2 + \\frac{5}{\\sqrt{3}} \\right) + \\left( -\\frac{10}{\\sqrt{3}} \\right) = 4 + \\frac{10}{\\sqrt{3}} - \\frac{10}{\\sqrt{3}} = 4$.\n\n**4. Final Answer**\n\nFinal Answer: The final answer is $\\boxed{4}$",
    "metrics": {
        "length": 4704,
        "has_latex": false
    },
    "validation_response": null
}