{
    "problem": "The graph of $y = f(x)$ is shown below.\n\n[asy]\nunitsize(0.5 cm);\n\nreal func(real x) {\n  real y;\n  if (x >= -3 && x <= 0) {y = -2 - x;}\n  if (x >= 0 && x <= 2) {y = sqrt(4 - (x - 2)^2) - 2;}\n  if (x >= 2 && x <= 3) {y = 2*(x - 2);}\n  return(y);\n}\n\nint i, n;\n\nfor (i = -5; i <= 5; ++i) {\n  draw((i,-5)--(i,5),gray(0.7));\n  draw((-5,i)--(5,i),gray(0.7));\n}\n\ndraw((-5,0)--(5,0),Arrows(6));\ndraw((0,-5)--(0,5),Arrows(6));\n\nlabel(\"$x$\", (5,0), E);\nlabel(\"$y$\", (0,5), N);\n\ndraw(graph(func,-3,3),red);\n\nlabel(\"$y = f(x)$\", (3,-2), UnFill);\n[/asy]\n\nWhich is the graph of $y = \\frac{1}{2} f(x) + 3$?\n\n[asy]\nunitsize(0.5 cm);\n\npicture[] graf;\nint i, n;\n\nreal func(real x) {\n  real y;\n  if (x >= -3 && x <= 0) {y = -2 - x;}\n  if (x >= 0 && x <= 2) {y = sqrt(4 - (x - 2)^2) - 2;}\n  if (x >= 2 && x <= 3) {y = 2*(x - 2);}\n  return(y);\n}\n\nreal funcc(real x) {\n  return(1/2*func(x) + 3);\n}\n\nfor (n = 1; n <= 5; ++n) {\n  graf[n] = new picture;\n  for (i = -5; i <= 5; ++i) {\n    draw(graf[n],(i,-5)--(i,5),gray(0.7));\n    draw(graf[n],(-5,i)--(5,i),gray(0.7));\n  }\n  draw(graf[n],(-5,0)--(5,0),Arrows(6));\n  draw(graf[n],(0,-5)--(0,5),Arrows(6));\n\n  label(graf[n],\"$x$\", (5,0), E);\n  label(graf[n],\"$y$\", (0,5), N);\n}\n\ndraw(graf[1],shift((0,3))*xscale(1/2)*graph(func,-3,3),red);\ndraw(graf[2],shift((0,-2))*yscale(1/2)*graph(func,-3,3),red);\ndraw(graf[3],graph(funcc,-3,3),red);\ndraw(graf[4],yscale(1/2)*graph(func,-3,3),red);\ndraw(graf[5],xscale(1/2)*graph(func,-3,3),red);\n\nlabel(graf[1], \"A\", (0,-6));\nlabel(graf[2], \"B\", (0,-6));\nlabel(graf[3], \"C\", (0,-6));\nlabel(graf[4], \"D\", (0,-6));\nlabel(graf[5], \"E\", (0,-6));\n\nadd(graf[1]);\nadd(shift((12,0))*(graf[2]));\nadd(shift((24,0))*(graf[3]));\nadd(shift((6,-12))*(graf[4]));\nadd(shift((18,-12))*(graf[5]));\n[/asy]\n\nEnter the letter of the graph of $y = \\frac{1}{2} f(x) + 3.$",
    "solution": "## Problem Statement\nRewrite the problem in clear terms:\nGiven the graph of a function $y = f(x)$, we need to find the graph of the transformed function $y = \\frac{1}{2} f(x) + 3$ from the provided options (A, B, C, D, E).\n\nKey variables and constraints:\n- Original function: $y = f(x)$ (graph provided)\n- Transformed function: $y = \\frac{1}{2} f(x) + 3$\n- Options: Graphs A, B, C, D, E\n\n## Solution Strategy\nExplain your approach:\nWe will analyze the transformation from $y = f(x)$ to $y = \\frac{1}{2} f(x) + 3$. This transformation involves a vertical scaling and a vertical shift. We will identify key points on the original graph $y = f(x)$ and apply the transformation to these points to see which of the provided graphs matches the transformed points.\n\nList relevant formulas/theorems:\n- Vertical scaling: $y = a f(x)$ scales the graph of $y = f(x)$ vertically by a factor of $|a|$. If $0 < |a| < 1$, it's a compression; if $|a| > 1$, it's a stretch.\n- Vertical shift: $y = f(x) + b$ shifts the graph of $y = f(x)$ vertically by $b$ units. Upwards if $b > 0$, downwards if $b < 0$.\n\nIn our case, $a = \\frac{1}{2}$ and $b = 3$. So, we have a vertical compression by a factor of 2 and a vertical shift upwards by 3 units.\n\n## Step-by-Step Solution\nStep 1: Identify key points on the original graph $y = f(x)$.\nFrom the graph, we can read off the coordinates of some points:\n- $(-3, 1)$\n- $(0, -2)$\n- $(2, 0)$\n- $(3, 2)$\n- $(-2, 0)$\n\nStep 2: Apply the transformation $y = \\frac{1}{2} f(x) + 3$ to these key points.\nFor each point $(x, y)$ on $y = f(x)$, the corresponding point on $y = \\frac{1}{2} f(x) + 3$ is $(x, \\frac{1}{2} y + 3)$.\n- For $(-3, 1)$: $y' = \\frac{1}{2}(1) + 3 = \\frac{1}{2} + 3 = 3.5$. New point is $(-3, 3.5)$.\n- For $(0, -2)$: $y' = \\frac{1}{2}(-2) + 3 = -1 + 3 = 2$. New point is $(0, 2)$.\n- For $(2, 0)$: $y' = \\frac{1}{2}(0) + 3 = 0 + 3 = 3$. New point is $(2, 3)$.\n- For $(3, 2)$: $y' = \\frac{1}{2}(2) + 3 = 1 + 3 = 4$. New point is $(3, 4)$.\n- For $(-2, 0)$: $y' = \\frac{1}{2}(0) + 3 = 0 + 3 = 3$. New point is $(-2, 3)$.\n\nStep 3: Examine the provided graphs (A, B, C, D, E) and identify which graph passes through the transformed points $(-3, 3.5), (0, 2), (2, 3), (3, 4), (-2, 3)$.\nGraph C is described by `graph(funcc,-3,3), where funcc(x) = 1/2*func(x) + 3`. This directly corresponds to the transformation we are looking for: $y = \\frac{1}{2} f(x) + 3$.\n\nLet's check if Graph C visually matches the transformed points.\n- $(-3, 3.5)$: On Graph C, at $x = -3$, $y$ is indeed at $3.5$.\n- $(0, 2)$: On Graph C, at $x = 0$, $y$ is indeed at $2$.\n- $(2, 3)$: On Graph C, at $x = 2$, $y$ is indeed at $3$.\n- $(3, 4)$: On Graph C, at $x = 3$, $y$ is indeed at $4$.\n- $(-2, 3)$: On Graph C, at $x = -2$, $y$ is indeed at $3$.\n\nGraph C perfectly matches the transformed points.\n\nStep 4: Eliminate other options based on their transformations.\n- Graph A: $y = f(2x) + 3$. Horizontal compression and vertical shift.\n- Graph B: $y = \\frac{1}{2} f(x) - 2$. Vertical compression and vertical shift down.\n- Graph D: $y = \\frac{1}{2} f(x)$. Vertical compression only.\n- Graph E: $y = f(2x)$. Horizontal compression only.\n\nNone of the other graphs represent the desired transformation.\n\n## Final Answer\nFinal Answer: The final answer is $\\boxed{C}$",
    "metrics": {
        "length": 3264,
        "has_latex": true
    },
    "validation_response": null
}