{
    "problem": "Compute\n\\[\\frac{2 + 6}{4^{100}} + \\frac{2 + 2 \\cdot 6}{4^{99}} + \\frac{2 + 3 \\cdot 6}{4^{98}} + \\dots + \\frac{2 + 98 \\cdot 6}{4^3} + \\frac{2 + 99 \\cdot 6}{4^2} + \\frac{2 + 100 \\cdot 6}{4}.\\]",
    "solution": "## Solution:\n\n### 1. Problem Statement\nCompute the sum of the series:\n\\[S = \\frac{2 + 6}{4^{100}} + \\frac{2 + 2 \\cdot 6}{4^{99}} + \\frac{2 + 3 \\cdot 6}{4^{98}} + \\dots + \\frac{2 + 98 \\cdot 6}{4^3} + \\frac{2 + 99 \\cdot 6}{4^2} + \\frac{2 + 100 \\cdot 6}{4}.\\]\nThis is a sum of 100 terms. The $k$-th term in the series (for $k=1, 2, \\dots, 100$) can be written as $T_k = \\frac{2 + k \\cdot 6}{4^{101-k}}$.\n\n### 2. Solution Strategy\nWe can express the sum using summation notation and then split the sum into two parts. We will use the formulas for the sum of a geometric series and the sum of an arithmetico-geometric series.\nThe formulas we will use are:\n- Sum of a geometric series: $\\sum_{k=1}^{n} r^k = \\frac{r(1-r^n)}{1-r}$\n- Sum of an arithmetico-geometric series: $\\sum_{k=1}^{n} k r^k = \\frac{r - (n+1)r^{n+1} + nr^{n+2}}{(1-r)^2}$\n\n### 3. Step-by-Step Solution\nThe sum can be written as:\n\\[S = \\sum_{k=1}^{100} \\frac{2 + 6k}{4^{101-k}} = \\sum_{k=1}^{100} (2 + 6k) 4^{-(101-k)} = \\sum_{k=1}^{100} (2 + 6k) 4^{k-101} = 4^{-101} \\sum_{k=1}^{100} (2 + 6k) 4^k\\]\n\\[S = 4^{-101} \\left( \\sum_{k=1}^{100} 2 \\cdot 4^k + \\sum_{k=1}^{100} 6k \\cdot 4^k \\right) = 4^{-101} \\left( 2 \\sum_{k=1}^{100} 4^k + 6 \\sum_{k=1}^{100} k \\cdot 4^k \\right)\\]\n\nFirst, let's compute $\\sum_{k=1}^{100} 4^k$. This is a geometric series with $r = 4$, $a = 4$, and $n = 100$.\n\\[\\sum_{k=1}^{100} 4^k = \\frac{4(1-4^{100})}{1-4} = \\frac{4(1-4^{100})}{-3} = \\frac{4(4^{100}-1)}{3}\\]\n\nNext, let's compute $\\sum_{k=1}^{100} k \\cdot 4^k$. This is an arithmetico-geometric series with $r = 4$, $n = 100$.\nUsing the formula $\\sum_{k=1}^{n} k r^k = \\frac{r - (n+1)r^{n+1} + nr^{n+2}}{(1-r)^2}$ with $r=4$ and $n=100$:\n\\[\\sum_{k=1}^{100} k \\cdot 4^k = \\frac{4 - (100+1)4^{101} + 100 \\cdot 4^{102}}{(1-4)^2} = \\frac{4 - 101 \\cdot 4^{101} + 100 \\cdot 4^{102}}{(-3)^2} = \\frac{4 - 101 \\cdot 4^{101} + 100 \\cdot 4^{102}}{9}\\]\n\nSubstitute these sums back into the expression for $S$:\n\\[S = 4^{-101} \\left( 2 \\cdot \\frac{4(4^{100}-1)}{3} + 6 \\cdot \\frac{4 - 101 \\cdot 4^{101} + 100 \\cdot 4^{102}}{9} \\right)\\]\n\\[S = 4^{-101} \\left( \\frac{8(4^{100}-1)}{3} + \\frac{2(4 - 101 \\cdot 4^{101} + 100 \\cdot 4^{102})}{3} \\right)\\]\n\\[S = \\frac{4^{-101}}{3} \\left( 8(4^{100}-1) + 2(4 - 101 \\cdot 4^{101} + 100 \\cdot 4^{102}) \\right)\\]\n\\[S = \\frac{1}{3 \\cdot 4^{101}} \\left( 8 \\cdot 4^{100} - 8 + 8 - 202 \\cdot 4^{101} + 200 \\cdot 4^{102} \\right)\\]\n\\[S = \\frac{1}{3 \\cdot 4^{101}} \\left( 8 \\cdot 4^{100} - 202 \\cdot 4^{101} + 200 \\cdot 4^{102} \\right)\\]\nDivide each term by $3 \\cdot 4^{101}$:\n\\[S = \\frac{8 \\cdot 4^{100}}{3 \\cdot 4^{101}} - \\frac{202 \\cdot 4^{101}}{3 \\cdot 4^{101}} + \\frac{200 \\cdot 4^{102}}{3 \\cdot 4^{101}}\\]\n\\[S = \\frac{8}{3 \\cdot 4} - \\frac{202}{3} + \\frac{200 \\cdot 4}{3} = \\frac{2}{3} - \\frac{202}{3} + \\frac{800}{3} = \\frac{2 - 202 + 800}{3} = \\frac{600}{3} = 200\\]\n\n### 4. Final Answer\nFinal Answer: The final answer is $\\boxed{200}$",
    "metrics": {
        "length": 2902,
        "has_latex": true
    },
    "validation_response": null
}