{
    "problem": "Let $a,$ $b,$ $c$ be complex numbers such that\n\\[a + b + c = ab + ac + bc = abc = 1.\\]Enter the values $a,$ $b,$ $c,$ separated by commas, in any order.",
    "solution": "**1. Problem Statement**\n\nGiven three complex numbers $a,$ $b,$ $c,$ we are given the following system of equations:\n\\[\n\\begin{aligned}\na + b + c &= 1 \\\\\nab + ac + bc &= 1 \\\\\nabc &= 1\n\\end{aligned}\n\\]\nOur goal is to find the values of $a,$ $b,$ and $c.$\n\n**Key Variables:** $a, b, c$ (complex numbers)\n**Constraints:** The three given equations must be satisfied.\n\n**2. Solution Strategy**\n\nWe recognize that the given equations are elementary symmetric polynomials in $a, b, c.$ Specifically, if we consider a cubic polynomial with roots $a, b, c,$ then by Vieta's formulas, the coefficients of the polynomial are related to these symmetric polynomials.\n\nLet $P(x) = (x-a)(x-b)(x-c).$ Expanding this polynomial, we get\n\\begin{align*} P(x) &= (x-a)(x^2 - (b+c)x + bc) \\\\ &= x^3 - (b+c)x^2 + bcx - ax^2 + a(b+c)x - abc \\\\ &= x^3 - (a+b+c)x^2 + (ab+ac+bc)x - abc\\end{align*}\nUsing Vieta's formulas, for a cubic equation $x^3 - e_1 x^2 + e_2 x - e_3 = 0$ with roots $a, b, c,$ we have:\n\\begin{align*} e_1 &= a + b + c \\\\ e_2 &= ab + ac + bc \\\\ e_3 &= abc \\end{align*}\nIn our problem, we are given $a + b + c = 1,$ $ab + ac + bc = 1,$ and $abc = 1.$ Thus, we can construct a cubic equation whose roots are $a, b, c.$\nThe cubic equation is $x^3 - (a+b+c)x^2 + (ab+ac+bc)x - abc = 0,$ which becomes\n\\[ x^3 - (1)x^2 + (1)x - (1) = 0 \\]\n\\[ x^3 - x^2 + x - 1 = 0 \\]\nTo find $a, b, c,$ we need to solve this cubic equation.\n\n**3. Step-by-Step Solution**\n\nWe need to solve the cubic equation $x^3 - x^2 + x - 1 = 0.$\nWe can factor this polynomial by grouping:\n\\begin{align*} x^3 - x^2 + x - 1 &= (x^3 - x^2) + (x - 1) \\\\ &= x^2(x - 1) + 1(x - 1) \\\\ &= (x^2 + 1)(x - 1) \\end{align*}\nSo, the equation becomes $(x^2 + 1)(x - 1) = 0.$\nThis equation is satisfied if either $x^2 + 1 = 0$ or $x - 1 = 0.$\n\nCase 1: $x - 1 = 0 \\implies x = 1.$\nCase 2: $x^2 + 1 = 0 \\implies x^2 = -1 \\implies x = \\pm \\sqrt{-1} = \\pm i.$\nThus, the roots of the cubic equation are $x = 1, i, -i.$\nTherefore, the values of $a, b, c$ are $1, i, -i$ in some order.\n\nLet's verify if these values satisfy the given conditions.\nLet $a = 1, b = i, c = -i.$\n\\begin{enumerate}\n    \\item $a + b + c = 1 + i + (-i) = 1 + i - i = 1.$\n    \\item $ab + ac + bc = (1)(i) + (1)(-i) + (i)(-i) = i - i - i^2 = i - i - (-1) = 1.$\n    \\item $abc = (1)(i)(-i) = 1 \\cdot (-i^2) = 1 \\cdot (-(-1)) = 1 \\cdot 1 = 1.$\n\\end{enumerate}\nAll three conditions are satisfied.\n\n**4. Final Answer**\n\nThe values of $a, b, c$ are $1, i, -i.$ We can enter them in any order separated by commas.\n\nFinal Answer: $\\boxed{1,i,-i}$",
    "metrics": {
        "length": 2549,
        "has_latex": true
    },
    "validation_response": null
}