{
    "problem": "Let $a_0=-2,b_0=1$, and for $n\\geq 0$, let\n\\begin{align*}a_{n+1}&=a_n+b_n+\\sqrt{a_n^2+b_n^2},\\\\b_{n+1}&=a_n+b_n-\\sqrt{a_n^2+b_n^2}.\\end{align*}Find $\\frac{1}{a_{2012}} + \\frac{1}{b_{2012}}.$",
    "solution": "## Problem Solution\n\n**1. Problem Statement**\n\nGiven the initial conditions $a_0=-2$ and $b_0=1$, and the recursive relations for $n\\geq 0$:\n\\begin{align*}a_{n+1}&=a_n+b_n+\\sqrt{a_n^2+b_n^2},\\\\b_{n+1}&=a_n+b_n-\\sqrt{a_n^2+b_n^2}.\\end{align*}\nWe are asked to find the value of $\\frac{1}{a_{2012}} + \\frac{1}{b_{2012}}.$\n\nKey variables: $a_n, b_n$.\nConstraints: Recursive relations define $a_{n+1}, b_{n+1}$ based on $a_n, b_n$. Initial conditions $a_0=-2, b_0=1$.\n\n**2. Solution Strategy**\n\nWe will first examine the sum and product of $a_{n+1}$ and $b_{n+1}$.\nLet $S_n = a_n + b_n$ and $P_n = a_n b_n$. We will express $S_{n+1}$ and $P_{n+1}$ in terms of $S_n$ and $P_n$.\nThen we will try to find a pattern for $\\frac{1}{a_n} + \\frac{1}{b_n} = \\frac{a_n+b_n}{a_n b_n} = \\frac{S_n}{P_n}$.\nWe can calculate the first few terms to observe a pattern.\n\nRelevant formulas:\n- Sum and product of roots of quadratic equations.\n- Recursive relations.\n\n**3. Step-by-Step Solution**\n\nLet's calculate $a_{n+1} + b_{n+1}$ and $a_{n+1} b_{n+1}$.\n\\begin{align*}a_{n+1} + b_{n+1} &= (a_n+b_n+\\sqrt{a_n^2+b_n^2}) + (a_n+b_n-\\sqrt{a_n^2+b_n^2}) \\\\ &= 2(a_n+b_n)\\end{align*}\n\\begin{align*}a_{n+1} b_{n+1} &= (a_n+b_n+\\sqrt{a_n^2+b_n^2}) (a_n+b_n-\\sqrt{a_n^2+b_n^2}) \\\\ &= (a_n+b_n)^2 - (\\sqrt{a_n^2+b_n^2})^2 \\\\ &= (a_n+b_n)^2 - (a_n^2+b_n^2) \\\\ &= a_n^2 + 2a_n b_n + b_n^2 - a_n^2 - b_n^2 \\\\ &= 2a_n b_n\\end{align*}\nLet $S_n = a_n + b_n$ and $P_n = a_n b_n$. Then we have:\n$S_{n+1} = 2S_n$\n$P_{n+1} = 2P_n$\n\nFor $n=0$, $S_0 = a_0 + b_0 = -2 + 1 = -1$.\nFor $n=0$, $P_0 = a_0 b_0 = (-2)(1) = -2$.\n\nSince $S_{n+1} = 2S_n$, we have $S_n = 2^n S_0 = 2^n (-1) = -2^n$.\nSince $P_{n+1} = 2P_n$, we have $P_n = 2^n P_0 = 2^n (-2) = -2^{n+1}$.\n\nWe are asked to find $\\frac{1}{a_{2012}} + \\frac{1}{b_{2012}}$.\n\\begin{align*}\\frac{1}{a_{2012}} + \\frac{1}{b_{2012}} &= \\frac{a_{2012} + b_{2012}}{a_{2012} b_{2012}} \\\\ &= \\frac{S_{2012}}{P_{2012}} \\\\ &= \\frac{-2^{2012}}{-2^{2013}} \\\\ &= \\frac{1}{2}\\end{align*}\n\nLet's verify for small values of $n$.\nFor $n=0$, $\\frac{1}{a_0} + \\frac{1}{b_0} = \\frac{1}{-2} + \\frac{1}{1} = -\\frac{1}{2} + 1 = \\frac{1}{2}$.\nFor $n=1$, $a_1 = -1 + \\sqrt{5}, b_1 = -1 - \\sqrt{5}$.\n$\\frac{1}{a_1} + \\frac{1}{b_1} = \\frac{1}{-1 + \\sqrt{5}} + \\frac{1}{-1 - \\sqrt{5}} = \\frac{(-1 - \\sqrt{5}) + (-1 + \\sqrt{5})}{(-1 + \\sqrt{5})(-1 - \\sqrt{5})} = \\frac{-2}{(-1)^2 - (\\sqrt{5})^2} = \\frac{-2}{1 - 5} = \\frac{-2}{-4} = \\frac{1}{2}$.\nFor $n=2$, $a_2 = -2 + 2\\sqrt{3}, b_2 = -2 - 2\\sqrt{3}$.\n$\\frac{1}{a_2} + \\frac{1}{b_2} = \\frac{1}{-2 + 2\\sqrt{3}} + \\frac{1}{-2 - 2\\sqrt{3}} = \\frac{(-2 - 2\\sqrt{3}) + (-2 + 2\\sqrt{3})}{(-2 + 2\\sqrt{3})(-2 - 2\\sqrt{3})} = \\frac{-4}{(-2)^2 - (2\\sqrt{3})^2} = \\frac{-4}{4 - 12} = \\frac{-4}{-8} = \\frac{1}{2}$.\n\nThe value seems to be constant and equal to $\\frac{1}{2}$.\n\n**4. Final Answer**\n\nFinal Answer: The final answer is $\\boxed{\\frac{1}{2}}$",
    "metrics": {
        "length": 2869,
        "has_latex": true
    },
    "validation_response": null
}