{
    "problem": "Find the positive root of\n\\[x^3 - 3x^2 - x - \\sqrt{2} = 0.\\]",
    "solution": "### Problem Statement\nFind the positive root of the cubic equation\n\\[x^3 - 3x^2 - x - \\sqrt{2} = 0.\\]\nWe are asked to find the value of $x$ that satisfies the given equation, with the condition that $x$ must be a positive number.\n\n### Solution Strategy\nWe will attempt to find a root in the form $a + b\\sqrt{2}$, where $a$ and $b$ are rational numbers. We substitute this form into the equation and separate the rational and irrational parts. This will give us a system of equations for $a$ and $b$. We will then solve this system to find possible values for $a$ and $b$. Finally, we will verify if the obtained root is positive and satisfies the original equation. We can also use Descartes' Rule of Signs to check the number of positive roots.\n\n### Step-by-Step Solution\n1. **Assume a root form:**\n   Let's assume the root is of the form $x = a + b\\sqrt{2}$, where $a$ and $b$ are rational numbers.\n\n2. **Substitute into the equation:**\n   Substitute $x = a + b\\sqrt{2}$ into the equation $x^3 - 3x^2 - x - \\sqrt{2} = 0$:\n   \\[(a + b\\sqrt{2})^3 - 3(a + b\\sqrt{2})^2 - (a + b\\sqrt{2}) - \\sqrt{2} = 0\\]\n\n3. **Expand the terms:**\n   Expand the powers of $(a + b\\sqrt{2})$:\n   \\begin{align*} (a + b\\sqrt{2})^2 &= a^2 + 2ab\\sqrt{2} + (b\\sqrt{2})^2 = a^2 + 2ab\\sqrt{2} + 2b^2 \\\\ (a + b\\sqrt{2})^3 &= (a + b\\sqrt{2})(a^2 + 2ab\\sqrt{2} + 2b^2) \\\\ &= a(a^2 + 2ab\\sqrt{2} + 2b^2) + b\\sqrt{2}(a^2 + 2ab\\sqrt{2} + 2b^2) \\\\ &= a^3 + 2a^2b\\sqrt{2} + 2ab^2 + a^2b\\sqrt{2} \\cdot \\sqrt{2} + 2ab^2 \\cdot 2 + 2b^3\\sqrt{2} \\\\ &= a^3 + 2a^2b\\sqrt{2} + 2ab^2 + 2a^2b + 4ab^2 + 2b^3\\sqrt{2} \\\\ &= (a^3 + 6ab^2 + 2a^2b) + (3a^2b + 2b^3)\\sqrt{2}\\end{align*}\n   Wait, there was an error in expansion of $(a + b\\sqrt{2})^3$ in scratchpad. Let's redo it.\n   $(a + b\\sqrt{2})^3 = a^3 + 3a^2(b\\sqrt{2}) + 3a(b\\sqrt{2})^2 + (b\\sqrt{2})^3 = a^3 + 3a^2b\\sqrt{2} + 3a(2b^2) + 2b^3\\sqrt{2} = (a^3 + 6ab^2) + (3a^2b + 2b^3)\\sqrt{2}$.\n\n   Now substitute back into the equation:\n   \\[[(a^3 + 6ab^2) + (3a^2b + 2b^3)\\sqrt{2}] - 3[a^2 + 2ab\\sqrt{2} + 2b^2] - [a + b\\sqrt{2}] - \\sqrt{2} = 0\\]\n   \\[(a^3 + 6ab^2 - 3a^2 - 6b^2 - a) + \\sqrt{2}(3a^2b + 2b^3 - 6ab - b) - \\sqrt{2} = 0\\]\n   \\[(a^3 + 6ab^2 - 3a^2 - 6b^2 - a) + \\sqrt{2}(3a^2b + 2b^3 - 6ab - b - 1) = 0\\]\n\n4. **Separate rational and irrational parts:**\n   For this equation to hold, both the rational and irrational parts must be zero:\n   \\begin{align*} \\label{eq:1} a^3 - 3a^2 + 6ab^2 - 6b^2 - a &= 0 \\\\ 3a^2b + 2b^3 - 6ab - b - 1 &= 0 \\end{align*}\n\n5. **Solve the system of equations:**\n   Let's try some simple integer values for $b$. Let $b=1$.\n   \\begin{align*} a^3 - 3a^2 + 6a - 6 - a &= 0 \\Rightarrow a^3 - 3a^2 + 5a - 6 = 0 \\\\ 3a^2 + 2 - 6a - 1 - 1 &= 0 \\Rightarrow 3a^2 - 6a = 0 \\Rightarrow 3a(a - 2) = 0 \\end{align*}\n   From the second equation, $a = 0$ or $a = 2$.\n   If $a = 0$, substitute into the first equation: $0^3 - 3(0)^2 + 5(0) - 6 = -6 \\neq 0$. So $a=0$ is not a solution.\n   If $a = 2$, substitute into the first equation: $2^3 - 3(2)^2 + 5(2) - 6 = 8 - 12 + 10 - 6 = 0$.\n   So $a=2, b=1$ is a solution.\n\n6. **Verify the root:**\n   For $a=2, b=1$, we have $x = a + b\\sqrt{2} = 2 + \\sqrt{2}$.\n   Let's verify if $x = 2 + \\sqrt{2}$ is a root of $x^3 - 3x^2 - x - \\sqrt{2} = 0$.\n   \\begin{align*} x^2 &= (2 + \\sqrt{2})^2 = 4 + 4\\sqrt{2} + 2 = 6 + 4\\sqrt{2} \\\\ x^3 &= x \\cdot x^2 = (2 + \\sqrt{2})(6 + 4\\sqrt{2}) = 12 + 8\\sqrt{2} + 6\\sqrt{2} + 4(2) = 12 + 14\\sqrt{2} + 8 = 20 + 14\\sqrt{2} \\end{align*}\n   Substitute into the equation:\n   \\begin{align*} x^3 - 3x^2 - x - \\sqrt{2} &= (20 + 14\\sqrt{2}) - 3(6 + 4\\sqrt{2}) - (2 + \\sqrt{2}) - \\sqrt{2} \\\\ &= 20 + 14\\sqrt{2} - 18 - 12\\sqrt{2} - 2 - \\sqrt{2} - \\sqrt{2} \\\\ &= (20 - 18 - 2) + (14\\sqrt{2} - 12\\sqrt{2} - \\sqrt{2} - \\sqrt{2}) \\\\ &= 0 + (14 - 12 - 1 - 1)\\sqrt{2} = 0 + 0\\sqrt{2} = 0 \\end{align*}\n   So $x = 2 + \\sqrt{2}$ is indeed a root.\n   Since $2 + \\sqrt{2} > 0$, it is a positive root.\n\n7. **Uniqueness of positive root:**\n   By Descartes' Rule of Signs, for the polynomial $P(x) = x^3 - 3x^2 - x - \\sqrt{2}$, the coefficients are $1, -3, -1, -\\sqrt{2}$. The signs are $+ - - -$. There is only one sign change (from $+$ to $-$). Therefore, there is exactly one positive real root. Since we found a positive root $x = 2 + \\sqrt{2}$, it is the unique positive root.\n\n### Final Answer\nThe positive root of the equation $x^3 - 3x^2 - x - \\sqrt{2} = 0$ is $\\boxed{2 + \\sqrt{2}}$",
    "metrics": {
        "length": 4371,
        "has_latex": true
    },
    "validation_response": null
}