{
    "problem": "A $\\frac 1p$ -array is a structured, infinite, collection of numbers. For example, a $\\frac 13$ -array is constructed as follows:\n\\begin{align*} 1 \\qquad \\frac 13\\,\\ \\qquad \\frac 19\\,\\ \\qquad \\frac 1{27} \\qquad &\\cdots\\\\ \\frac 16 \\qquad \\frac 1{18}\\,\\ \\qquad \\frac{1}{54} \\qquad &\\cdots\\\\ \\frac 1{36} \\qquad \\frac 1{108} \\qquad &\\cdots\\\\ \\frac 1{216} \\qquad &\\cdots\\\\ &\\ddots \\end{align*}\nIn general, the first entry of each row is $\\frac{1}{2p}$ times the first entry of the previous row. Then, each succeeding term in a row is $\\frac 1p$ times the previous term in the same row. If the sum of all the terms in a $\\frac{1}{2008}$ -array can be written in the form $\\frac mn$, where $m$ and $n$ are relatively prime positive integers, find the remainder when $m+n$ is divided by $2008$.",
    "solution": "### Problem Statement\nA $\\frac 1p$ -array is constructed such that the first entry of each row is $\\frac{1}{2p}$ times the first entry of the previous row, and each succeeding term in a row is $\\frac 1p$ times the previous term in the same row. For a $\\frac{1}{2008}$ -array, we need to find the sum of all terms, express it as a fraction $\\frac mn$ in lowest terms, and find the remainder when $m+n$ is divided by $2008$.\n\n### Solution Strategy\n1. Determine the general term of the array.\n2. Find the sum of each row, which is a geometric series.\n3. Find the sum of all rows, which is also a geometric series.\n4. Express the total sum as a fraction $\\frac mn$ in lowest terms for $p=2008$.\n5. Calculate $m+n$ and find its remainder when divided by $2008$.\n\n### Step-by-Step Solution\nLet $A$ be the first term of the first row. From the example, we can assume $A=1$. For a $\\frac 1p$ -array, let $a_{i,j}$ be the term in the $i$-th row and $j$-th column, where $i, j \\ge 1$.\nThe first row is $a_{1,j} = A (\\frac{1}{p})^{j-1}$ for $j \\ge 1$.\nThe first term of the $i$-th row is $a_{i,1} = \\frac{1}{2p} a_{i-1, 1}$ for $i \\ge 2$, with $a_{1,1} = A$.\nThus, $a_{i,1} = (\\frac{1}{2p})^{i-1} A$.\nThe $j$-th term of the $i$-th row is $a_{i,j} = a_{i,1} (\\frac{1}{p})^{j-1} = (\\frac{1}{2p})^{i-1} A (\\frac{1}{p})^{j-1}$.\nThe sum of the $i$-th row is $S_i = \\sum_{j=1}^\\infty a_{i,j} = \\sum_{j=1}^\\infty a_{i,1} (\\frac{1}{p})^{j-1} = a_{i,1} \\sum_{j=1}^\\infty (\\frac{1}{p})^{j-1} = a_{i,1} \\frac{1}{1 - \\frac{1}{p}} = a_{i,1} \\frac{p}{p-1}$.\nSubstituting $a_{i,1} = (\\frac{1}{2p})^{i-1} A$, we get $S_i = (\\frac{1}{2p})^{i-1} A \\frac{p}{p-1} = \\frac{pA}{p-1} (\\frac{1}{2p})^{i-1}$.\nThe sum of all terms in the $\\frac 1p$ -array is $S = \\sum_{i=1}^\\infty S_i = \\sum_{i=1}^\\infty \\frac{pA}{p-1} (\\frac{1}{2p})^{i-1} = \\frac{pA}{p-1} \\sum_{i=1}^\\infty (\\frac{1}{2p})^{i-1}$.\nLet $r = \\frac{1}{2p}$. Then $\\sum_{i=1}^\\infty (\\frac{1}{2p})^{i-1} = \\sum_{k=0}^\\infty r^k = \\frac{1}{1-r} = \\frac{1}{1 - \\frac{1}{2p}} = \\frac{1}{\\frac{2p-1}{2p}} = \\frac{2p}{2p-1}$.\nSo, $S = \\frac{pA}{p-1} \\frac{2p}{2p-1} = \\frac{2p^2 A}{(p-1)(2p-1)}$.\nAssuming $A=1$, $S = \\frac{2p^2}{(p-1)(2p-1)}$.\nFor $p=2008$, $S = \\frac{2(2008)^2}{(2008-1)(2 \\times 2008 - 1)} = \\frac{2(2008)^2}{(2007)(4015)} = \\frac{m}{n}$.\n$m = 2(2008)^2$ and $n = (2007)(4015)$. We have shown that $\\gcd(m,n)=1$.\n$m+n = 2(2008)^2 + (2007)(4015) = 2(2008)^2 + (2008-1)(2 \\times 2008 - 1) = 4(2008)^2 - 3(2008) + 1$.\nWe want to find $(m+n) \\pmod{2008}$.\n$m+n \\equiv 4(2008)^2 - 3(2008) + 1 \\equiv 4(0)^2 - 3(0) + 1 \\equiv 1 \\pmod{2008}$.\n\nFinal Answer: The final answer is $\\boxed{1}$",
    "metrics": {
        "length": 2625,
        "has_latex": true
    },
    "validation_response": null
}