{
    "problem": "Let $a$ and $b$ be relatively prime positive integers such that $\\dfrac ab=\\dfrac1{2^1}+\\dfrac2{3^2}+\\dfrac3{2^3}+\\dfrac4{3^4}+\\dfrac5{2^5}+\\dfrac6{3^6}+\\cdots$, where the numerators always increase by $1$, and the denominators alternate between powers of $2$ and $3$, with exponents also increasing by $1$ for each subsequent term. Compute $a+b$.",
    "solution": "### 1. Problem Statement\nThe problem asks us to find the sum of the infinite series $S = \\dfrac1{2^1}+\\dfrac2{3^2}+\\dfrac3{2^3}+\\dfrac4{3^4}+\\dfrac5{2^5}+\\dfrac6{3^6}+\\cdots$. This series can be represented as a fraction $\\frac{a}{b}$, where $a$ and $b$ are relatively prime positive integers. We need to compute the value of $a+b$.\nKey variables and constraints:\n- $a, b$: relatively prime positive integers\n- $\\dfrac ab = \\dfrac1{2^1}+\\dfrac2{3^2}+\\dfrac3{2^3}+\\dfrac4{3^4}+\\dfrac5{2^5}+\\dfrac6{3^6}+\\cdots$\n- Compute $a+b$\n\n### 2. Solution Strategy\nWe observe that the given series is a sum of two interleaved series. We will separate the series into two parts: one with denominators as powers of 2 and another with denominators as powers of 3. Then we will find the sum of each series separately using known formulas for geometric series and their derivatives. Finally, we will add the two sums to get $\\frac{a}{b}$ and compute $a+b$.\nRelevant formulas:\n- Geometric series sum: $\\sum_{n=0}^{\\infty} x^n = \\dfrac{1}{1-x}$ for $|x| < 1$\n- Derivative of geometric series: $\\sum_{n=1}^{\\infty} n x^{n-1} = \\dfrac{1}{(1-x)^2}$ for $|x| < 1$\n- Summation involving $n x^n$: $\\sum_{n=1}^{\\infty} n x^{n} = \\dfrac{x}{(1-x)^2}$ for $|x| < 1$\n\n### 3. Step-by-Step Solution\nThe given series $S$ can be split into two series:\n$S = \\left(\\dfrac1{2^1} + \\dfrac3{2^3} + \\dfrac5{2^5} + \\cdots \\right) + \\left(\\dfrac2{3^2} + \\dfrac4{3^4} + \\dfrac6{3^6} + \\cdots \\right) = S_1 + S_2$\n\nFor the first series $S_1 = \\dfrac1{2^1} + \\dfrac3{2^3} + \\dfrac5{2^5} + \\cdots = \\sum_{n=1}^{\\infty} \\dfrac{2n-1}{2^{2n-1}}$\nLet $x = \\frac{1}{2^2} = \\frac{1}{4}$. Then $S_1 = \\sum_{n=1}^{\\infty} (2n-1) \\left(\\frac{1}{2}\\right) \\left(\\frac{1}{2^2}\\right)^{n-1} = \\frac{1}{2} \\sum_{n=1}^{\\infty} (2n-1) x^{n-1}$.\nWe know that $\\sum_{n=1}^{\\infty} (2n-1) x^{n-1} = 2 \\sum_{n=1}^{\\infty} n x^{n-1} - \\sum_{n=1}^{\\infty} x^{n-1} = 2 \\dfrac{1}{(1-x)^2} - \\dfrac{1}{1-x} = \\dfrac{2 - (1-x)}{(1-x)^2} = \\dfrac{1+x}{(1-x)^2}$.\nSubstituting $x = \\frac{1}{4}$, we get $\\sum_{n=1}^{\\infty} (2n-1) (\\frac{1}{4})^{n-1} = \\dfrac{1+\\frac{1}{4}}{(1-\\frac{1}{4})^2} = \\dfrac{\\frac{5}{4}}{(\\frac{3}{4})^2} = \\dfrac{\\frac{5}{4}}{\\frac{9}{16}} = \\dfrac{5}{4} \\times \\dfrac{16}{9} = \\dfrac{20}{9}$.\nThus, $S_1 = \\frac{1}{2} \\times \\dfrac{20}{9} = \\dfrac{10}{9}$.\n\nFor the second series $S_2 = \\dfrac2{3^2} + \\dfrac4{3^4} + \\dfrac6{3^6} + \\cdots = \\sum_{n=1}^{\\infty} \\dfrac{2n}{3^{2n}} = 2 \\sum_{n=1}^{\\infty} \\dfrac{n}{3^{2n}} = 2 \\sum_{n=1}^{\\infty} n \\left(\\frac{1}{3^2}\\right)^{n}$.\nLet $y = \\frac{1}{3^2} = \\frac{1}{9}$. Then $S_2 = 2 \\sum_{n=1}^{\\infty} n y^{n} = 2 \\dfrac{y}{(1-y)^2}$.\nSubstituting $y = \\frac{1}{9}$, we get $S_2 = 2 \\dfrac{\\frac{1}{9}}{(1-\\frac{1}{9})^2} = 2 \\dfrac{\\frac{1}{9}}{(\\frac{8}{9})^2} = 2 \\dfrac{\\frac{1}{9}}{\\frac{64}{81}} = 2 \\times \\dfrac{1}{9} \\times \\dfrac{81}{64} = \\dfrac{2 \\times 9}{64} = \\dfrac{18}{64} = \\dfrac{9}{32}$.\n\nNow, we add $S_1$ and $S_2$:\n$S = S_1 + S_2 = \\dfrac{10}{9} + \\dfrac{9}{32} = \\dfrac{10 \\times 32 + 9 \\times 9}{9 \\times 32} = \\dfrac{320 + 81}{288} = \\dfrac{401}{288}$.\nSo, $\\frac{a}{b} = \\dfrac{401}{288}$. We need to check if $a=401$ and $b=288$ are relatively prime.\nWe use the Euclidean algorithm to find gcd(401, 288).\n$401 = 1 \\times 288 + 113$\n$288 = 2 \\times 113 + 62$\n$113 = 1 \\times 62 + 51$\n$62 = 1 \\times 51 + 11$\n$51 = 4 \\times 11 + 7$\n$11 = 1 \\times 7 + 4$\n$7 = 1 \\times 4 + 3$\n$4 = 1 \\times 3 + 1$\n$3 = 3 \\times 1 + 0$\nThe greatest common divisor is 1. Thus, $a=401$ and $b=288$ are relatively prime.\nFinally, we compute $a+b = 401 + 288 = 689$.\n\n### 4. Final Answer\nFinal Answer: The final answer is $\\boxed{689}$",
    "metrics": {
        "length": 3653,
        "has_latex": false
    },
    "validation_response": null
}