{
    "problem": "Evaluate $\\left|\\frac12 - \\frac38i\\right|$.",
    "solution": "### 1. **Problem Statement**\nEvaluate the modulus of the complex number $\\frac{1}{2} - \\frac{3}{8}i$.\nLet $z = \\frac{1}{2} - \\frac{3}{8}i$. We need to find the value of $|z|$.\nHere, the real part of $z$ is $a = \\frac{1}{2}$ and the imaginary part of $z$ is $b = -\\frac{3}{8}$.\n\n### 2. **Solution Strategy**\nTo evaluate the modulus of a complex number $z = a + bi$, we use the formula $|z| = \\sqrt{a^2 + b^2}$.\nIn this problem, we have $a = \\frac{1}{2}$ and $b = -\\frac{3}{8}$.\nWe will substitute these values into the formula and simplify the expression to find the modulus.\n\nRelevant formula:\nFor a complex number $z = a + bi$, the modulus is given by:\n$|z| = \\sqrt{a^2 + b^2}$\n\n### 3. **Step-by-Step Solution**\nGiven the complex number $z = \\frac{1}{2} - \\frac{3}{8}i$.\nHere, the real part is $a = \\frac{1}{2}$ and the imaginary part is $b = -\\frac{3}{8}$.\nUsing the formula for the modulus of a complex number, we have:\n$|z| = \\left|\\frac{1}{2} - \\frac{3}{8}i\\right| = \\sqrt{\\left(\\frac{1}{2}\\right)^2 + \\left(-\\frac{3}{8}\\right)^2}$\n\nFirst, we calculate the square of the real part:\n$\\left(\\frac{1}{2}\\right)^2 = \\frac{1^2}{2^2} = \\frac{1}{4}$\n\nNext, we calculate the square of the imaginary part:\n$\\left(-\\frac{3}{8}\\right)^2 = \\left(\\frac{-3}{8}\\right)^2 = \\frac{(-3)^2}{8^2} = \\frac{9}{64}$\n\nNow, we add the squares of the real and imaginary parts:\n$a^2 + b^2 = \\frac{1}{4} + \\frac{9}{64}$\nTo add these fractions, we find a common denominator, which is 64.\n$\\frac{1}{4} = \\frac{1 \\times 16}{4 \\times 16} = \\frac{16}{64}$\nSo, $\\frac{1}{4} + \\frac{9}{64} = \\frac{16}{64} + \\frac{9}{64} = \\frac{16 + 9}{64} = \\frac{25}{64}$\n\nFinally, we take the square root of the sum:\n$|z| = \\sqrt{\\frac{25}{64}}$\nUsing the property $\\sqrt{\\frac{x}{y}} = \\frac{\\sqrt{x}}{\\sqrt{y}}$ for $x \\ge 0, y > 0$:\n$|z| = \\frac{\\sqrt{25}}{\\sqrt{64}}$\nWe know that $\\sqrt{25} = 5$ and $\\sqrt{64} = 8$.\nTherefore, $|z| = \\frac{5}{8}$\n\n### 4. **Final Answer**\nThe modulus of the complex number $\\frac{1}{2} - \\frac{3}{8}i$ is $\\frac{5}{8}$.\n\nFinal Answer: $\\boxed{\\frac{5}{8}}$",
    "metrics": {
        "length": 2052,
        "has_latex": true
    },
    "validation_response": null
}