{
    "problem": "Find the smallest possible value of the expression $$\\frac{(a+b)^2+(b-c)^2+(c-a)^2}{b^2},$$where $b > c > a$ are real numbers, and $b \\neq 0.$",
    "solution": "### Problem Statement\nFind the smallest possible value of the expression\n$$E = \\frac{(a+b)^2+(b-c)^2+(c-a)^2}{b^2},$$\nwhere $a, b, c$ are real numbers such that $b > c > a$ and $b \\neq 0.$\nKey variables are $a, b, c$.\nConstraints are $b > c > a$ and $b \\neq 0$. We want to minimize the expression $E$.\n\n### Solution Strategy\nFirst, we simplify the expression by expanding the squares and combining like terms. Then we will use variable substitution to reduce the number of variables and constraints. We will then use calculus to find the minimum value of the simplified expression.\n\n### Step-by-Step Solution\n1. **Simplify the expression:**\n\\begin{align*} E &= \\frac{(a+b)^2+(b-c)^2+(c-a)^2}{b^2} \\\\ &= \\frac{(a^2+2ab+b^2) + (b^2-2bc+c^2) + (c^2-2ca+a^2)}{b^2} \\\\ &= \\frac{2a^2+2b^2+2c^2+2ab-2bc-2ca}{b^2} \\\\ &= \\frac{2(a^2+b^2+c^2+ab-bc-ca)}{b^2} \\\\ &= 2 \\left( \\frac{a^2}{b^2} + \\frac{b^2}{b^2} + \\frac{c^2}{b^2} + \\frac{ab}{b^2} - \\frac{bc}{b^2} - \\frac{ca}{b^2} \\right) \\\\ &= 2 \\left( \\left(\\frac{a}{b}\\right)^2 + 1 + \\left(\\frac{c}{b}\\right)^2 + \\frac{a}{b} - \\frac{c}{b} - \\frac{a}{b} \\frac{c}{b} \\right)\\end{align*}\n\n2. **Introduce new variables:**\nLet $x = \\frac{a}{b}$ and $y = \\frac{c}{b}$.\nSince $b > c > a$, dividing by $b$ (assuming $b > 0$, if $b < 0$, then $1 < \\frac{c}{b} < \\frac{a}{b}$ which means $1 < y < x$, but the expression is the same if we replace $a, b, c$ by $-a, -b, -c$, so we can assume $b > 0$ without loss of generality, or we can just consider the condition $\\frac{b}{b} > \\frac{c}{b} > \\frac{a}{b}$ which means $1 > y > x$ regardless of the sign of $b$).\nThe condition becomes $1 > y > x$.\nThe expression becomes\n$$E = 2(x^2 + 1 + y^2 + x - y - xy) = 2(x^2 + y^2 - xy + x - y + 1)$$\nLet $f(x, y) = x^2 + y^2 - xy + x - y + 1$. We want to minimize $2f(x, y)$ subject to $1 > y > x$.\n\n3. **Find critical points using partial derivatives:**\nTo find the minimum of $f(x, y)$, we compute the partial derivatives and set them to zero:\n$\\frac{\\partial f}{\\partial x} = 2x - y + 1 = 0$\n$\\frac{\\partial f}{\\partial y} = 2y - x - 1 = 0$\n\nFrom the first equation, $y = 2x + 1$.\nSubstitute this into the second equation:\n$2(2x + 1) - x - 1 = 0$\n$4x + 2 - x - 1 = 0$\n$3x + 1 = 0$\n$x = -\\frac{1}{3}$\nThen $y = 2x + 1 = 2(-\\frac{1}{3}) + 1 = -\\frac{2}{3} + 1 = \\frac{1}{3}$.\n\n4. **Check the condition and evaluate the expression:**\nWe check if the critical point $(x, y) = (-\\frac{1}{3}, \\frac{1}{3})$ satisfies the condition $1 > y > x$:\n$1 > \\frac{1}{3} > -\\frac{1}{3}$. This condition is satisfied.\n\nNow we evaluate $f(x, y)$ at this critical point:\n$f(-\\frac{1}{3}, \\frac{1}{3}) = (-\\frac{1}{3})^2 + (\\frac{1}{3})^2 - (-\\frac{1}{3})(\\frac{1}{3}) + (-\\frac{1}{3}) - (\\frac{1}{3}) + 1$\n$= \\frac{1}{9} + \\frac{1}{9} + \\frac{1}{9} - \\frac{1}{3} - \\frac{1}{3} + 1$\n$= \\frac{3}{9} - \\frac{2}{3} + 1 = \\frac{1}{3} - \\frac{2}{3} + 1 = -\\frac{1}{3} + 1 = \\frac{2}{3}$.\n\nThe minimum value of $E = 2f(x, y)$ is $2 \\times \\frac{2}{3} = \\frac{4}{3}$.\n\n5. **Second derivative test for minimum:**\n$\\frac{\\partial^2 f}{\\partial x^2} = 2$\n$\\frac{\\partial^2 f}{\\partial y^2} = 2$\n$\\frac{\\partial^2 f}{\\partial x \\partial y} = -1$\n$D = \\frac{\\partial^2 f}{\\partial x^2} \\frac{\\partial^2 f}{\\partial y^2} - \\left(\\frac{\\partial^2 f}{\\partial x \\partial y}\\right)^2 = (2)(2) - (-1)^2 = 4 - 1 = 3 > 0$\nSince $\\frac{\\partial^2 f}{\\partial x^2} = 2 > 0$ and $D > 0$, the critical point is a local minimum. Since this is the only critical point and the function is a quadratic, it is the global minimum.\n\n6. **Verify with example:**\nLet $x = -\\frac{1}{3}$ and $y = \\frac{1}{3}$. Then $\\frac{a}{b} = -\\frac{1}{3}$ and $\\frac{c}{b} = \\frac{1}{3}$.\nChoose $b = 3$. Then $a = -1$ and $c = 1$.\nWe have $b = 3 > c = 1 > a = -1$, which satisfies the condition $b > c > a$.\n$E = \\frac{(a+b)^2+(b-c)^2+(c-a)^2}{b^2} = \\frac{(-1+3)^2+(3-1)^2+(1-(-1))^2}{3^2} = \\frac{2^2+2^2+2^2}{9} = \\frac{4+4+4}{9} = \\frac{12}{9} = \\frac{4}{3}$.\n\n### Final Answer\nFinal Answer: The final answer is $\\boxed{\\frac{4}{3}}$",
    "metrics": {
        "length": 3994,
        "has_latex": true
    },
    "validation_response": null
}