{
    "problem": "Let $x_1,$ $x_2,$ $\\dots,$ $x_{100}$ be real numbers such that $x_1 + x_2 + \\dots + x_{100} = 1$ and\n\\[\\frac{x_1}{1 - x_1} + \\frac{x_2}{1 - x_2} + \\dots + \\frac{x_{100}}{1 - x_{100}} = 1.\\]Find\n\\[\\frac{x_1^2}{1 - x_1} + \\frac{x_2^2}{1 - x_2} + \\dots + \\frac{x_{100}^2}{1 - x_{100}}.\\]",
    "solution": "### 1. Problem Statement\nGiven real numbers $x_1, x_2, \\dots, x_{100}$ such that their sum is 1, i.e., $x_1 + x_2 + \\dots + x_{100} = 1$, and the sum of the fractions $\\frac{x_i}{1 - x_i}$ for $i = 1, 2, \\dots, 100$ is also 1, i.e., $\\frac{x_1}{1 - x_1} + \\frac{x_2}{1 - x_2} + \\dots + \\frac{x_{100}}{1 - x_{100}} = 1$. We need to find the value of the sum $\\frac{x_1^2}{1 - x_1} + \\frac{x_2^2}{1 - x_2} + \\dots + \\frac{x_{100}^2}{1 - x_{100}}$.\nKey variables: $x_1, x_2, \\dots, x_{100}$.\nConstraints:\n1. $\\sum_{i=1}^{100} x_i = 1$\n2. $\\sum_{i=1}^{100} \\frac{x_i}{1 - x_i} = 1$\nTarget expression: $\\sum_{i=1}^{100} \\frac{x_i^2}{1 - x_i}$\n\n### 2. Solution Strategy\nWe will try to express the target expression in terms of the given expressions. We will manipulate the term $\\frac{x_i^2}{1 - x_i}$ algebraically to relate it to $\\frac{x_i}{1 - x_i}$ and $x_i$. We will use the property of summation to find the value of the target expression using the given constraints.\n\nRelevant formulas/theorems:\n- Algebraic manipulation of fractions.\n- Summation properties: $\\sum (a_i + b_i) = \\sum a_i + \\sum b_i$.\n\n### 3. Step-by-Step Solution\nWe start by manipulating the expression $\\frac{x_i^2}{1 - x_i}$:\n\\[\\frac{x_i^2}{1 - x_i} = \\frac{x_i^2 - x_i + x_i}{1 - x_i} = \\frac{x_i(x_i - 1) + x_i}{1 - x_i} = \\frac{-x_i(1 - x_i) + x_i}{1 - x_i} = \\frac{-x_i(1 - x_i)}{1 - x_i} + \\frac{x_i}{1 - x_i} = -x_i + \\frac{x_i}{1 - x_i} = \\frac{x_i}{1 - x_i} - x_i.\\]\nThus, we have $\\frac{x_i^2}{1 - x_i} = \\frac{x_i}{1 - x_i} - x_i$.\nNow, we sum this expression from $i = 1$ to $100$:\n\\[\\sum_{i=1}^{100} \\frac{x_i^2}{1 - x_i} = \\sum_{i=1}^{100} \\left( \\frac{x_i}{1 - x_i} - x_i \\right).\\]\nUsing the summation property, we can split the sum:\n\\[\\sum_{i=1}^{100} \\frac{x_i^2}{1 - x_i} = \\sum_{i=1}^{100} \\frac{x_i}{1 - x_i} - \\sum_{i=1}^{100} x_i.\\]\nWe are given the values of both sums on the right-hand side. From the problem statement, we know that $\\sum_{i=1}^{100} \\frac{x_i}{1 - x_i} = 1$ and $\\sum_{i=1}^{100} x_i = 1$.\nSubstituting these values, we get:\n\\[\\sum_{i=1}^{100} \\frac{x_i^2}{1 - x_i} = 1 - 1 = 0.\\]\n\n### 4. Final Answer\nFinal Answer: The final answer is $\\boxed{0}$",
    "metrics": {
        "length": 2161,
        "has_latex": true
    },
    "validation_response": null
}