{
    "problem": "For each value of $x,$ $f(x)$ is defined to be the minimum value of the three numbers $2x + 2,$ $\\frac{1}{2} x + 1,$ and $-\\frac{3}{4} x + 7.$  Find the maximum value of $f(x).$",
    "solution": "## Solution\n\n1. **Problem Statement**\n\nFind the maximum value of the function $f(x),$ where $f(x)$ is defined as the minimum of the following three linear functions:\n   - $g(x) = 2x + 2$\n   - $h(x) = \\frac{1}{2} x + 1$\n   - $k(x) = -\\frac{3}{4} x + 7$\n\nWe need to find the value of $\\max_{x} f(x).$\n\nKey variables and constraints:\n- $f(x) = \\min(2x + 2, \\frac{1}{2} x + 1, -\\frac{3}{4} x + 7)$\n- We want to maximize $f(x)$ over all real values of $x.$\n\n2. **Solution Strategy**\n\nThe function $f(x)$ is the minimum of three linear functions. The graph of $f(x)$ will be piecewise linear and concave. The maximum value of $f(x)$ will occur at one of the points where two of the linear functions are equal, i.e., at the intersection points of the lines $y = 2x + 2,$ $y = \\frac{1}{2} x + 1,$ and $y = -\\frac{3}{4} x + 7.$\nWe need to find the intersection points of each pair of lines and evaluate $f(x)$ at these points. The maximum of these values will be the maximum value of $f(x).$\n\n3. **Step-by-Step Solution**\n\nFirst, find the intersection points of each pair of lines:\n- Intersection of $g(x) = 2x + 2$ and $h(x) = \\frac{1}{2} x + 1:$\n  $2x + 2 = \\frac{1}{2} x + 1$\n  $\\frac{3}{2} x = -1$\n  $x_1 = -\\frac{2}{3}$\n  At $x_1 = -\\frac{2}{3},$ $y_1 = 2(-\\frac{2}{3}) + 2 = -\\frac{4}{3} + 2 = \\frac{2}{3}.$\n  Intersection point is $(-\\frac{2}{3}, \\frac{2}{3}).$\n\n- Intersection of $g(x) = 2x + 2$ and $k(x) = -\\frac{3}{4} x + 7:$\n  $2x + 2 = -\\frac{3}{4} x + 7$\n  $\\frac{11}{4} x = 5$\n  $x_2 = \\frac{20}{11}$\n  At $x_2 = \\frac{20}{11},$ $y_2 = 2(\\frac{20}{11}) + 2 = \\frac{40}{11} + \\frac{22}{11} = \\frac{62}{11}.$\n  Intersection point is $(\\frac{20}{11}, \\frac{62}{11}).$\n\n- Intersection of $h(x) = \\frac{1}{2} x + 1$ and $k(x) = -\\frac{3}{4} x + 7:$\n  $\\frac{1}{2} x + 1 = -\\frac{3}{4} x + 7$\n  $\\frac{5}{4} x = 6$\n  $x_3 = \\frac{24}{5}$\n  At $x_3 = \\frac{24}{5},$ $y_3 = \\frac{1}{2} (\\frac{24}{5}) + 1 = \\frac{12}{5} + \\frac{5}{5} = \\frac{17}{5}.$\n  Intersection point is $(\\frac{24}{5}, \\frac{17}{5}).$\n\nNow, we evaluate $f(x)$ at these intersection x-coordinates and compare the y-coordinates:\n- At $x_1 = -\\frac{2}{3},$ $f(-\\frac{2}{3}) = \\min(g(-\\frac{2}{3}), h(-\\frac{2}{3}), k(-\\frac{2}{3})) = \\min(\\frac{2}{3}, \\frac{2}{3}, \\frac{15}{2}) = \\frac{2}{3}.$\n- At $x_2 = \\frac{20}{11},$ $f(\\frac{20}{11}) = \\min(g(\\frac{20}{11}), h(\\frac{20}{11}), k(\\frac{20}{11})) = \\min(\\frac{62}{11}, \\frac{21}{11}, \\frac{62}{11}) = \\frac{21}{11}.$\n- At $x_3 = \\frac{24}{5},$ $f(\\frac{24}{5}) = \\min(g(\\frac{24}{5}), h(\\frac{24}{5}), k(\\frac{24}{5})) = \\min(\\frac{58}{5}, \\frac{17}{5}, \\frac{17}{5}) = \\frac{17}{5}.$\n\nWe need to compare $\\frac{2}{3},$ $\\frac{21}{11},$ and $\\frac{17}{5}.$\nConvert to common denominator $3 \\times 11 \\times 5 = 165.$\n$\\frac{2}{3} = \\frac{2 \\times 55}{3 \\times 55} = \\frac{110}{165}.$\n$\\frac{21}{11} = \\frac{21 \\times 15}{11 \\times 15} = \\frac{315}{165}.$\n$\\frac{17}{5} = \\frac{17 \\times 33}{5 \\times 33} = \\frac{561}{165}.$\n\nComparing the numerators, $110 < 315 < 561.$\nThus, $\\frac{2}{3} < \\frac{21}{11} < \\frac{17}{5}.$\nThe maximum value of $f(x)$ is $\\frac{17}{5}.$\n\n4. **Final Answer**\n\nFinal Answer: The final answer is $\\boxed{\\frac{17}{5}}$",
    "metrics": {
        "length": 3169,
        "has_latex": true
    },
    "validation_response": null
}