{
    "problem": "The function $f(x)$ satisfies\n\\[f(xy) = \\frac{f(x)}{y}\\]for all positive real numbers $x$ and $y.$  If $f(30) = 20,$ find $f(40).$",
    "solution": "## Problem Solution\n\n### 1. Problem Statement\nThe problem is given as follows:\nThe function $f(x)$ satisfies the functional equation\n\\[f(xy) = \\frac{f(x)}{y}\\]\nfor all positive real numbers $x$ and $y.$  Given that $f(30) = 20,$ we need to find the value of $f(40).$\n\nKey variables and constraints:\n- Function $f(x)$ is defined for positive real numbers.\n- Functional equation: $f(xy) = \\frac{f(x)}{y}$\n- Given value: $f(30) = 20$\n- Target value: $f(40)$\n\n### 2. Solution Strategy\nWe will use the given functional equation to relate $f(40)$ to $f(30).$ We want to express $40$ as a product of $30$ and some positive real number $y.$  Once we have such a representation, we can apply the functional equation directly to find $f(40)$ in terms of $f(30).$\n\nRelevant formulas:\n- Functional equation: $f(xy) = \\frac{f(x)}{y}$\n\n### 3. Step-by-Step Solution\nTo find $f(40)$ using the given information $f(30) = 20$ and the functional equation $f(xy) = \\frac{f(x)}{y},$ we need to express $40$ in the form $30 \\times y$ for some positive real number $y.$\nWe can write $40 = 30 \\times y.$\nSolving for $y,$ we get $y = \\frac{40}{30} = \\frac{4}{3}.$\nSince $y = \\frac{4}{3}$ is a positive real number, we can use the functional equation with $x = 30$ and $y = \\frac{4}{3}.$\nSubstituting $x = 30$ and $y = \\frac{4}{3}$ into the functional equation $f(xy) = \\frac{f(x)}{y},$ we get\n\\[f\\left(30 \\times \\frac{4}{3}\\right) = \\frac{f(30)}{\\frac{4}{3}}.\\]\nSince $30 \\times \\frac{4}{3} = 40,$ the equation becomes\n\\[f(40) = \\frac{f(30)}{\\frac{4}{3}}.\\]\nWe are given that $f(30) = 20.$  Substituting this value into the equation, we get\n\\[f(40) = \\frac{20}{\\frac{4}{3}}.\\]\nTo simplify the expression, we divide 20 by $\\frac{4}{3},$ which is equivalent to multiplying 20 by the reciprocal of $\\frac{4}{3},$ which is $\\frac{3}{4}.$\n\\[f(40) = 20 \\times \\frac{3}{4} = \\frac{20 \\times 3}{4} = \\frac{60}{4} = 15.\\]\nThus, $f(40) = 15.$\n\nTo verify the answer, we can check if the function $f(x) = \\frac{c}{x}$ satisfies the functional equation.\nIf $f(x) = \\frac{c}{x},$ then $f(xy) = \\frac{c}{xy}.$\nAlso, $\\frac{f(x)}{y} = \\frac{c/x}{y} = \\frac{c}{xy}.$\nSo, $f(xy) = \\frac{f(x)}{y}$ is satisfied.\nGiven $f(30) = 20,$ we have $\\frac{c}{30} = 20,$ so $c = 20 \\times 30 = 600.$\nTherefore, $f(x) = \\frac{600}{x}.$\nThen $f(40) = \\frac{600}{40} = \\frac{60}{4} = 15.$\nThis confirms our answer.\n\n### 4. Final Answer\nFinal Answer: The final answer is $\\boxed{15}$",
    "metrics": {
        "length": 2425,
        "has_latex": true
    },
    "validation_response": null
}